source_job_id,title,company,rate,province,segment,hours_per_week,start_date,end_date,description_original,hard_requirements,wishes,status,change_type
kostendeskundigecost-engineer,Kostendeskundige/cost engineer,Rijkswaterstaat (RWS),max €92 per uur,Utrecht,ICT Informatievoorziening,40 uur per week,01 oktober 2026,31 oktober 2027,"Functie-omschrijving Voor Rijkswaterstaat in Utrecht zijn wij op zoek naar een Kostendeskundige/Cost Engineer; Grote civiele infrastructuurprojecten binnen Rijkswaterstaat, waarschijnlijk gerelateerd aan het A27-traject waarbij wordt samengewerkt met Bouwcombinatie De Groene Waarden Kantoordagen/Hybride: Verwachting is hybride werken, met regelmatige aanwezigheid in Utrecht en/of op projectlocaties voor afstemming met projectteams en aannemers. Er wordt een redelijke mate van flexibiliteit wenselijk geacht. LET OP: Voorafgaand aan het aanbieden van een kandidaat dienen onderstaande voorwaarden volledig te worden nageleefd. Het niet voldoen aan één of meerdere voorwaarden resulteert in onmiddellijke uitsluiting van deelname aan toekomstige aanvragen van Rijkswaterstaat: • Bij voldoende aanbod zullen wij de rol eerder sluiten dan de aangegeven deadline in de portal. Biedt dus zsm een geschikte kandidaat aan; • Aanbiedingen van kandidaten worden beoordeeld op eisen en wensen. Voldoet een kandidaat niet aan een eis, dan komt hij/zij niet in aanmerking voor de opdracht. In het CV dienen zowel de eisen als de wensen, inclusief de mate waarin hieraan wordt voldaan, expliciet te worden vermeld; • Bij voortijdige beëindiging geldt dat een opzegtermijn van minimaal 1 maand in acht wordt genomen; • Vul alle gegevens van de kandidaat correct in. Bij het voorstellen van een kandidaat dient het CV in PDF-formaat te worden aangeleverd, voorzien van voor- en achternaam. Daarnaast dient bij 'woonplaats' de actuele woonplaats van de kandidaat te worden ingevuld. Deze gegevens worden door de klant ontvangen bij de aanbieding; • AVG: geen foto’s of persoonsgegevens, geen leveranciersgegevens; alleen bedrijfsnaam en logo toegestaan; • Vermeld het e-mailadres van de kandidaat in de motivatie. Dit is noodzakelijk om de kandidaat bij de klant aan te kunnen bieden; zonder e-mailadres kunnen wij de aanbieding niet verwerken • het is niet toegestaan om boven het max tarief aan te bieden, kandidaten die boven het max tarief aangeboden worden zullen wij moeten afwijzen; • Graag alleen kandidaten voorstellen die de Nederlandse taal beheersen. Rijkswaterstaat is de uitvoeringsorganisatie van het ministerie van Infrastructuur en Waterstaat en werkt dagelijks aan een veilig, leefbaar en bereikbaar Nederland. Opdrachtomschrijving Je wordt onderdeel van het kostendeskundige team van 1 of meerdere projectteams. Waar van meerwaarde zal de kandidaat gevraagd worden aan te sluiten bij overleggen van de Kostenpool Rijkswaterstaat. Onderdeel van de werkzaamheden is het beoordelen van aannemersbegrotingen, geven van adviezen op het gebied van kosten en ramingen. Je ontwikkelt kostenproducten, zoals ramingen, modellen en business cases, en biedt advies over complexe projectvraagstukken. Daarnaast toets je kostenproducten geleverd door externe partijen en draag je bij aan de kennisontwikkeling binnen ons team. Samen met het team ben je verantwoordelijk voor het gehele proces van voorbereiding tot evaluatie en verbetering. Resultaat opdracht Je wordt onderdeel van het kostendeskundige team van een projectteam. Welke projecten dit zijn zal in overleg bepaald worden. Dit is afhankelijk van her prioritering van projecten. Als kostendeskundige heb je onder andere de volgende taken: - ontwikkelen van kostenproducten bij beslismomenten - adviseren over projectvraagstukken, aanbestedingen, wijzigingen en kostenbeheersing - beoordelen van kostenproducten geleverd door externe partijen - het opzetten, uitvoeren, evalueren en bijsturen van kostenproducten in het project, zowel inhoud als proces - samenwerken met collega's, waaronder kostenadviseurs, kostenspecialisten en kostenanalisten - deelname aan de kostentafel, inkooptafel, en diverse ander overlegorganen om op de hoogte te blijven van de ontwikkelingen in het project Leiding en toezicht Aansturing door afdelingshoofd Kostenpool, RWS. Dagelijkse aansturing en samenwerking met kostenadviseur van RWS op het project en IPM (integraal projectmanagement) team op locatie. Meest essentiële competenties - Kennis: civiel technische kennis en/of werktuigbouwkunde. - Kennis: SSK-systematiek, inclusief analyseren probabilistische resultaten (Monte Carlo). - Communicatie vaardigheden: in gesprek kunnen gaan met aannemer (Bouwcombinatie De Groene Waarden) en het projectteam. - Overtuigingskracht: het standpunt kunnen verdedigen/ overbrengen vanuit opdrachtgeversrol. - Samenwerking: gericht op samenwerking in teamverband. Eisen 1. Kandidaat beschikt aantoonbaar over minimaal 3 jaren kennis van en werkervaring als kostendeskundige/cost engineer. 2. Kandidaat beschikt aantoonbaar over minimaal een relevante technische kennis op HBO/WO niveau. Bijvoorbeeld een opleiding civiele techniek of werktuigbouwkunde of aantoonbare werkervaring van minimaal 3 jaar in het vakgebied. Wensen 1. Mate waarin de kandidaat beschikt over aantoonbare kennis van en ervaring met verschillende contractvormen (bv 2 fasen contract). 2. Mate waarin de kandidaat beschikt over aantoonbare kennis van en ervaring met de functie van kostendeskundige en is breed inzetbaar. (toetsbaar op basis van cv, motivatiebrief en/of mogelijk sollicitatiegesprek). 3. Mate waarin de kandidaat beschikt over de genoemde competenties en vaardigheden (toetsbaar op basis van cv, motivatiebrief en/of mogelijk sollicitatiegesprek).","[""Kandidaat beschikt aantoonbaar over minimaal 3 jaren kennis van en werkervaring als kostendeskundige/cost engineer."", ""Kandidaat beschikt aantoonbaar over minimaal een relevante technische kennis op HBO/WO niveau. Bijvoorbeeld een opleiding civiele techniek of werktuigbouwkunde of aantoonbare werkervaring van minimaal 3 jaar in het vakgebied.""]","[""Mate waarin de kandidaat beschikt over aantoonbare kennis van en ervaring met verschillende contractvormen (bv 2 fasen contract)."", ""Mate waarin de kandidaat beschikt over aantoonbare kennis van en ervaring met de functie van kostendeskundige en is breed inzetbaar. (toetsbaar op basis van cv, motivatiebrief en/of mogelijk sollicitatiegesprek)."", ""Mate waarin de kandidaat beschikt over de genoemde competenties en vaardigheden (toetsbaar op basis van cv, motivatiebrief en/of mogelijk sollicitatiegesprek).""]",open,new
production-engineer-10,Production engineer,Nederlandse Spoorwegen,max €75 per uur,Noord-Holland,ICT Informatievoorziening,36 uur per week,21 oktober 2026,20 oktober 2027,"Dit ga je doen Jij zorgt er als Production Engineer voor dat de productieprocessen optimaal op orde zijn, zodat het moderniseringsbedrijf in Haarlem in staat is technisch uitmuntende treinen op tijd aan te leveren voor opname in de reizigersdienstregeling. Je bereidt productieprocessen van het Toeleverbedrijf voor en ondersteunt bij de voorbereiding. Bij de afdeling Production Engineering houdt dit in dat je in het ontwerptraject spart met engineers over de maakbaarheid van het productontwerp, waarna jij de werkvoorbereiding en procesinrichting opbouwt voor de productiewerkzaamheden. Je werkzaamheden zijn: Schrijven van de werkinstructies aan de hand van revisie; Opbouwen van de productiestuklijsten in het ERP systeem; Zorgen voor de technische ondersteuning van het productieproces; Afstemming van de uitvoering van de werkzaamheden met de productieleider en medewerkers; Zorgen voor de juiste inrichting van de 6 M's (Mens, Machine, Materiaal, Methode, Middelen en Milieu); Zorgen dat de werkzaamheden op de gekozen productielocatie afgestemd worden.Tijdens de productie ben jij de spin in het web met betrekking tot de omliggende ondersteunende afdelingen; Je bent optioneel bezig met de livegang van het nieuwe systeem Infor. Hier ga je werken Het Toeleverbedrijf is onderdeel van NS Operatie en een belangrijke leverancier aan technische NS locaties. Het is een complete productie omgeving met veel technische variatie, waar niet alleen gewerkt wordt met hout, maar ook met metaal, grit- en spuitcabines. Op deze afdelingen kunnen allerlei onderdelen gemaakt worden voor treinen. (denk bijvoorbeeld aan onderdelen van het interieur, omkleuren en assembleren exterieurdeuren en treeplanken). Om deze productie te kunnen draaien maakt het Toeleverbedrijf gebruik van zeer diverse outillage zoals verspaningsmachines, lasersnijders, draaibanken en freesmachines. Kortom: een zeer gevarieerde omgeving! De afdeling production ondersteuning bestaat uit ongeveer 9 medewerkers. Projecten bereid je zelfstandig voor of in een team met collega’s, afhankelijk van de grootte van het project. De standplaats voor jouw werkzaamheden is Haarlem. De afdeling begint tussen 07:00 en 08:00 uur 's ochtends en stopt tussen 15:30 en 16:30 uur 's middags. Momenteel werken we niet in een avonddienst. De verwachting is wel dat dit vanaf oktober 2026 voor een periode nodig zal zijn. Er zal dan volgens een beschikbaarheidsdienst gewerkt worden en wordt er van je verwacht dat je eens in de 6 weken een avonddienst (15:20 tot 23.35 uur) draait. Het is mogelijk om deze beschikbaarheidsdienst vanuit huis te werken. Er kunnen hier geen uren voor worden gefactureerd, we rekenen hier tijd voor tijd voor. Deze opdracht is alleen geschikt voor kandidaten die in loondienst zijn en waarvoor loonbelasting en premies volks- en werknemersverzekeringen (WW, WAO, WIA en ZW) worden afgedragen. Deze opdracht is niet geschikt voor zelfstandig ondernemers en professionals (waaronder zzp’ers) die zichzelf uitlenen. Deze opdracht is ook niet geschikt voor de directeur-grootaandeelhouder die niet is verzekerd voo de werknemersverzekeringen. Ik verklaar dat de aangeboden kandidaat geen zelfstandig professional is, ook niet via een doorleenconstructie. Dit zijn de eisen Minimaal een HBO diploma in technische richting; Aantoonbare werkervaring in een vergelijkbare relevante functie zoals bijvoorbeeld werkvoorbereider; Kennis en ervaring met logistieke (ERP) systemen en het lezen van 2D en 3D tekeningen; Je hebt ervaring met Infor (met name bij livegang van Infor) of een ander ERP systeem; Kennis van de LEAN principes is pre; Je hebt een groot inlevingsvermogen en weet collega’s te overtuigen met jouw plannen en ideeën; Je werkt goed samen met collega’s uit alle disciplines en bent klantgericht naar productiemedewerkers; Je toont initiatief bij het ophalen en doorgeven van informatie, waarbij je een groot leervermogen hebt in het oppakken van nieuwe zaken; Je bent creatief in het zoeken naar oplossingen en weet de juiste prioriteiten te stellen en gedreven om processen continu te blijven verbeteren; Als production engineer schrijf je de werkinstructies, dus we vinden het belangrijk dat je de Nederlandse taal beheerst in woord en geschrift; Je bent beschikbaar om eens per 6 weken een beschikbaarheidsdienst te draaien (van 15:20 tot 23:35 uur). Voor deze uren kunnen geen uren worden gefactureerd, we rekenen hiervoor tijd voor tijd. Op NS kun je rekenen Werken bij NS betekent dat jij hét verschil kunt maken in de wereld van duurzame mobiliteit. Jij helpt mee om Nederland bereikbaar te houden, voor iedereen. Bij NS krijg je veel vrijheid. We beloven je dat geen dag hetzelfde is. De kernwaarden van NS zijn open en betrouwbaar. Wij gaan voor resultaat en willen vooruit.","[""Je beschikt over minimaal een HBO diploma in technische richting."", ""Je beschikt over aantoonbare werkervaring in een vergelijkbare relevante functie zoals bijvoorbeeld werkvoorbereider."", ""Je beschikt over kennis en ervaring met logistieke (ERP) systemen en het lezen van 2D en 3D tekeningen."", ""Je hebt een goede beheersing (zowel mondeling als schriftelijk) van de Nederlandse taal.""]","[""Je beschikt over kennis van de LEAN principes."", ""Je beschikt over ervaring met Infor (met name bij livegang van Infor) of een ander ERP systeem.""]",open,new
sr-beheerder-ict-mo,Sr beheerder ict mo,Ministerie van Defensie,,Utrecht,ICT Informatievoorziening,40 uur per week,01 december 2026,30 november 2028,"Opdrachtbeschrijving De unit Management Omgeving (MO) is verantwoordelijk voor de instandhouding en doorontwikkeling van het monitoring platform. Dit monitoring platform is nodig voor het dagelijks monitoren van de Defensie netwerkinfrastructuur en zorgt ervoor dat het ITOC (IT Operation Center) de juiste alarmen (events) krijgt bij verstoringen in het totale ICT-landschap van defensie. Als allround applicatiebeheerder zorg jij samen met de rest van het team voor een goed beheer van het monitoring platform en integraties met omringende platforms. De monitoring oplossing is met name gebaseerd op software van IBM (Omnibus, Impact, Network Manager, DB2, Cognos) en Dynatrace.en; Als onderdeel van het team ben je verantwoordelijk voor onder andere de volgende taken: - Tivoli Suite/Netcool ervaring (must have!) - werkvoorbereiding; - standaard applicatiebeheerwerkzaamheden; - installeren en configureren software; - upgrade en patchen servers; - ondersteunen van de Sr Productspecialist / Functioneel beheerders; - signaleren, onderzoeken en verhelpen van problemen / knelpunten; - uitvoeren van wijzigingen binnen het applicatie landschap volgens het ASL / ITIL proces; - implementeren van nieuwe software releases (COTS / Open Source); - verzorgen van integraties / koppelingen tussen verschillende platformen; - voeren van capaciteitsbeheer: meten en analyseren van beschikbare capaciteit; - verlenen van advies of bijdrage in projecten binnen de afdeling; - het bijhouden van en inspelen op de technische ontwikkeling van de tooling; - het opstellen en bijhouden van documentatie (installatie / configuratie / user manuals / werkinstructies); - communiceren met de gebruikers over functionaliteiten, prestaties en planning; - nauw samenwerken met andere organisatie units om de optimale dienstverlening naar de klant te kunnen waarborgen; Achtergrond opdracht De unit MO (bouwblok C2IM) is de integrale beheeromgeving van het netwerkbedrijf binnen het Ministerie van Defensie en verzorgt de implementatie en integratie van Monitor-tooling voor bewaking en bediening van netwerkelementen vanuit de Centrale Beheer Omgeving (CenBO). De beheeromgeving bestaat onder andere uit het volgende IT-landschap: IBM Tivoli Suite (Omnibus, Impact, Cognos, WebGUI) en Dynatrace. Eisen eCF-profiel: Data Specialist Referentie Gebied: 3.1.7 DATABASEBEHEER Deze opdracht is gebaseerd op het European e-Competence Framework (e-CF). Dit is een Europese standaard voor het beschrijven van IT-competenties en het bijbehorende niveau van verantwoordelijkheid. Het eCF-profiel geeft aan welke competenties en op welk niveau (e-1 t/m e-5) van de kandidaat verwacht worden. Wij verwachten dat kandidaten in hun cv duidelijk aantonen dat zij over deze competenties beschikken. Dit kan door per relevante opdracht of functie te beschrijven: welke rol de kandidaat vervulde welke werkzaamheden en verantwoordelijkheden daarbij hoorden in welke mate deze aansluiten op de gevraagde eCF-competenties en het niveau Cv’s waarin de gevraagde eCF-competenties niet aantoonbaar terugkomen, kunnen niet volledig worden beoordeeld op geschiktheid. Kandidaat heeft minimaal 3 jaar aantoonbare werkervaring met het gekozen eCF profiel soortelijke functie. Generieke beschrijving competentie gebied en niveau's Analyseert, specificeert, actualiseert en stelt een model ter beschikking om toepassingen te implementeren in overeenstemming met het IS-beleid en de behoeften van gebruikers / klanten. Selecteert de juiste technische opties voor het ontwerp van de toepassing en optimaliseert de balans tussen kosten en kwaliteit. Ontwerpt datastructuren en bouwt systeemstructuurmodellen volgens analyseresultaten door modelleringstalen. Zorgt ervoor dat bij alle aspecten rekening wordt gehouden met interoperabiliteit, bruikbaarheid en veiligheid. Identificeert een gemeenschappelijk referentiekader om de modellen met representatieve gebruikers te valideren, gebaseerd op ontwikkelingsmodellen (bijv. Iteratieve benadering). Samenvattende opgave en missie Zorgt voor de implementatie van het gegevensbeheerbeleid van de organisatie.Zorgt voor activabescherming door het verstrekken van schone, consistente en kwaliteitsvolle gegevens. Handhaaft de integriteit van gegevens, slaat en zoekt gegevens op en ondersteunt de presentatie van gegevensanalyse. Taken • Datamodellen definiëren, bouwen en optimaliseren • Bescherm proactief de vertrouwelijkheid en veiligheid van gegevens • Zorg voor ondersteuning van de gegevenslevenscyclus • Curate en archiveer gegevens • Adviseren over geschikte data-analysemethoden • Zorg voor gegevenskwaliteit en integriteit • Zorg voor datakwaliteit en naleving van wettelijke normen","[""Kandidaat heeft minimaal 3 jaar aantoonbare werkervaring met het gekozen eCF profiel soortelijke functie."", ""Tivoli Suite/Netcool ervaring""]","[""Kandidaat heeft bij voorkeur meer dan aangegeven eis aantoonbare werkervaring met de gevraagde functie binnen het eCF profiel."", ""Kandidaat heeft bij voorkeur aantoonbare werkervaring met Linux""]",open,new
data-analist-bedrijfsbureau-pgb-1,Data analist - bedrijfsbureau pgb,Sociale Verzekeringsbank,max €105 per uur,Utrecht,ICT Informatievoorziening,32 uur per week,01 november 2026,01 april 2027,"Drie redenen waarom dit jouw opdracht is Omdat je data analytics een warm hart todraagt en de voordelen en verdere ontwikkeling van professionele rapportages en analyses binnen PGB pro-actief met vakgenoten vormgeeft. We je de werkplek bieden met veel autonomie en verantwoordelijkheid, waar samenwerken met medewerkers, teamleiders, vakgenoten en MT voor op staat om elke dag beter te doen. Jij voelt als een vis in het water in een omgeving waar data analytics wordt ingezet vanuit een maatschappelijk relevante positie en gemeten vanuit de menselijke maat. Jij doet het Welkom bij de Sociale Verzekeringsbank (SVB) en niet gespecificeerd bij Dienstverlening Persoonsgebonden Budget (DPGB). Binnen het Bedrijfsbureau versterken wij ons tijdelijk (als vervanging van een data-analist) graag met een aantoonbaar ervaren Data-analist. Als Data Analist ondersteun je de operatie en specials door het verzorgen van rapportages en analyses en adviseur je het management. Je bent verantwoordelijk voor een accuraat managementinformatiesysteem en verzorgt de projectmatige ontwikkeling, coördinatie en productie van hoogwaardige analyses en rapportages om data te vertalen naar bruikbare stuurinformatie. Je speelt daarbij een actieve rol in het realiseren van datakwaliteit en -productie. Vanuit jouw rol lever je diverse data-analyses, rapportages en dashboards aan en biedt het inzicht in de ontwikkeling en voortgang vanuit een klant-, business-, en stakeholdersperspectief. Je neemt verantwoordelijkheid voor: Jij bent het Je bent klantgericht en hebt een drive om te vernieuwen en te verbeteren. Je zult jezelf voortdurend verbeteren en je staat open voor de veranderingen die ervoor moeten zorgen dat de operatie, de specials en het Bedrijfsbureau steeds beter worden. Jij hebt: HBO+/WO werk- en denkniveau; blijkt uit een relevante afgeronde opleiding Kennis van bedrijfsprocessen en het ketenproces binnen een organisatie van > 200 fte Minimaal 5 jaar ervaring in rapportage en analyse Goede kennis en vaardigheid in procesmanagement Goed begrip van databases Goede, Nederlandstalige, communicatieve en sociale vaardigheden De opbrengst van een echte teamplayer Ervaring met Excel (macro's, VBA en powerquery), Power BI, SQL Ervaring met scrum en agile werken is een pré Ervaring met operationalisering van speech to text is een pré Opdrachten anderen jou als: Analytisch sterk, uitstekend cijfermatig inzicht Kritische oordeelvormend Overtuigend Gericht op prestatiegericht samenwerken Iemand met een tactisch en bestuurlijk inzicht Het opdoen en systematisch van sterk inzicht in het operationele proces, planning en rapportageproces en procedures en systemen, middels het verzamelen van informatie en, om zo in staat te zijn om reportage-analyses te analyseren en advies uit te brengen op deze gebieden. Het bouwen en beheren van rapportagemodellen (zowel structureel als incidenteel) op een manier waarbij het functionele van de operationele processen gemakkelijk kan worden beoordeeld door de gebruikers van de rapportages, die ook benodigde input kunnen leveren voor de analyses. Het analyseert en functioneert van de operatie, gebaseerd op de rapportage output en modellen en de operationele processen, identificeert en communiceert sterke en mislukte punten en beperking over moeilijkheden en ingewikkeld. Adviseert verder over de impact van veranderingen, verbeteringen en implementatie van nieuwe werkstromen. Maakt standaard en ad-hoc prestatierapportages met betrekking tot de bezetting, servicelevels zoals tijdigheid en beantwoordingssnelheid en bereikbaarheid, ten behoeve van de Kritische Prestatie Indicatoren (KPI's); -Bij het aanbieden van een kandidaat op bovenstaande aanvraag is een doorleenconstructie niet toegestaan. De kandidaat dient in dienst te zijn bij uw organisatie. Als er wel sprake is van een extra schakel in de keten, zullen wij uw aanbieding niet in behandeling nemen en directe afwijzen. -Geldige VOG is nodig bij inzet, eerder starten is niet mogelijk. Aanvullende informatie Wanneer u bij ons als leverancier een professional aanbiedt en deze wordt geplaatst, hebben we informatie van u als contractpartij nodig, onder andere met betrekking tot de Wet keten- en inlenersaansprakelijkheid. De 'WKA' heeft als doel misbruik te voorkomen bij de afdracht van loonheffingen bij alle schakels in de keten; van leverancier tot opdrachtgever. Wij ontwerpen deze risico's voor onze opdrachtgevers van middels een geblokkeerde rekening, de G-rekening. Dit is een rekening waarop een deel van het factuurbedrag wordt gestort en waarvan u de loonheffingen en BTW kunt betalen aan de Belastingdienst. Het af te storten % hangt ervan af of u een SNA-certificering (NEN-4400-1 of NEN-4400-2) heeft of niet en of uw bedrijf in Nederland of daarbuiten is gevestigd. De G-rekening kunt u aanvragen bij de Belastingdienst. Als u geen G-rekening kunt krijgen (en u kunt hier een bewijs van de Belastingdienst van meerdere) dan heeft u ook de mogelijkheid elk kwartaal een accountantsverklaring (assurance report inzake inlening personeel) aan te leveren. Hierin zal een gecertificeerde accountant (AA of RA) een verklaring afgeven over de juistheid, volledigheid en tijdigheid van de afdrachten. Welnu, de kosten voor deze verklaring komen voor uw eigen rekening.","[""HBO+/WO werk- en denkniveau; blijkt uit een relevante afgeronde opleiding"", ""Kennis van bedrijfsprocessen en het ketenproces binnen een organisatie van > 200 fte"", ""Minimaal 5 jaar ervaring in rapportage en analyse"", ""Goede kennis en vaardigheid in procesmanagement"", ""Goed begrip van databases"", ""Goede, Nederlandstalige, communicatieve en sociale vaardigheden"", ""Geldige VOG is nodig bij inzet""]","[""Ervaring met Excel (macro's, VBA en powerquery), Power BI, SQL"", ""Ervaring met scrum en agile werken is een pr\u00e9"", ""Ervaring met operationalisering van speech to text is een pr\u00e9""]",open,new
bi-migratieconsultant-microsoft-power-bi-fabric,BI Migratieconsultant,UWV,max €122 per uur,Noord-Holland,ICT Informatievoorziening,38 uur per week,19 oktober 2026,18 oktober 2027,"UWV is op zoek naar een BI Consultant – Microsoft Power BI & Fabric voor de modernisering van het bestaande data- en BI-landschap. UWV beschikt over meerdere on-premises SQL Server omgevingen met SSIS, SSAS, SSRS en Power BI. Parallel hieraan wordt een nieuw data- en analyticsplatform gerealiseerd op Microsoft Azure met Microsoft Fabric, waarbij onder andere dbt, OneLake en Power BI Service worden ingezet. Als BI Consultant verbind je deze twee werelden: je analyseert, verbetert en migreert bestaande oplossingen gecontroleerd naar moderne cloud- en Fabric-technologie. Je werkt zowel aan de bestaande omgeving als aan de nieuwe inrichting en bepaalt welke onderdelen gemigreerd, gemoderniseerd, opnieuw ontworpen of uitgefaseerd worden. Je werkt nauw samen met data engineers, BI-specialisten en product owners van verschillende platforms. Analyseren van bestaande SQL Server-, SSIS-, SSAS-, SSRS- en Power BI-oplossingen. Ontsluiten, transformeren en modelleren van data binnen het bestaande en nieuwe dataplatform. Migreren van bestaande ETL- en datawarehouselogica naar Microsoft Fabric en dbt. Vertalen van bestaande SSIS-processen, stored procedures en SQL-logica naar moderne patronen. Ontwikkelen en onderhouden van dimensionele modellen, datamarts en semantische modellen. Moderniseren en migreren van SSAS/tabular modellen naar Power BI semantic models. Moderniseren van SSRS- en Power BI on-premises rapportages richting Power BI Service. Introductie en uitdragen van Git, CI/CD, code review en geautomatiseerd testen. Inrichten van datakwaliteitscontroles en technische validaties bij migraties. Ondersteunen bij migratieplanning en technische impactanalyses. Documenteren van bestaande oplossingen, migratiekeuzes en nieuwe standaarden. Overdragen van kennis en bijdragen aan professionalisering van data engineering en BI binnen UWV. Beoogde resultaten omvatten inzicht in technische werking en afhankelijkheden van bestaande BI-oplossingen, gemigreerde en gemoderniseerde datapijplijnen en datamodellen, herbruikbare dbt-modellen en ontwikkelstandaarden, gemigreerde semantische modellen en rapportages, aantoonbare aansluiting tussen oude en nieuwe gegevensverwerking, geautomatiseerde kwaliteits- en regressiecontroles en gedocumenteerde migratiepatronen voor hergebruik.","[""Aantoonbare betrokkenheid bij minimaal twee omgevingen met moderne Microsoft data- en cloudtechnologie (bijv. Azure Data Factory, Azure Synapse Analytics of Microsoft Fabric)."", ""Ervaring met Git, VS Code en CI/CD."", ""Afgeronde hbo-bacheloropleiding in Informatica, Business Intelligence, Software Engineering of vergelijkbare richting."", ""Aantoonbare betrokkenheid bij minimaal twee omgevingen met Microsoft SQL Server en traditionele Microsoft BI-technologie (SSIS, SSAS, SSRS)."", ""Minimaal vijf jaar relevante, recente ervaring als Data Engineer, BI Engineer, BI Consultant of vergelijkbare functie.""]","[""Ervaring met zowel Power BI Report Server/on-premises als Power BI Service."", ""Ervaring met migreren van SSAS Tabular-modellen, SSRS-rapportages of vergelijkbare BI-componenten naar moderne Power BI/Fabric-oplossingen."", ""Ervaring met migreren of moderniseren van een traditioneel SQL Server/SSIS/SSAS/SSRS-landschap."", ""Ervaring met dbt Core binnen minimaal \u00e9\u00e9n data-engineeringproject."", ""Ervaring met Microsoft Fabric (Lakehouse, Warehouse, OneLake en Fabric pipelines).""]",open,new
lead-engineer-uc-7,Lead engineer uc,Rechtspraak,,Utrecht,ICT Informatievoorziening,36 uur per week,01 oktober 2026,31 augustus 2027,"Opdrachtbeschrijving Je werkt bij de base Samenwerken, value team Unified Communications platform, als meewerkend voorman binnen het team Unified Communications. Dit team bestaat uit 5 technisch beheerders, 1 functioneel beheerder, 1 Service delivery manager, 2 externe UC specialisten, 1 product owner en 1 scrum master. Samen met je collega’s sta jij in voor de operationele dienstverlening en doorontwikkeling rondom digitale communicatie en samenwerking. Jij waarborgt de continuiteit van de video-, telefonie- en streaming-diensten en lost incidenten op. Hier valt zowel technisch en functioneel beheer onder. Als senior UC engineer (voice en video) en ervaren teamlead leid je de beheerders en zorgt ervoor dat alle diensten als een zonnetje draaien. Ook motiveer en aktiveer je de medecollega's. Maar daar houdt je werk zeker niet op. In nauwe samenwerking met de Service Delivery Manager geef je ook mee vorm aan innovatie en verandering. Hoe kunnen we onze diensten stroomlijnen en de UC&C eindgebruikers ervaring verbeteren en versimpelen? Hoe brengen we deze naar een hoger niveau? Je leid wekelijkse operationele/technische calls met het team en de leveranciers, brengt het beheer team samen met je Voice en Video kennis en zorgt voor structuur en werkverdeling. Je houd het overzicht en in samenwerking met de PO prioritiseer je het werk. Achtergrond opdracht De 2 externe UC specialisten gaan het komend jaar het team verlaten. Meerdere nieuwe diensten raken operationeel, zoals teams telefonie, Contactcenter, Nieuwe Online zitten videoplatform (Pexip) en nog veel meer. Aan jou om het team uit te lijnen op de nieuwe diensten en ontwikkelingen op technisch en operationeel vlak. Eisen MS Teams Pexip Ccaas Genesys cloud Pro-actief en assertief Senior UC Voice & Video engineering Wensen MS Teams, Pexip, Azure, Cisco CMS, Networking, Leiderschap, migraties naar cloud, agile werken, Jira, Confluence, Topdesk, Contact center, attendant console Minstens 3 dagen per week aanwezig op kantoor en werkt 5 dagen, vrijdag hele dag. Overig Hybride werken is mogelijk. Over het algemeen is er een 50/50 beleid en in overleg afwijking mogelijk. Wanneer u bij ons als leverancier een professional aanbiedt en deze wordt geplaatst, hebben we informatie van u als contractpartij nodig, onder andere met betrekking tot de Wet keten- en inlenersaansprakelijkheid. De ‘WKA’ heeft als doel om misbruik te voorkomen bij de afdracht van loonheffingen bij alle schakels in de keten; van leverancier tot opdrachtgever. Wij dekken deze risico’s voor onze opdrachtgevers af middels een geblokkeerde rekening, de G-rekening. Dit is een rekening waarop een gedeelte van het factuurbedrag wordt gestort en waarvan u de loonheffingen en BTW kunt betalen aan de Belastingdienst. Het af te storten % hangt ervan af of u een SNA-certificering (NEN-4400-1 of NEN-4400-2) heeft of niet en of uw bedrijf in Nederland of daarbuiten is gevestigd. De G-rekening kunt u aanvragen bij de Belastingdienst. Indien u geen G-rekening kunt krijgen (en u kunt hier bewijs van de Belastingdienst van overleggen) dan heeft u ook de mogelijkheid elk kwartaal een accountantsverklaring (assurance report inzake inlening personeel) aan te leveren. Hierin zal een gecertificeerd accountant (AA of RA) een verklaring afgeven over de juistheid, volledigheid en tijdigheid van de afdrachten. Let wel, de kosten voor deze verklaring komen voor uw eigen rekening.","[""Pexip"", ""Pro-actief en assertief"", ""MS Teams"", ""Senior UC Voice & Video engineering"", ""Ccaas Genesys cloud""]","[""Minstens 3 dagen per week aanwezig op kantoor en werkt 5 dagen, vrijdag hele dag."", ""MS Teams, Pexip, Azure, Cisco CMS, Networking, Leiderschap, migraties naar cloud, agile werken, Jira, Confluence, Topdesk, Contact center, attendant console""]",open,new
woo-specialist-5,Woo specialist,gemeente Eindhoven,max €78 per uur,Noord-Brabant,ICT Informatievoorziening,36 uur per week,02 oktober 2026,30 juni 2027,"Voor Gemeente Eindhoven zijn wij op zoek naar een Woo Specialist. Wil jij met jouw juridische kennis bijdragen aan meer transparantie binnen de gemeente? Dan hebben wij een mooie vacature! Jouw rol: Als Woo-specialist begeleid je het juridische proces van Woo-verzoeken. Je adviseert over de behandeling van verzoeken binnen alle sectoren van de gemeente. Steeds vaker is dat sectoroverstijgend en zijn de verzoeken complex. Door jouw communicatieve vaardigheden, staan we als gemeente op een goede manier in contact met verzoekers. We helpen hen snel aan de juiste informatie, zonder in te boeten aan zorgvuldigheid. Je adviseert en ondersteunt ook bij de actieve openbaarmaking binnen onze gemeente. • Je behandelt (sectoroverstijgende) Woo-verzoeken en begeleidt het proces van eerste contact met een verzoeker tot het besluit en eventueel bezwaar en beroep • Je ondersteunt en adviseert bij de (implementatie van) actieve openbaarmaking • Je draagt bij aan continue kwaliteitsverbetering van Woo-processen • Je stimuleert het (kwaliteits) bewustzijn binnen sectoren over de Wet open overheid, bijvoorbeeld door training en voorlichting • Je adviseert over nieuwe ontwikkelingen rond wetgeving m.b.t. openbaarheid Met wie doe je dat? Je bent onderdeel van het centrale Woo-bureau, onderdeel van de afdeling DIV van de gemeente Eindhoven. De inhoudelijke aansturing vindt plaats door de Woo-adviseur en projectleider voor de Woo. Verder heb je dagelijks contact met de Woo-medewerker en stem je af met collega’s en leidinggevenden in sectoren. Dit breng je mee: • Je hebt een hbo of wo opleiding rechten afgerond. • Je hebt grondige kennis van de Wet open overheid en tenminste basiskennis van aanverwante wet- en regelgeving zoals de AVG en de Archiefwet • Je hebt ervaring met de behandeling van Woo-verzoeken binnen een grote organisatie. Je weet goed overzicht en regie te voeren • Je bent communicatief zeer vaardig. Je kunt je goed verplaatsen in andere mensen, waardoor je goed kunt • begrijpen welke informatie voor iemand relevant is. Eventuele weerstand weet je goed om te buigen • Je zorgt ervoor dat je je doel bereikt, met oog voor je omgeving. Je kunt goed inschatten wanneer een informatieverzoek bestuurlijk gevoelig ligt en daarop acteren.","[""Je hebt een hbo of wo opleiding rechten afgerond."", ""Je hebt ervaring met de behandeling van Woo-verzoeken binnen een grote organisatie. Je weet goed overzicht en regie te voeren."", ""Je bent communicatief zeer vaardig. Je kunt je goed verplaatsen in andere mensen."", ""CV & Motivatie toegespitst op de opdracht, graag in het Nederlands aanleveren en in PDF-format."", ""Je hebt grondige kennis van de Wet open overheid en tenminste basiskennis van aanverwante wet- en regelgeving zoals de AVG en de Archiefwet."", ""Je kunt goed inschatten wanneer een informatieverzoek bestuurlijk gevoelig ligt en daarop acteren.""]","[""Het tarief is afhankelijk van de kennis en kunde van de kandidaat.""]",open,new
productowner-kernteam-data-smd-opdracht-fastlane,Productowner,UWV,max €117 per uur,Noord-Holland,ICT Informatievoorziening,36 uur per week,19 oktober 2026,19 februari 2027,"De opdrachtnemer ontwikkelt en implementeert het organisatorische en procesmatige fundament voor een toekomstbestendig Kernteam Data. Hierbij worden de huidige werkwijzen, verantwoordelijkheden, afhankelijkheden en besluitvormingsprocessen rondom data-opgaven geanalyseerd en vertaald naar een samenhangende inrichting van vraagsturing, prioritering en governance. De opdracht omvat het opzetten van een uniform intake- en prioriteringsproces voor data-initiatieven, het inrichten van een beheerbare data-backlog en het definiëren van een werkwijze voor het opstellen en onderhouden van een data-roadmap. Daarnaast zorgt de opdrachtnemer voor een duidelijke positionering van het Kernteam Data binnen de organisatie door de rollen, verantwoordelijkheden, samenwerking en afstemming met business, architectuur, informatieanalyse en data-engineering vast te leggen. De opdracht resulteert in een overdraagbaar werkmodel waarmee het Kernteam Data structureel in staat is om organisatiebrede data-opgaven te ondersteunen, de samenhang tussen datamodellering en data-architectuur te bewaken, prioriteiten transparant af te wegen en besluitvorming te versnellen. Het eindresultaat bestaat uit een vastgesteld governance- en samenwerkingsraamwerk, een ingerichte backlog- en roadmapstructuur en een implementatieadvies waarmee het Kernteam Data duurzaam en herkenbaar is gepositioneerd binnen de organisatie. **Over de klant:** **Let op!** UWV heeft eisen m.b.t. compliance documenten: Doorleen niet toegestaan Kandidaat mag afgelopen 12 maanden niet een dienstverband bij UWV hebben gehad Kandidaat mag maximaal 4 jaar gedetacheerd zijn geweest bij UWV, daarna geldt een onderbreking van minimaal 12 maanden voordat kandidaat opnieuw mag worden aangeboden Kandidaat mag geen Directeur-grootaandeelhouder (DGA) zijn Kandidaat mag niet middels een declarabele uren B.V. (waaronder o.a. Uniforce, Zelfpro en vrije werkers) bij het UWV werken G-rekening moet aanwezig zijn WAADI registratie verplicht Deta-vast aanvragen maken geen onderdeel uit van dit contract en worden niet via Circle8 gefaciliteerd **Let op!** Het UWV heeft eisen met betrekking tot acceptatie van CV's: CV aanleveren in Word (Let op! maximaal 7 pagina's) Motiveer waarom jij aan de eisen voldoet Puntsgewijze argumentatie voor zowel wensen als eisen Geen tarief vermelden in het CV CV zonder foto en adres, wel met woonplaats aanleveren Geen geboortedatum Geen persoonsgegevens alleen voor- & achternaam + woonplaats",[],"[""Het vertalen van businessbehoeften naar een heldere en geprioriteerde data-roadmap"", ""Het organiseren van effectieve afstemming tussen business stakeholders en betrokken vakdisciplines"", ""Het bewaken van de samenhang tussen datamodellering, data-architectuur en de strategische doelstellingen van de organisatie"", ""Het verminderen van versnippering en vertragingen in besluitvorming."", ""Het prioriteren van werkzaamheden op basis van waarde, impact en beschikbare capaciteit"", ""Het sturen op kwaliteit, doorlooptijd en realisatie van data-oplossingen""]",open,new
senior-informatieanalist-3,Senior Informatieanalist,Universitair Medisch Centrum Utrecht,max €111 per uur,Utrecht,ICT Informatievoorziening,36 uur per week,17 december 2026,16 december 2028,"De kandidaat zal landen bij BVI BV en in een periode van twee jaar analistenwerk uitvoeren ten behoeve van samenwerking met MIB. Er liggen diverse wensen die op korte termijn gerealiseerd moeten worden. Het team heeft de afgelopen jaren ingeleverd qua capaciteit en staat op minimale bezetting. Werkzaamheden Opstellen en beheren van financiële rapportages voor het management. Bijdragen aan kaderbrief doelstellingen. Werken binnen data- en BI-omgevingen met Cognos, Datawarehouse, ETL, UML en SQL. Documenteren en samenwerken in Confluence, inclusief datamodellering. Werken volgens Agile/Scrum-methodiek in sprints. Randvoorwaarden en werkomgeving Werkweek van 36 uur met verplichte kantoordag op maandag en vaak ook woensdag in Utrecht. Hybride werken is mogelijk; deels thuiswerken en deels op kantoor. Geen piketdienst. Essentie van de opdracht De ideale kandidaat luistert goed, stelt de juiste vragen en kan snel schakelen. Ervaring binnen een politiek sensitieve organisatie is vereist. De kandidaat werkt aan bestaande dossiers, levert een bijdrage aan de modernisering van systemen en het verhogen van datavolwassenheid, denkt mee in oplossingen en begrijpt de effecten van beslissingen op digitale optimalisatie.","[""Ervaring als Informatieanalist met Cognos."", ""Kennis van Datawarehouse, ETL, UML en SQL."", ""Ervaring met Confluence en Datamodellering."", ""Minimaal vijf jaar recente relevante werkervaring."", ""Ervaring met Agile/Scrum en werken in sprints."", ""Ervaring binnen een politiek sensitieve organisatie.""]","[""Ervaring met SAP is een pre."", ""Ervaring binnen de Politie is een pre.""]",open,new
data-platform-engineer-2-fte,Data Platform Engineer,UWV,max €122 per uur,Noord-Holland,ICT Informatievoorziening,38 uur per week,19 oktober 2026,18 april 2027,"UWV is op zoek naar een Data platform engineer voor het ontwerpen en realiseren van het nieuwe data- en analyticsplatform. UWV bouwt gelijktijdig aan een platform op Microsoft Fabric en aan een open-source referentieplatform op een soevereine Europese cloud. Ook wordt dbt ingezet op dataplatforms die reeds in productie zijn en gebaseerd zijn op verschillende technologieën. Als Data platform engineer ontwikkel je de omgeving om teams mee van start te kunnen laten gaan, als centrale eigenaar pas je de dienstverlening en technologie aan op zo’n wijze dat je collega’s ontzorgd worden om sneller en efficiënter te kunnen werken. Je zorgt voor een schaalbare inrichting die door meerdere teams en domeinen gebruikt kan worden. Conform de principes voordoen, meedoen, zelf doen, zul je de teams ook inhoudelijk intensief begeleiden en bijsturen waar mogelijk. Ontwerpen, realiseren en doorontwikkelen van data- en analyticsplatformvoorzieningen binnen Microsoft Fabric en het open-source referentieplatform. Ontsluiten, verwerken en modelleren van data met SQL, dbt en moderne dataengineeringtechnologie. Ontwikkelen en optimaliseren van herbruikbare datapipelines en verwerkingspatronen met onder andere Microsoft Fabric en open source oplossingen. Migreren en moderniseren van bestaande SQL Server- en datawarehouse-oplossingen naar moderne cloud-, lakehouse- en dataplatformarchitecturen. Coachen van data- en analytics engineers. Ondersteunen van de eerste use-cases en implementatieteams. Opbouwen van kennis en communities binnen UWV. Inrichten en toepassen van dbt voor transformatie, modellering, testing, documentatie en herbruikbare ontwikkelstandaarden. Realiseren van Git-, CI/CD-, geautomatiseerde test- en deploymentprocessen voor data- en platformcomponenten. Onderzoeken, toepassen en waar mogelijk harmoniseren van open-source technologie, open dataformaten en containerized data workloads naast Microsoft Fabric. Afstemmen van technische oplossingen met architectuur, security, privacy, infrastructuur en beheer, en deze vertalen naar herbruikbare standaarden en overdraagbare oplossingen. Beoogde resultaten: Een werkende developer experience voor zowel Microsoft Fabric, het opensource platform en lokale platforms in productie. Een gedeelde repository-, dbt-project- en packages architectuur. Een werkende CI/CD-straat met geautomatiseerde kwaliteitscontroles. Opgeleide engineers en overdraagbare ontwikkel- en beheerprocedures.","[""Minimaal zes jaar ervaring met data engineering, waarbij de kandidaat aantoonbaar heeft gewerkt aan de introductie en realisatie van een nieuw dataplatform"", ""Aantoonbare ervaring binnen minimaal twee data-platforms in organisaties van minimaal 1.000 FTE, waarbij sprake was van meerdere teams, technische afhankelijkheden en eisen rondom security, beheer en continu\u00efteit."", ""Aantoonbare ervaring binnen de Nederlandse overheid of een grote publieke uitvoeringsorganisatie, waarbij is samengewerkt met verschillende verantwoordelijkheidsgebieden zoals architectuur, security, privacy, beheer en ontwikkeling"", ""Minimaal afgeronde hbo-bacheloropleiding in Informatica, Business Intelligence, Data Science, Software Engineering of een vergelijkbare richting."", ""Aantoonbare praktijkervaring met minimaal drie van de onderstaande vier technologie\u00ebn: Microsoft SQL Server on premises stack (SSIS/SSAS/SSRS), Microsoft Fabric, Dbt, Open Source data engineeringtechnologie, zoals Apache Spark, DuckDB, Apache Airflow of vergelijkbare technologie""]","[""Ervaring met het migreren van een on-premises omgeving naar een cloud based dataplatform"", ""Praktijkervaring op een Europese cloud (Upcloud, T-Cloud, Stackit, Scaleway, etc)"", ""Aantoonbare praktijkervaring met de vier onderstaande technologie\u00ebn: Microsoft SQL Server on premises stack (SSIS/SSAS/SSRS), Microsoft Fabric, Dbt, Open Source data engineeringtechnologie, zoals Apache Spark, DuckDB, Apache Airflow of vergelijkbare technologie"", ""In het bezit van een of meerdere relevante certificeringen, zoals Microsoft Certified: Fabric Data Engineer Associate (DP-700), Microsoft Certified: Fabric Analytics Engineer Associate (DP-600), Databricks Certified Associate Developer for Apache Spark, Dbt Analytics Engineering"", ""Praktijkervaring met dbt op een Open Source engine in een productieomgeving"", ""Praktijkervaring met dbt op Microsoft Fabric in een productieomgeving""]",open,new
data-scientist-46,Data scientist,Rijkswaterstaat (RWS),,Noord-Holland,ICT Informatievoorziening,36 uur per week,01 oktober 2026,30 september 2027,"Omschrijving van het project: Satelliet Monitoring Objecten (SMO) Binnen Rijkswaterstaat wordt satelliet data ingezet om vervorming en verplaatsing van objecten te meten en te monitoren. Rijkswaterstaat CIV wilt deze techniek tot een standaard dienst (laten) ontwikkelen én exploiteren. De aanpak van het project is ontwikkeling door productie te draaien. De kern van het project bestaat uit het monitoren van 3 als risicovol bestempelde tunneltoeritten/verdiepte liggingen. De directe aanleiding hier het omhoogkomen van één van de tunneldelen van Prinses Margriettunnel in december 2023 en vervolgens de Vollenhoventunnel in 2024. De minister van IenW heeft de tweede kamer aangegeven dat de risicovolle toeritten o.b.v. met satelliet data zullen worden gemonitord zodat tijdig ingrijpen mogelijk is en verstoring van verkeer beperkt blijft (Risicobeschouwing en Handelingsperspectief Overige Objecten n.a.v. Prinses Margriettunnel A7). De monitoring is opgenomen als KPI voor de CIV in het RWS managementplan. Daarnaast wordt de service uitgebreid naar andere typen objecten. Opdrachtomschrijving De afdeling Data, Ontwikkeling en Advies (DOA) van Rijkswaterstaat Centrale Informatievoorziening is verantwoordelijk voor het (geo) datafundament voor maatschappelijke thema’s als de Geo-basisstructuur van Nederland, Veiligheid en (Scheepvaart) verkeersmanagement. Naast dataproducten levert de afdeling advies over deze data aan gebruikers binnen en buiten RWS. Ook is de afdeling de aanjager van vernieuwing en ontwikkeling van data-inwinning, data-analyse, data-science en nieuwe algoritmes. Om toepassing van satellietdata in de werkprocessen van Rijkswaterstaat te versnellen is binnen DOA het Team Remote Sensing opgericht. Het team adviseert in het gebruik en ontwikkelt producten en dienstverlening op basis van satellietdata.","[""Kandidaat heeft een afgeronde WO opleiding in de richting van remote sensing, geodesie of een vergelijkbare richting of beschikt door relevante werkervaring over een aantoonbaar gelijkwaardig kennisniveau."", ""Kandidaat beschikt aantoonbaar over minimaal 2 jaren kennis van en werkervaring met analyseren van geodetische en Remote Sensing data."", ""De kandidaat is in staat complexe inhoudelijke vraagstukken in het Nederlands te bespreken, te documenteren en hierover te adviseren."", ""De kandidaat beschikt over aantoonbare ervaring met Python en GIS.""]","[""Mate waarin de kandidaat aantoonbare ervaring met het werken in een team."", ""Mate waarin de kandidaat beschikt over kennis van en werkervaring met analyseren van geodetische en Remote Sensing data."", ""Mate waarin de kandidaat beschikt over kennis van en werkervaring met analyseren van InSAR-data."", ""Mate waarin de kandidaat ervaring heeft met het analyseren en documenteren van geodetische en/of Remote Sensing data en het omzetten daarvan naar producten en adviezen.""]",open,new
system-engineer-acp-adp,System Engineer ACP ADP,Belastingdienst,,Gelderland,ICT Informatievoorziening,36 uur per week,01 oktober 2026,30 september 2027,"Opdrachtbeschrijving Het bouwen, testen en implementeren van Kubernetes(-achtige) omgevingen. Opleveren van configuratie- en installatie-documenten. Behandelen van incidenten, changes en problems. Koppelen/integreren van maatwerkoplossingen met de Belastingdienst-omgeving. Helpen bouwen en/of implementeren van client-applicaties en analytics/ML-gerelateerde componenten. Begeleiden van collega-system engineers en eindgebruikers van het platform. Achtergrond opdracht Als System Engineer bij de Belastingdienst in Apeldoorn, binnen de Center of Excellence Analytics, speel je een cruciale rol in het beheren en optimaliseren van ons complexe Linux/Analytics Container Platform (ACP). De organisatie Generieke Voorzieningen (GV) omvat alle infrastructuur, capabilities en tooling die nodig zijn om diensten te leveren die burgers, bedrijven en (kantoor)medewerkers ondersteunen op het gebied van Interactie, Invordering, Toezicht, Data Intelligence, Management Control processen en Analytics. De voorzieningen die Generieke Voorzieningen levert omvatten de infrastructuur, de halffabricaten (inclusief exploitatie en beheer van deze producten) en de hiervoor benodigde tooling, zowel generiek als maatwerk. De CoE Analytics staat opgesteld voor het realiseren en onderhouden van een schaalbare, wendbare en robuuste Analytics infrastructuur voor de Belastingdienst. Door goed te luisteren naar klanten en op een juiste manier te prioriteren, is het team in staat om deze services 'fit-for purpose' te leveren. Streven hierbij is altijd het continue verbeteren van de verschillende aspecten van de services. De CoE Analytics is een team van ervaren System- en Solution-engineers die voor de Belastingdienst een veilig platform en diverse services op het gebied van Analytics leveren. Denk hierbij aan: Analytical Data Perimeter, SAS Grid Computing, Self Service Analytics, Desktop Client Services en Teradata Appliances. De CoE Analytics is een autonome eenheid, georganiseerd volgens de principes van Agile/Scrum/DevOps, die verantwoordelijk is voor de realisatie, continuïteit en functionele werking van de verschillende services. Het IT-landschap van de CoE Analytics beslaat vele honderden systemen, zowel fysiek als virtueel, de meeste daarvan zijn Linux gebaseerd. Op deze systemen draait Analytics software, voornamelijk SAS maar ook andere producten zoals Database- en Shared-filesystemen en Open-source toolkits zoals Python en R, onderverdeeld in de verschillende services waarmee wij de diverse Analytics infrastructuurvoorzieningen voor de Belastingdienst invullen. Deze wereld is bovendien volop in beweging onder invloed van een toename van interne klantgroepen qua aantal en in gebruik en onder invloed van security, privacy en continuity richtlijnen. Op gezette tijden standby diensten draaien, vanuit een teamrooster, behoort tot de werkzaamheden.","[""Linux/Red Hat gecertificeerd RHCSA/RHCE."", ""Linux Foundation CKA/CKD/CKS of Red Hat OpenShift equivalent."", ""Gedegen kennis van Kubernetes en installatie van Kubernetes; OpenShift kennis is een pre."", ""Beheerervaring/kennis van Kubernetes/OpenShift clusters."", ""Minimaal 3 jaar bekend met en/of ervaring in Infrastructure as Code (bijv. Ansible)."", ""Minimaal 3 jaar ervaring met het maken van bash en/of Python-scripts."", ""Minimaal 3 jaar ervaring met versiebeheer tooling zoals Git.""]","[""Kennis van verschillende containerplatformen zoals Kubernetes en/of OpenShift."", ""Certificeringen CKA, CKD en CKS zijn een pre."", ""Kennis van Tekton, ArgoCD en GitLab-pipelines is een pre."", ""Kennis van VMware-omgevingen is een pre."", ""Ervaring met NSX-T is een pre."", ""Ervaring met Analytics en/of ML tooling is een pre.""]",open,new
senior-mendix-developer-12,Senior mendix developer,Rechtspraak,max €120 per uur,Utrecht,ICT Informatievoorziening,36 uur per week,01 november 2026,30 juni 2027,"Opdrachtbeschrijving De ontwikkelaar is verantwoordelijk voor het ontwikkelen van de functionaliteiten zoals die zijn ontworpen door de Service- en UX/UI designer. Veel samenwerken met andere ontwikkelaars, gebruikers en testers is daarbij vanzelfsprekend om de gebruikerswensen te vertalen naar een werkend product. De ontwikkelaar test en implementeert de user stories op basis van de opgestelde backlog en planning. Taken en verantwoordelijkheden Vertalen van user stories naar werkende functionaliteiten; Testen en implementeren van functionaliteiten; Schakelen met UX/UI Designer over gebruikerswensen; Beheren van de Product Backlog incl. prioriteitsbepaling; Vertalen van functionele wensen naar technische ontwikkelwerkzaamheden. Eisen Bachelor's (BSc) of master's (MSc) diploma in de vakgebieden IT en/of bedrijfskunde; Communicatief vaardig: duidelijk communiceren met teamleden en gebruikers; Meer dan 3 jaar ervaring met low-code oplossingsarchitectuur en/of -ontwikkeling, bij voorkeur met Mendix; Wensen Platform certificering, een professioneel/gevorderd of expert certificaat voor Mendix is gewenst of wordt in de nabije toekomst nagestreefd; Bewezen staat van dienst in het leveren van low-code oplossingen met sterke technische expertise in low-code applicatiearchitectuur, integratie en migratie; Platformontwikkeling; Rechtspraak ervaring Mendix-koppelingen; AI-oplossingen met Mendix; Contentoplossingen met Mendix Overig Hybride werken is mogelijk. Over het algemeen is er een 50/50 beleid en in overleg afwijking mogelijk. Wanneer u bij ons als leverancier een professional aanbiedt en deze wordt geplaatst, hebben we informatie van u als contractpartij nodig, onder andere met betrekking tot de Wet keten- en inlenersaansprakelijkheid. De ‘WKA’ heeft als doel om misbruik te voorkomen bij de afdracht van loonheffingen bij alle schakels in de keten; van leverancier tot opdrachtgever. Wij dekken deze risico’s voor onze opdrachtgevers af middels een geblokkeerde rekening, de G-rekening. Dit is een rekening waarop een gedeelte van het factuurbedrag wordt gestort en waarvan u de loonheffingen en BTW kunt betalen aan de Belastingdienst. Het af te storten % hangt ervan af of u een SNA-certificering (NEN-4400-1 of NEN-4400-2) heeft of niet en of uw bedrijf in Nederland of daarbuiten is gevestigd. De G-rekening kunt u aanvragen bij de Belastingdienst. Indien u geen G-rekening kunt krijgen (en u kunt hier bewijs van de Belastingdienst van overleggen) dan heeft u ook de mogelijkheid elk kwartaal een accountantsverklaring (assurance report inzake inlening personeel) aan te leveren. Hierin zal een gecertificeerd accountant (AA of RA) een verklaring afgeven over de juistheid, volledigheid en tijdigheid van de afdrachten. Let wel, de kosten voor deze verklaring komen voor uw eigen rekening.","[""Bachelor's (BSc) of master's (MSc) diploma in de vakgebieden IT en/of bedrijfskunde."", ""Communicatief vaardig: duidelijk communiceren met teamleden en gebruikers."", ""Meer dan 3 jaar ervaring met low-code oplossingsarchitectuur en/of -ontwikkeling, bij voorkeur met Mendix.""]","[""Platformontwikkeling; Rechtspraak ervaring"", ""Mendix-koppelingen; AI-oplossingen met Mendix; Contentoplossingen met Mendix"", ""Platform certificering, een professioneel/gevorderd of expert certificaat voor Mendix is gewenst of wordt in de nabije toekomst nagestreefd; Bewezen staat van dienst in het leveren van low-code oplossingen met sterke technische expertise in low-code applicatiearchitectuur, integratie en migratie.""]",open,new
ux-designer-72,Ux designer,Rijkswaterstaat (RWS),max €110 per uur,Zuid-Holland,ICT Informatievoorziening,36 uur per week,01 november 2026,31 december 2027,"Aanbiedingen kunnen alleen gedaan worden via onze portal Select, anders kunnen we deze helaas niet in behandeling nemen. Mocht je hulp hierbij nodig hebben dan kan je contact opnemen met onze afdeling support. Opdrachtbeschrijving Het programma Digitaal Stelsel Omgevingswet (DSO) realiseert de ICT producten (applicaties, gebruikerstoepassingen, interfaces, services) rondom de implementatie en het gebruik van de Omgevingswet. Door de Omgevingswet wordt het wettelijk kader voor burgers, ondernemers en overheden inzichtelijker en ontwikkeling en beheer van de leefomgeving beter beheersbaar. De UX designer is een teamlid van het team 02 Loket en zal met name betrokken worden de voorbereiding en ontwikkeling van klikmodellen en HTML prototypes ten behoeve van gebruikersonderzoek. De UX designer draagt bij in het vertalen van functionele wensen op Epic, feature en ook user story niveau naar interactie ontwerp. Hierbij ontwikkelt de UX designer interactieontwerpen en user flows voor diverse gebruikersscenario’s middels wireframes, klikmodellen of prototypes. De UX designer werkt nauw samen met andere UX-ers en diverse ontwikkelteams. Competenties 1. Teamplayer 2. Agile/Scrum mindset 3. Scherpe luisteraar, meedenker en pragmatisch 4. Je werkt gestructureerd en hebt oog voor detail 5. Je bent enthousiast en kunt anderen meenemen in dat enthousiasme. Organisatorische context en cultuur Rijkswaterstaat is de uitvoeringsorganisatie van het ministerie van Infrastructuur en Waterstaat en bestaat uit zeven landelijke en zeven regionale organisatieonderdelen. Al meer dan 200 jaar werken we dagelijks aan een veilig, leefbaar en bereikbaar Nederland. We beheren en ontwikkelen de rijkswegen, -vaarwegen en -wateren en zetten in op een duurzame leefomgeving. Samen met anderen werken we aan een land dat beschermd is tegen overstromingen. Waar voldoende groen is, en voldoende en schoon water. En waar je vlot en veilig van A naar B kunt. Samenwerken aan een veilig, leefbaar en bereikbaar Nederland. Dat is Rijkswaterstaat. Eisen Kandidaat heeft een afgeronde HBO opleiding bijvoorbeeld in de richting van Communicatie & Multimedia Design (CMD) Heeft minimaal 2 jaar kennis van en werkervaring met Figma Heeft minimaal 2 jaar kennis van en werkervaring met het ontwerpen van websites en/of platformen, waaronder ervaring met Digitale Toegankelijkheid en Web Content Accessibility Guidelines. Heeft minimaal 2 jaar werkervaring met ""living styleguides"" en design systems, zoals Fractal en Storybook Heeft minimaal 2 jaar werkervaring als UX Designer; portfolio aantoonbaar Heeft minimaal 2 jaar werkervaring met wireframes, klikmodellen of prototypes Heeft minimaal 2 jaar kennis en ervaring van de volgende talen en frameworks: Javascript, HTML5, CSS3, Bootstrap en Yarn Wensen Mate waarin de kandidaat beschikt over ervaring met responsive design Mate waarin de kandidaat beschikt over kennis en ervaring met het opzetten en uitvoeren van gebruikersonderzoek Mate waarin de kandidaat beschikt over ervaring met de Omgevingswet Mate waarin de kandidaat beschikt over kennis en ervaring met het ontwerpen van websites en/of platformen voor de (Rijks)overheid, waaronder ervaring met Digitale Toegankelijkheid en Web Content Accessibility Guidelines Overige functiewensen","[""Kandidaat heeft een afgeronde HBO opleiding bijvoorbeeld in de richting van Communicatie & Multimedia Design (CMD)"", ""Heeft minimaal 2 jaar kennis van en werkervaring met Figma"", ""Heeft minimaal 2 jaar werkervaring met \""living styleguides\"" en design systems, zoals Fractal en Storybook"", ""Heeft minimaal 2 jaar werkervaring als UX Designer; portfolio aantoonbaar"", ""Heeft minimaal 2 jaar werkervaring met wireframes, klikmodellen of prototypes"", ""Heeft minimaal 2 jaar kennis en ervaring van de volgende talen en frameworks: Javascript, HTML5, CSS3, Bootstrap en Yarn"", ""Heeft minimaal 2 jaar kennis van en werkervaring met het ontwerpen van websites en/of platformen, waaronder ervaring met Digitale Toegankelijkheid en Web Content Accessibility Guidelines.""]","[""Mate waarin de kandidaat beschikt over ervaring met responsive design"", ""Mate waarin de kandidaat beschikt over kennis en ervaring met het opzetten en uitvoeren van gebruikersonderzoek"", ""Mate waarin de kandidaat beschikt over ervaring met de Omgevingswet"", ""Mate waarin de kandidaat beschikt over kennis en ervaring met het ontwerpen van websites en/of platformen voor de (Rijks)overheid, waaronder ervaring met Digitale Toegankelijkheid en Web Content Accessibility Guidelines""]",open,new
soc-analist-2x-1,Soc analist,Kamer van Koophandel,max €90 per uur,Utrecht,ICT Informatievoorziening,40 uur per week,01 november 2026,01 mei 2027,"Binnen de Kamer van Koophandel is er een product genaamd Cyber Security Operations. Het team draagt zorg voor de gehele bedrijfsvoering van de veiligheid over de deelgebieden bescherming, verdediging, weerbaarheid en governance. Dit doen we door verschillende clusters in het productteam onder te brengen met 1 gezamenlijk doel; de KVK een veiligere plek maken. De ontwikkelingen rondom het onderwerp security gaan steeds sneller en is een belangrijk thema in de bedrijfsvoering. Het productteam wil daardoor de reeds gemaakte roadmap en de vernieuwde strategie verder gaan uitvoeren. Het productteam werkt in scrum teams aan ontwikkeling en beheer. De teams zijn breed en multidisciplinair samen gesteld. Voor het maken van de volgende stap voor het productteam is de KVK op zoek naar twee Cybersecurity SOC analisten. De SOC analist maakt deel uit van het Security Operations Center (SOC). Als SOC analist monitor je de cybersecurity status van de organisatie, handel je incidenten als gevolg van cybersecurity aanvallen en draag je zorg voor de beschikbaarheid en continuïteit van de KVK dienst verlening. De kandidaat werkt aan het pro- en reactief aan het bewaken en onderhouden van de cybersecurity weerbaarheid van KVK. Hieraan valt te denken: -Reguliere monitoring en analyse security-incidenten volgens afgesproken kaders; -Stem af met de diverse oplosgroepen en neemt de regie bij het tijdig oplossen van security incidenten; -Documenteren incident resultaten en uitgevoerde handelingen; -Ontwikkelen, onderhouden en validateren van het Incident Response Plan; -Bijdrage leveren aan het verbeteren en valideren van het incident afhandeling proces; -Periodiek uitvoeren van een kwetsbaarheden onderzoek naar bedreigingen volgens afgesproken kaders en indien nodig n.a.v. penetratietesten; -Bepaal je in samenspraak met ontwikkelteams de inhoud en diepgang van penetratietesten; - Je tilt het pentesten naar een hoger niveau door verbeteringen aan te brengen in het proces van pentesten, het rapporteren en het opvolgingsproces; -Voer je periodieke rapportages uit over de operationele security resultaten en draagt zorg voor de verbeter activiteiten; -Meten van effectiviteit detectie incidenten en response; -Analyseren en beoordelen cybersecurity controls en mitigatie acties na een incident; -Ontwikkelen en invoeren test methoden op het incident afhandeling; -Analyseren en onderzoeken vraagstukken op het gebied van IT-security; -Voer je periodieke beoordelingsanalyse uit op de geleverde producten en diensten; -Stel risicoclassificaties op binnen verschillende IT-security gebieden; -Geef gevraagd en ongevraagd adviezen over IT-security vraagstukken; -Maken, onderhouden en valideren van use cases; -Maken, onderhouden en valideren van play books; - Je ziet verbeteringen in de usecase en playbook lifecycle en kan deze verwerken in het kader van een hoger volwassenheidsniveau; -Samenwerken met het Cyber Security Incident Response Team (CSIRT); - Je ontwikkelt en implementeert een roadmap om het SOC naar een volgend volwassenheidsniveau te tillen; -Je initieert en implementeert verbeteringen vanuit de Kanban-werkwijze om het team naar een hoger volwassenheidsniveau te brengen; -Het optimaliseren van processen, het verhogen van de operationele efficiëntie en het versterken van de samenwerking met andere afdelingen; -Je borgt kennisoverdracht, coaching en procesverbeteringen binnen het team, zodat de organisatie duurzaam minder afhankelijk wordt van externe expertise; -Je organiseert op verschillende niveau's oefeningen: tabletop validaties van playbooks, technisch georiënteerde SOC oefeneningen en oefeningen in een breder gremium. De kandidaat werkt samen met de product owner en het product team. Hierbij is de kandidaat gewend om te werken binnen de kaders en richtlijnen van een bestaande security architectuur en informatie beveiliging normen, standaarden en frameworks. (bv ISO, NIST, Mitre etc.) Vanuit de werkzaamheden opereert de kandidaat als een teamplayer maar ook zelfstandig waarbij zowel mondeling als in schrift goed wordt gecommuniceerd/rapporteert. Van de kandidaat wordt verwacht dat hij/zij kritisch meedenkt inzake het verbetering van detectie, monitoring en response met als doel het verbeteren van de cybersecurity van de KVK. Vanuit jouw senioriteit wordt verwacht dat je ervaring hebt met trajecten om een SOC naar een hoger volwassenheidsniveau te tillen, zowel van laag naar gemiddeld als gemiddeld naar hoog. Je signaleert proactief verbeterkansen op het gebied van processen, detectiecapaciteiten, automatisering, rapportages en samenwerking. Vervolgens neem je het initiatief om deze kansen te vertalen naar concrete verbetermaatregelen en zorg je voor een succesvolle implementatie en borging binnen de organisatie. Je bent in staat om strategische doelstellingen te formuleren en deze ook te vertalen naar tactische en operationele verbeteringen en weet stakeholders effectief mee te nemen in de veranderingen die hiervoor nodig zijn. Kandidaatomschrijving Kwaliteitsgerichtheid Hanteert hoge kwaliteitsnormen bij de uitvoering van het werk, bewaakt en verbetert deze waar mogelijk. Verantwoordelijkheid nemen Heeft plichtbesef en voelt zich er verantwoordelijk voor dat het afgeleverde werk of een beslissing aan bepaalde eisen voldoet. Is aanspreekbaar op resultaten van afgesproken acties. Analytisch vermogen Onderzoekt, herkent en begrijpt de belangrijkste elementen van vraagstukken en hun onderlinge samenhang. Communiceren Verwoordt gedachten helder en vlot, brengt mondeling en schriftelijk een boodschap begrijpelijk over aan anderen en weet hierbij hun aandacht vast te houden. Samenwerken Handelt vanuit het groepsbelang en levert samen met anderen een bijdrage aan het gemeenschappelijke resultaat en aan de relaties en sfeer in de groep.","[""Opleiding\r\n\r\nKandidaat heeft aantoonbare hbo werk- en denkniveau"", ""Opleiding\r\n\r\nKandidaat heeft een afgeronde opleiding richting Informatica, bedrijfskunde/ICT (of vergelijkbaar)"", ""Kennis\r\n\r\nKandidaat is in het bezit van Security certificeringen zoals CSA, SC200"", ""Kennis\r\n\r\nKandidaat is goed in Engels en Nederlands in woord en geschrift"", ""Ervaring\r\n\r\nKandidaat heeft actuele (in de afgelopen 7 jaar) en minimaal 5 jaar aantoonbare ervaring als SOC analist"", ""Ervaring\r\n\r\nKandidaat heeft actuele (in de afgelopen 5 jaar) en aantoonbare ervaring met Security Operation Center operatie"", ""Ervaring\r\n\r\nKandidaat heeft actuele (in de afgelopen 5 jaar) en aantoonbare ervaring met besturingssystemen, servers, cloud en relevante infrastructuur"", ""Ervaring\r\n\r\nKandidaat heeft actuele (in de afgelopen 5 jaar) en aantoonbare ervaring met offensieve en defensieve concepten"", ""Ervaring\r\n\r\nKandidaat heeft actuele (in de afgelopen 5 jaar) en aantoonbare ervaring met het verbeteren van het incident proces en best practices"", ""Ervaring\r\n\r\nKandidaat heeft actuele (in de afgelopen 5 jaar) en aantoonbare ervaring met de dagelijkse technische, functionele en operationele aspecten van het cybersecurity incident en response proces"", ""Ervaring\r\n\r\nKandidaat heeft actuele (in de afgelopen 5 jaar) en aantoonbare ervaring met het verzamelen, analyseren en correleren van cyber dreiging informatie vanuit verschillende bronnen"", ""Ervaring\r\n\r\nKandidaat heeft actuele (in de afgelopen 5 jaar) en aantoonbare ervaring met SIEM platformen en het opstellen van use cases, play books en tuning"", ""Ervaring\r\n\r\nKandidaat heeft actuele (in de afgelopen 5 jaar) en aantoonbare ervaring met incident tools zoals Topdesk en Microsoft"", ""Ervaring\r\n\r\nKandidaat heeft actuele (in de afgelopen 5 jaar) en aantoonbare ervaring met incident communicatie procedures"", ""Ervaring\r\n\r\nKandidaat heeft actuele (in de afgelopen 5 jaar) en aantoonbare ervaring met besturingssysteem & hypervisor beveiliging en netwerk beveiliging"", ""Ervaring\r\n\r\nKandidaat heeft actuele (in de afgelopen 5 jaar) en aantoonbare ervaring met cybersecurity dreigingen en -aanval procedures"", ""Ervaring\r\n\r\nKandidaat heeft actuele (in de afgelopen 5 jaar) en aantoonbare ervaring met scannen systeem vulnerabilities"", ""Ervaring\r\n\r\nKandidaat heeft actuele (in de afgelopen 5 jaar) en aantoonbare ervaring met Log Management Systemen en log formaten (Syslog-BSD, Syslog-IETF, CEF)"", ""Ervaring\r\n\r\nKandidaat heeft actuele (in de afgelopen 5 jaar) en aantoonbare ervaring met Microsoft Cloud oplossingen"", ""Ervaring\r\n\r\nKandidaat heeft actuele (in de afgelopen 5 jaar) en aantoonbare ervaring met cybersecurity gerelateerde wetgeving zoals GDPR/AVG, WDO, WBNI, eIDAS etc."", ""Ervaring\r\n\r\nKandidaat heeft actuele (in de afgelopen 5 jaar) en aantoonbare ervaring met automatiseren en optimaliseren"", ""Ervaring\r\n\r\nKandidaat heeft actuele (in de afgelopen 5 jaar) en aantoonbare ervaring met Computer Security Incident Response Team operatie""]","[""Ervaring\r\nKandidaat heeft ... jaar aantoonbaar ervaring met werken bij soortgelijke overheidsorganisaties"", ""Opleiding\r\nKandidaat heeft een afgeronde HBO opleiding""]",open,new
senior-sap-cloud-foundry-developer,Senior sap cloud foundry developer,Nederlandse Spoorwegen,max €120 per uur,Utrecht,ICT Informatievoorziening,36 uur per week,27 oktober 2026,26 februari 2027,"Dit ga je doen Je gaat bij NS aan de slag om het SAP-landschap nog beter, mooier, veiliger, innovatiever en robuuster te maken door het inzetten van nieuwe technologieën. Je werkzaamheden omvatten onder andere: Het maken van een backend CF REST (node.js) service met database in BTP die ontsloten wordt via Integration Suite en Azure APIM; Het testen van de nieuwe CI/CD pipeline voor CF applicaties door het te gebruiken bij het deployen van de CAP applicatie; Het implementeren en integreren van BTP componenten in de applicatie op het SAP BTP-platform. Hier ga je werken Op de afdeling Concernstaven bevindt zich het SAP Platform team dat NS-breed werkt. Je zult te maken krijgen met diverse bedrijfsonderdelen van NS, wat het werk leuk en divers maakt. Je werkt nauw samen met solution architecten. Dit zijn de eisen Minimaal een HBO-werkniveau; Minstens 7 jaar werkervaring met SAP-ontwikkelingen in complexe landschappen soortgelijk aan NS (minimaal 5000 plus werkplekken); Ervaring in een soortgelijke platform rol/ team is een pre; Ervaring met Cloud Foundry is een vereiste; Je moet minimaal 1 eerdere CF backend applicatie hebben ontwikkeld; Ervaring met Integration Suite(CPI), Cloud ALM, Event Mesh, Cloud Identity Services, Azure APIM en Azure pipelines zijn een pre; Je kan Nederlands goed verstaan, een volledige beheersing van de Nederlandse taal is geen vereiste; Je bent op korte termijn beschikbaar; Leergierigheid, nieuwsgierigheid en doorzettingsvermogen; Uitstekende communicatieve vaardigheden; Je bent proactief, flexibel en hebt een goed aanpassingsvermogen. Op NS kun je rekenen Werken bij NS betekent dat jij hét verschil kunt maken in de wereld van duurzame mobiliteit. Jij helpt mee om Nederland bereikbaar te houden, voor iedereen. Bij NS krijg je veel vrijheid. We beloven je dat geen dag hetzelfde is. De kernwaarden van NS zijn open en betrouwbaar. Wij gaan voor resultaat en willen vooruit.","[""Je beschikt over minimaal HBO-werkniveau."", ""Je beschikt over minimaal 7\u00a0jaar werkervaring met SAP-ontwikkelingen in complexe landschappen soortgelijk aan NS (minimaal 5000 plus werkplekken). Licht toe waar je deze ervaring hebt opgedaan."", ""Je beschikt over ervaring met Cloud Foundry."", ""Je moet minimaal 1 eerdere CF backend applicatie hebben ontwikkeld. Licht verder toe."", ""Je kan Nederlands goed verstaan, een volledige beheersing van de Nederlandse taal is geen vereiste."", ""Je bent op korte termijn beschikbaar. Licht toe per wanneer je beschikbaar bent.""]","[""Je beschikt over ervaring in een soortgelijke platform rol/ team."", ""Je beschikt over ervaring met Integration Suite(CPI), Cloud ALM, Event Mesh, Cloud Identity Services, Azure APIM en Azure pipelines.""]",open,new
sr-it-architect-2fte,Sr IT Architect (2FTE),UWV,max €122 per uur,Noord-Holland,ICT Informatievoorziening,38 uur per week,21 oktober 2026,20 oktober 2027,"Aanleiding In het kader van de IV-professionalisering binnen UWV/Concern ICT is op 1 januari 2022 de afdeling Generieke Informatievoorziening (GIV) ontstaan. De visie van GIV is: “Met passie en vakmanschap maakt GIV door generieke informatievoorzieningen het werk van UWV steeds makkelijker!” GIV benut haar unieke positie om vernieuwing en optimalisatie te initiëren via vijf strategische ambities. Dit zijn excellente operatie, investeren in vakmanschap, state-of-the-art dienstverlening, business partner en simpel en transparant. Binnen GIV ondersteunt de IV-Office met architectuurkaders en richtlijnen voor het uniform gebruik binnen UWV van generieke platformen t.b.v. integratie van software applictaie en het vergemakkelijken van het gebruik van de integratie platformen door ontwikkelaars voor de toekomst. Verder moet in 2025 deze voorzieningen van GIV in samenhang worden doorontwikkeld teneinde UWV IV doelen als wendbaarheid en innovatiesnelheid verder te verbeteren. In 2025 wil GIV haar diensten voorbereiden op de invulling van de enabler functie zoals in aanpakken als SaFe Release management bedoeld. Hiervoor moeten over de diensten heen aspecten als onderlinge samenhang zowel op conceptueel als technisch niveau goed beschouwd worden om de juiste acties uit te kunnen zetten om de ‘release trains’ binnen UWV op de meest optimale wijze te kunnen ondersteunen. Hiernaast staat UWV voor de overgang naar meer inzet van Platformen als architectuurcomponenten en dienen de diensten van GIV hier optimaal op aan te sluiten. Opdrachtformulering De Architect gaat een aantal inventarisaties uitvoeren binnen het domein van Platform-, Integratie- en Testdiensten. Deze leveren een visie en een aanpak op om verbeteringen in samenhang en eventueel samenstelling van portfolio in beeld te krijgen. We verwachten dat de Architect ook direct doorpakt met alle architectuurproducten en aanverwante zaken die nodig zijn om de (goedgekeurde) visie en aanpak onmiddellijk van invulling te kunnen voorzien. Daarnaast werkt hij/zij mee aan de doorontwikkeling van de GIV- basis- en doelarchitectuur als onderdeel van de UWV Enterprise Architectuur. Als architectuurteam binnen GIV is de IV-Office verantwoordelijk voor het opstellen, beheren en uitvoeren van de basis-, doel- en (project-) startarchitecturen. Daarnaast stelt zij kaders en richtlijnen op voor het gebruik van de door ons geleverde platformen. Samen met alle andere IV collega’s wordt ervoor gezorgd dat de huidige systemen optimaal presteren en beschikbaar zijn en dat de door GIV geleverde platformen generiek worden ingezet. Naast de opdracht om de Lead Architect en het lijnmanagement van GIV te adviseren over belangrijke architectuurkeuzes, voert de senior architect in samenwerking met de architecten van GIV, de architecten van de divisies en andere belangrijke stakeholders vooronderzoeken uit t.b.v. de doorontwikkeling en in beheer name van nieuwe innovatieve GIV diensten. De architect helpt verder mee met de ontwikkeling van de UWV- en GIV doelarchitectuur. Aanvullende functie-eisen bovenop het functieprofiel Ervaring als Integratie / Solution Architect in enterprise-omgevingen Ontwerpen en realiseren van event-driven architectuur (Kafka/topic-taxonomie, schema governance) Ervaring met API-management en API-led ontwerpen (Azure API Management, API-richtlijnen Implementatie en verbeteren van DevOps & CI/CD voor integratie-landschappen Integratiegovernance, referentiearchitecturen, transformatie roadmaps en operating models Security-by-design en borgen van non-functionals (security, performance, reliability, compliance Relevante opleidingen en certificeringen (MSc Business Informatics, TOGAF, ArchiMate, SAFe, SOA-professional Over de klant: Let op! UWV heeft eisen m.b.t. compliance documenten: Voor leveranciers: Doorleen niet toegestaan Kandidaat mag afgelopen 12 maanden niet een dienstverband bij UWV hebben gehad Kandidaat mag maximaal 4 jaar gedetacheerd zijn geweest bij UWV, daarna geldt een onderbreking van minimaal 12 maanden voordat kandidaat opnieuw mag worden aangeboden Kandidaat mag geen Directeur-grootaandeelhouder (DGA) zijn Kandidaat mag niet middels een declarabele uren B.V. (waaronder o.a. Uniforce, Zelfpro en vrije werkers) bij het UWV werken G-rekening moet aanwezig zijn WAADI registratie verplicht Deta-vast aanvragen maken geen onderdeel uit van dit contract en worden niet via Circle8 gefaciliteerd Let op! Het UWV heeft eisen met betrekking tot acceptatie van CV's: CV aanleveren in Word (Let op! maximaal 7 pagina's) Motiveer waarom jij aan de eisen voldoet Puntsgewijze argumentatie voor zowel wensen als eisen Geen tarief vermelden in het CV CV zonder foto en adres, wel met woonplaats aanleveren Geen geboortedatum Geen persoonsgegevens alleen voor- & achternaam + woonplaats Eisen: Aantoonbare ervaring met enterprise en domeinarchitectuur. Ervaring met agile architectuur in multidisciplinaire (dev/ops) teams. Kennis van en ervaring met integratievraagstukken en sevices architectuur. Ervaring in complexe omgeving. Competenties: Klantgerichtheid. Samenwerken. Resultaatgerichtheid. Impact. Marktgerichtheid. Kwaliteitsgerichtheid. Voortgangsbewaking. Oordeelsvorming.","[""Ervaring met agile architectuur in multidisciplinaire (dev/ops) teams."", ""Aantoonbare ervaring met enterprise en domeinarchitectuur."", ""Ervaring in complexe omgeving."", ""Kennis van en ervaring met integratievraagstukken en sevices architectuur.""]",[],open,new
software-architect-16,Software architect,Het Kadaster,max €110 per uur,Gelderland,ICT Informatievoorziening,36 uur per week,26 oktober 2026,31 oktober 2027,"Kadaster Het Kadaster registreert en verstrekt gegevens over de ligging van vastgoed in Nederland en de daarmee samenhangende rechten, zoals eigendom en hypotheek. Als zelfstandig bestuursorgaan is dat onze wettelijke taak. Onze gegevens bieden houvast bij het onderzoeken van maatschappelijke vraagstukken, of het nu gaat om de beste route voor een nieuwe snelweg, actuele ontwikkelingen op de woningmarkt of het in beeld brengen van leegstand. Opdracht Binnen Beheer en Ontwikkeling IT werken we met Scrum en DevOps en zijn de teams integraal verantwoordelijk voor de volledige technische dienstverlening, van idee tot productie. Vanuit een dynamische omgeving bieden wij een informele werksfeer. Soms werkt het beter om even je zinnen te verzetten en kan je met je teamgenoten een potje tafeltennis spelen, gamen of met de 3D printer een ontwerp realiseren. Ook hebben we een innovation hub om in een andere sfeer samen te werken. Omschrijving de unit en afdeling waarbinnen de inhuurkracht komt te werken Binnen de directie Beheer en ontwikkeling IT is de afdeling BSU3 verantwoordelijk voor de ondersteuning van de interne bedrijfsvoering van Kadaster. De diensten worden door een groot aantal teams ontwikkeld en onderhouden. Het Salesforce/AFAS Team is één van de teams binnen deze afdeling. Het team Salesforce/AFAS is op zoek naar een Project architect. In de rol van Project Architect heb je een brede visie op de huidige en toekomstige ontwikkelingen met betrekking tot o.a. Salesforce, AFAS, Azure Integration Services en Cloud. Je bent mede verantwoordelijk voor het ontwerpen en realiseren van een efficiënte, stabiele en toekomstbestendige IT-oplossingen bij het Kadaster. Als projectarchitect werk je mee binnen meerdere project- en Devop teams. Je bent verantwoordelijk voor het maken van ontwerpkeuzes en om eventuele afwijkingen op de architectuur terug te koppelen aan de betreffende Domein Architect. Hiernaast ben je verantwoordelijk voor de coördinatie alle werkzaamheden die binnen de unit BSU3 worden uitgevoerd op het gebied van Salesforce-, AFAS- en integratiearchitectuur (Azure Integration Services). Belangrijkste technieken, methoden en tools Visualiseren softwarearchitectuur in gelaagde niveaus ((Context, Containers, Componenten en Code), bv C4 modellering Domain Driven Design(DDD): om de softwarestructuur nauw aan te sluiten bij de business-domeinlogica Uses case modelling Modelleringssoftware, bv. Enterprise Architect Kennis van UML, integratiepatronen, securityprincipes en cloudarchitecturen Jira De belangrijkste taken en verantwoordelijkheden zijn Is verantwoordelijk om op basis van de Solution Architectuur, de Domain Architecturen, de door de Business aangeleverde inputproducten, de Use Case Specificaties en de impactanalyses een solution architectuur document (SAD) op te stellen. Werkt actief mee aan solution en domainarchitectuur Is samen met de andere architecten verantwoordelijk voor de architectural runway, technology roadmap en lifecycle management. Heeft een duidelijke IT/architectuur-visie op het gebied van Salesforce, AFAS en Azure Integration Services (afdeling breed & domein overstijgend) en draagt deze ook uit bij de teams en zorgt voor draagvlak. Draagt zorg voor een goede DevOps cultuur door teams te verbinden m.b.t. team overstijgende vraagstukken en de juiste koers uit te zetten tussen kwaliteit en de noodzaak om continu business waarde te genereren. Weet kaders op het gebied van o.a. integratiestrategie, uniforme werkwijze (bijv. code kwaliteit, gebruik van patterns, best practices), security en performance op een effectieve en enthousiasmerende manier naar de teams te brengen en effectueren Weet de impact van grote Salesforce- en AFAS-programma’s in andere domeinen op een effectieve manier te vertalen voor stakeholders en de teams. Vereisten / knock-outcriteria Let op: motiveer (kort) in het CV per knock-outcriterium hoe u hieraan voldoet, enkel ervaringen in een professionele omgeving tellen mee. Geen ZZP Ervaring binnen de overheid Het CV dient in het Nederlands te zijn opgesteld en mag niet langer zijn dan maximaal 6 pagina’s A4. De motivaties op de eisen en de antwoorden op de gunningscriteria dienen binnen het opgegeven aantal pagina’s te worden opgenomen! Aantoonbaar Academisch of HBO werk- en denkniveau. De kandidaat beheerst de Nederlandse taal vloeiend, in woord en geschrift. Kandidaat is beschikbaar om op locatie te werken. 3 jaar aantoonbare ervaring als DevOps Engineer in een Azure-omgeving. Ruime ervaring met Architectuurconcepten voornamelijk op het gebied van applicatie- en softwarearchitectuur. Ervaring met integreren van Salesforce- en AFAS-oplossingen met andere systemen. Ervaring met SAP CRM, SAP ECC en SAP PO is een pré. Kennis en ervaring van minimaal 10 van de volgende 13 producten/technologieën: Salesforce Sales Cloud Salesforce Service Cloud Salesforce Marketing Cloud Salesforce Platform (Apex/Lightning) MuleSoft Anypoint Platform Mendix AFAS Profit AFAS InSite/OutSite Azure Logic Apps Azure API Management Azure Service Bus Azure Functions Github/ Copilot Competenties Resultaatgericht Helicopterview Besluitvaardig en vasthoudend; kan zijn/haar eigen pad trekken in complex krachtenveld In staat om zelfstandig binnen een organisatie te bewegen en omgevingssensitief Communicatief zowel schriftelijk als mondeling sterk Klantgericht Proactief en initiatiefrijk Teamspeler Analytisch vermogen Goede communicatieve vaardigheden Proactieve houding en een mindset gericht op verbeteringen Pragmatisch","[""Ervaring binnen de overheid"", ""Het CV dient in het Nederlands te zijn opgesteld en mag niet langer zijn dan maximaal 6 pagina\u2019s A4."", ""Aantoonbaar Academisch of HBO werk- en denkniveau."", ""De kandidaat beheerst de Nederlandse taal vloeiend, in woord en geschrift."", ""Kandidaat is beschikbaar om op locatie te werken."", ""3 jaar aantoonbare ervaring als DevOps Engineer in een Azure-omgeving."", ""Ruime ervaring met Architectuurconcepten voornamelijk op het gebied van applicatie- en softwarearchitectuur."", ""Ervaring met integreren van Salesforce- en AFAS-oplossingen met andere systemen."", ""Kennis en ervaring van minimaal 10 van de volgende 13 producten/technologie\u00ebn: Salesforce Sales Cloud, Salesforce Service Cloud, Salesforce Marketing Cloud, Salesforce Platform (Apex/Lightning), MuleSoft Anypoint Platform, Mendix, AFAS Profit, AFAS InSite/OutSite, Azure Logic Apps, Azure API Management, Azure Service Bus, Azure Functions, Github/ Copilot""]","[""Beschrijving van aanpak voor de uit te voeren werkzaamheden gezien het specifieke vraagstuk van het Kadaster."", ""Motivatiebrief waarin wordt toegelicht waarom de kandidaat geschikt is voor deze opdracht, gezien de vereisten en verantwoordelijkheden zoals beschreven in de opdrachtomschrijving.""]",open,new
sap-solution-architect-asset-life-cycle,Sap solution architect - asset life cycle,Port of Rotterdam,max €140 per uur,Zuid-Holland,ICT Informatievoorziening,24 uur per week,26 oktober 2026,31 maart 2027,"Opdrachtomschrijving In 2026 starten we met de realisatiefase van programma ALC. Hierin realiseren we samen met onze SAP-implementatiepartner de vastgestelde doelarchitectuur in verschillende stappen. Dit omvat S/4 HANA als centraal platform, welke integreert met (expert)applicaties zoals IoT, Geospatial (GIS), ACC, ServiceNow. De basis hiervoor is een vernieuwde procesinrichting voor het Asset Management landschap. Specifieke delen ontwikkelen we gepland met een duidelijk einddoel (‘waterval’). Specifieke delen – nieuwe modules en integraties - ontwikkelen we iteratief omdat we onderzoekend zijn in wat ons einddoel wordt. Wij zoeken een ervaren SAP solution architect met diepgaande expertise in SAP Enterprise Asset Management (EAM) en ervaring binnen complexe SAP landschappen. De combinatie van solution architectuur en SAP EAM-domeinkennis is binnen deze opdracht essentieel. Je bent verantwoordelijk voor het ontwerpen, accorderen en reviewen van designs voor ontwikkelingen binnen het ALC-domein. Je bewaakt hierbij de architectuur- en securitystandaarden die binnen HbR worden gehanteerd. Je werkt nauw samen met domein- en enterprise-architecten, het programmateam en de SAP-implementatiepartner. Als onderdeel van je architectuurverantwoordelijkheid lever je ook een bijdrage aan de kwaliteitsborging van het programma en de realisatie van de doelarchitectuur. Je toetst en reviewt de realisatie door IT-teams en de SAP-implementatiepartner en geeft gevraagd en ongevraagd advies over de kwaliteit, samenhang en toekomstbestendigheid van oplossingen. Waar nodig ben je in staat ontwerpkeuzes constructief ter discussie te stellen. Je adviseert hierin de programmamanager en business owner van ALC. Je vertegenwoordigt het programma onder andere in architectuurboard- en SAP Design Committee-overleggen. Daarnaast krijg je de mogelijkheid om een belangrijke bijdrage te leveren aan een grootschalige SAP S/4HANA-transformatie binnen een asset-intensieve organisatie Functie-omschrijving Designwerkzaamheden Je bent verantwoordelijk voor het uitwerken, beoordelen en richting geven aan de technische ontwerpen gedurende de realisatiefase van het Asset Life Cycle programma In dit kader werk je mee aan solution- en integratiedesigns; Je valideert/werkt mee aan: Vertalen van functionele requirements naar een technische inrichting van applicaties en interfaces, waarbij proactief in beeld wordt gebracht welke mogelijke knelpunten er kunnen optreden. Er wordt actief afstemming gezocht, met het doel om gezamenlijk tot besluiten te komen hoe om te gaan met deze knelpunten. Wanneer de target architectuur niet direct gerealiseerd kan worden, voorstellen doen voor een roadmap waarmee de gewenste situatie alsnog gerealiseerd kan worden. Analyseren van de impact van de oplossing op verschillende afdelingen/domeinen (Asset Development, Inkoop, Finance) en deze belangen integreren in het ontwerp. In kaart brengen en bewaken van end-to-end processen en datastromen binnen het asset management landschap. Evalueren van SAP EAM als kernoplossing en identificeren van aanvullende systemen of integraties (bijv. met ArcGIS) voor specifieke behoeften, zoals bijvoorbeeld werkorder afhandeling, lange-termijn planning en performance management. Samenwerken met multidisciplinaire teams en stakeholders om requirements te vertalen naar een technisch haalbare en toekomstbestendige architectuur. Proactief signaleren van risico’s en kansen in een organisatie die volop in ontwikkeling is, en hierop anticiperen in je ontwerp. Review en advies Als onderdeel van de SAP Design Committee review je change voorstellen die door het project worden aangedragen. Hierbij toets je op de fit-to-standard aanpak die HbR hanteert, pas je de overige architectuurprincipes toe en bewaak je dat oplossingen passend zijn in het grotere geheel. Daarnaast bewaak je de impact van andere ontwikkeltrajecten op het HbR SAP platform ten opzichte van de Asset Lifecycle processen. Samenwerken: Je werkt vanuit I&DT team PLCM en je werkt mee aan programma ALC. Je werkt nauw samen met de domeinarchitecten van Corporate en PLCM. In functionele aansturing val je onder de programma-organisatie ALC.","[""Kandidaat heeft sterke analytische vaardigheden en het vermogen om complexe processen en datastromen te doorgronden en te optimaliseren"", ""Kandidaat heeft minimaal 5-7 jaar aantoonbare ervaring als Solution Architect, bij voorkeur in complexe trajecten rondom Asset Management of vergelijkbare domeinen."", ""Kandidaat heeft diepgaande aantoonbare kennis van SAP (met name SAP EAM) en ervaring met het integreren van aanvullende systemen in een SAP-geori\u00ebnteerd landschap."", ""Kandidaat heeft ervaring met architectuurstandaarden zoals TOGAF, Archimate"", ""Kandidaat heeft aantoonbare ervaring met het werken in een dynamische, veranderende omgeving en het vermogen om snel te schakelen tussen strategisch en operationeel niveau""]","[""Kandidaat heeft affiniteit met programma\u2019s gericht op procesoptimalisatie"", ""Kandidaat heeft een afgeronde HBO-opleiding of aantoonbaar HBO werk- en denkniveau (of hoger)."", ""Certificering in SAP EAM en SAP Supply Chain oplossingen is een pr\u00e9."", ""Ervaring met GIS is een pr\u00e9."", ""Ervaring met een quality assurance rol is een pre."", ""Kandidaat is beschikbaar voor een (digitaal) kennismakingsgesprek op 14 oktober."", ""Ervaring met een masterdatamanagement oplossing (bijv. Prospecta) is een pr\u00e9""]",open,new
geo-data-analist,Geo data analist,Gemeente Stichtse Vecht,max €105 per uur,Utrecht,ICT Informatievoorziening,32 uur per week,01 oktober 2026,31 januari 2027,"GEO (GIS) data analist Stichtse Vecht zoekt voor de periode van de komende 4 maanden, met mogelijkheid tot verlenging, naar versterking in haar GEO data analyse team. Kennis en vaardigheden van de kandidaat: Algemeen HBO/WO werk- en denkniveau, bij voorkeur Geo-informatica, GIS, geodesie of vergelijkbaar. Minimaal 3 jaar aantoonbare ervaring met GIS/geo-data binnen een gemeentelijke omgeving. Gemeente Ervaring met het beheren, analyseren, controleren en ontsluiten van geografische data en metadata, inclusief GIS-analyses voor beleid en uitvoering en datakwaliteitscontroles. Ruime kennis en ervaring met BAG en BGT, inclusief gegevenskwaliteit, onderlinge samenhang en gemeentelijke geo-processen. Aantoonbare kennis en ervaring met het Digitaal Stelsel Omgevingswet (DSO) en de relatie met geo-informatie, omgevingsdocumenten en het Omgevingsplan. Ervaring met geo-informatie binnen de openbare ruimte en affiniteit met gemeentelijke beheersystemen en beheerdata. Ervaring met het verwerken, beheren en borgen van metadata van GIS-data zodat de datakwaliteit en vindbaarheid gewaarborgd wordt. GEO Kennis en ervaring met FME, ruimtelijke databases en GIS-software. Ervaring met PostGIS, QGIS en GeoServer is een pré. Kennis en ervaring met beheren van webGIS- platformen. Ervaring van Kaartviewer Suite is een pré. Rol binnen gemeente Zelfstandig, analytisch en nauwkeurig, met het vermogen snel te opereren binnen bestaande gemeentelijke processen en systemen. Sterke communicatieve vaardigheden en het vermogen te schakelen tussen geo-specialisten, beheerders, beleidsmedewerkers en IT.","[""HBO/WO werk- en denkniveau, bij voorkeur Geo-informatica, GIS, geodesie of vergelijkbaar."", ""Minimaal 3 jaar aantoonbare ervaring met GIS/geo-data binnen een gemeentelijke omgeving."", ""Ervaring met het beheren, analyseren, controleren en ontsluiten van geografische data en metadata, inclusief GIS-analyses voor beleid en uitvoering en datakwaliteitscontroles."", ""Ruime kennis en ervaring met BAG en BGT, inclusief gegevenskwaliteit, onderlinge samenhang en gemeentelijke geo-processen."", ""Aantoonbare kennis en ervaring met het Digitaal Stelsel Omgevingswet (DSO) en de relatie met geo-informatie, omgevingsdocumenten en het Omgevingsplan."", ""Ervaring met geo-informatie binnen de openbare ruimte en affiniteit met gemeentelijke beheersystemen en beheerdata."", ""Ervaring met het verwerken, beheren en borgen van metadata van GIS-data zodat de datakwaliteit en vindbaarheid gewaarborgd wordt."", ""Kennis en ervaring met FME, ruimtelijke databases en GIS-software."", ""Kennis en ervaring met beheren van webGIS- platformen."", ""Zelfstandig, analytisch en nauwkeurig, met het vermogen snel te opereren binnen bestaande gemeentelijke processen en systemen."", ""Sterke communicatieve vaardigheden en het vermogen te schakelen tussen geo-specialisten, beheerders, beleidsmedewerkers en IT.""]","[""Ervaring met PostGIS, QGIS en GeoServer is een pr\u00e9."", ""Ervaring van Kaartviewer Suite is een pr\u00e9.""]",open,new
senior-tester-52,Senior Tester,Ministerie van Economische Zaken en Klimaat DICTU,,Drenthe,ICT Informatievoorziening,36 uur per week,01 december 2026,30 november 2027,"Inzet van een senior tester die ketentesten kan organiseren en uitvoeren en vorm kan geven aan geautomatiseerd testen. Naast testwerkzaamheden voer je beheerwerkzaamheden uit voor testomgevingen en testprocessen. Als senior tester ben je de drijvende kracht achter kwaliteit binnen de keten: uitvoerend tester, organisator, aanjager en coach op het gebied van testautomatisering en ketentesten. Opstellen en coördineren van het testplan in samenwerking met developers, functioneel beheerders en product owners. Organiseren, voorbereiden en uitvoeren van end-to-end ketentesten. Analyseren en rapporteren van testresultaten, risico's en bevindingen aan stakeholders. Vormgeven en doorontwikkelen van de visie op geautomatiseerd testen binnen het DevOps-team. Opzetten en onderhouden van geautomatiseerde testscripts voor regressietesten. Integreren van geautomatiseerde testen in CI/CD-pipelines. Coachen van teamleden op het gebied van testautomatisering en quality mindset. Beheer van testomgevingen, testdata-management en releasemanagement. Actieve deelname aan Agile/Scrum events. Binnen het DevOps-team wordt gewerkt aan IKM (Integraal Klantbeeld Medewerker), een applicatie in ontwikkeling die medewerkers van RVO een geïntegreerd klantbeeld biedt op het moment van contact met burgers of ondernemers. Meerdere bronsystemen worden ontsloten via API-koppelingen. Om kwaliteit en continuïteit te borgen, wordt een professionaliseringsslag gemaakt in (geautomatiseerd) testen en het structureel organiseren van ketentesten. DICTU levert ICT en digitale diensten voor Ministerie EZK en een aantal andere ministeries. Ze zet haar kennis en ervaring in om de beleids- en organisatie doelen van haar opdracht gevers optimaal te ondersteunen. Daarbij speelt ze in op de nieuwste technologische ontwikkelingen, zoals de Cloud. Ook borgt ze een hoogwaardige beveiliging van de gegevens die ze technisch beheert en bewaart.","[""Minimaal vijf jaar ervaring als senior tester in IT-omgevingen, aantoonbaar in cv en/of motivatie."", ""Minimaal drie jaar ervaring met het organiseren en uitvoeren van ketentesten, aantoonbaar in cv en/of motivatie."", ""Aantoonbare ervaring met het opzetten en uitvoeren van testautomatisering."", ""In bezit van certificering ISTQB Advanced Level en/of TMap.""]","[""Ervaring binnen de Rijksoverheid."", ""Bereidheid tot consignatiediensten indien vereist."", ""Bereidheid tot hybride werken met aanwezigheid op kantoor in Assen."", ""Kennis en ervaring met werken binnen een ICT-landschap."", ""Kennis en ervaring met testdata management en OTAP-straat beheer."", ""Kennis en ervaring met Agile testing en DevOps."", ""Ervaring binnen de Rijksoverheid."", ""Kennis en ervaring met het testen van API's, microservices en ketenintegraties.""]",open,new
medewerker-servicedesk-79,Medewerker servicedesk,Ministerie van Economische Zaken en Klimaat DICTU,,Utrecht,ICT Informatievoorziening,40 uur per week,05 oktober 2026,31 maart 2027,"Het betreft een opdracht voor een ambulante onsite support medewerker (werkplekbeheerder) die eindgebruikers centraal zet. Je bent zelfstandig, flexibel, analytisch, administratief sterk en een echte teamplayer. Samen met collega’s ben je verantwoordelijk voor optimale ondersteuning van eindgebruikers op verschillende locaties. DICTU beheert voor een groot aantal eindgebruikers diverse apparatuur zoals laptops, smartphones en tablets, en vaste werkplekvoorzieningen. Jij zorgt voor het verhelpen van storingen, de uitgifte aan nieuwe gebruikers en correcte administratieve handelingen (CMDB-registraties, circa helft van de tijd). Ondersteunen van eindgebruikers op locatie en verhelpen van storingen aan werkplekken en randapparatuur. Werken aan dringende incidenten (LAN/WAN) en optreden als ICT servicebalie medewerker. Uitgifte van apparaten aan nieuwe gebruikers en zorgen dat deze direct werkend de locatie verlaten. Uitvoeren van administratieve taken zoals CMDB-registraties en opvolging. Bieden van VIP-ondersteuning op locatie voor een selecte groep eindgebruikers. Verhuizen van werkplekken, beantwoorden van gebruikersvragen en geven van instructies. Uitvoeren van diverse projectwerkzaamheden en incidenteel overwerken indien nodig. Reizen tussen verschillende klantlocaties volgens rooster (werktijden gelieerd aan servicebalie-openingstijden). DICTU streeft naar een optimale dienstverlening aan haar klanten. Waarbij meldingen binnen SLA worden afgehandeld. DICTU is op zoek naar een ambulante on site support medewerker (werkplekbeheerder) die flexibel inzetbaar is binnen een straal van maximaal 2 uur autorijden. DICTU levert ICT en digitale diensten voor Ministerie EZK en een aantal andere ministeries. Ze zet haar kennis en ervaring in om de beleids- en organisatie doelen van haar opdracht gevers optimaal te ondersteunen. Daarbij speelt ze in op de nieuwste technologische ontwikkelingen, zoals de Cloud. Ook borgt ze een hoogwaardige beveiliging van de gegevens die ze technisch beheert en bewaart.","[""Minimaal diploma Mbo Ict niveau 3."", ""Minimaal twee jaar aantoonbare onsite support ervaring in de afgelopen drie jaar binnen grote en complexe beheer-/klantomgevingen."", ""Minimaal twee jaar recente aantoonbare ervaring met het zelfstandig draaien van een Ict-balie op klantvestigingen."", ""Rijbewijs B."", ""Itil Foundation v3 of nieuwer gecertificeerd."", ""Minimaal twee jaar aantoonbare kennis en ervaring met recente Windows-versies, Office 365, Microsoft Intune en Topdesk.""]","[""Aantoonbare gedegen kennis van mobiele devices en beheer hiervan (o.a. Intune)."", ""Aantoonbare basiskennis van netwerken (Lan/Wan)."", ""Aantoonbare ervaring om in een team te werken."", ""Aantoonbare ervaring in telefonisch contact met klanten."", ""Ervaring met feedback geven en ontvangen ter verbetering van jezelf en het team."", ""Beschikbaarheid: Per direct en geen lange vakantie gepland in de eerste anderhalve maand.""]",open,new
jeugdonsulent-1,Jeugdonsulent,Gemeente Brummen,,Gelderland,ICT Informatievoorziening,36 uur per week,06 november 2026,06 mei 2027,"Gemeente Brummen De gemeente Brummen ligt in het hart van Gelderland, tussen de Veluwe en de rivier de IJssel. De ruim 20.000 inwoners wonen in diverse dorpen en buurtschappen. Eerbeek en Brummen zijn de grootste. Het is in vele opzichten een gevarieerde gemeente - met uiteenlopende landschappen, bedrijvigheid, (papier)industrie en veel ruimte voor recreatie. De gemeente Brummen is een kleine organisatie met korte lijnen. Ongeveer 200 mensen werken hier samen aan een toekomstbestendige organisatie. We doen dit onder het motto ‘Wij werken voor Brummen’. Dit betekent dat we de vraag van de inwoners en ondernemers centraal stellen. Dat vraagt om enthousiaste professionals, die anders durven denken. Opdracht In verband met ziektevervanging en onderbezetting zijn wij op zoek naar twee ervaren jeugdconsulenten die zelfstandig casussen vlot kunnen afhandelen. Bij voorkeur 36 uur per week. Een bureau mag 1 of 2 kandidaten aanbieden (svp wel per kandidaat inschrijven). Als jeugdconsulent ga je in gesprek met de inwoner, ouders én jongere om de vraag helder te krijgen. Je stimuleert en faciliteert ouders en jongere om regie in eigen hand te nemen en/of te houden. Je verkent samen met de ouders en jongere de eigen mogelijkheden, die van het persoonlijke netwerk en van de sociale omgeving. Je helpt een plan van aanpak te maken met het wenselijke resultaat en tijdpad. Je zet jouw expertise en ervaring in om zo vroeg mogelijk de juiste ondersteuning te bieden. Als jeugdconsulent coördineer je de ingezette ondersteuning en stel je deze zo nodig tussentijds bij. Je bent de specialist op het jeugdhulpaanbod en staat in contact met zorgaanbieders. Vanuit je dagelijkse praktijk geef je input aan de beleidsadviseurs over kwalitatief goede en efficiënte voorzieningen in de jeugdhulp. We gaan uit van 1 gezin, 1 plan en 1 aanpak. Je spart met je collega's om (gezamenlijk) tot de juiste aanpak te komen en houdt de regie waar dat nodig is. Natuurlijk zorg je ook dat alles goed vastghelegd wordt en geef je opdrachten aan organisaties die maatwerkvoorzieningen kunnen leveren. In jouw consulentenwerk ben jij stressbestendig, goed met complexe vraagstukken en weet je hier op de juiste manier naar te handelen. Je werkt onder leiding en toezicht van de Coördinator Team voor Elkaar. Competenties Resultaatgericht werken; Samenwerken; Besluitvaardigheid; Kritisch; Analyserend vermogen; Plannen en organiseren; Zelfstandigheid; Flexibiliteit; Lef; Gedreven; Professioneel; Betrouwbaarheid.","[""1. Aantoonbare afgeronde opleiding op minimaal hbo-bachelor niveau"", ""2. De kandidaat beschikt over een geldige SKJ-registratie. Het registratienummer staat expliciet vermeld in het CV"", ""3. Minimaal 3 jaar aantoonbare werkervaring in de afgelopen 10 jaar als jeugdconsulent bij een gemeentelijke organisatie"", ""4. Uiterlijk beschikbaar per 19 oktober 2026 voor minimaal 32 uur per week gedurende de gehele opdracht inclusief eventuele verlengingen"", ""5. Aantoonbaar bereid om alle uren op locatie in Brummen te werken. Benoem dit duidelijk in de offerte""]","[""7. Aantoonbare werkervaring in de afgelopen 5 jaar met clientvolgsysteem zoals  I-Samenleving of Zorgned. Benoem duidelijk waar deze is opgedaan"", ""6. Aantoonbare afgeronde opleiding MWD en/of SPH op minimaal hbo bachelor niveau"", ""8. Aantoonbaar woonachtig binnen een straal van 55 kilometer van Brummen. Benoem dit duidelijk in de offerte"", ""9. Aantoonbare werkervaring in de afgelopen 10 jaar als jeugdconsulent bij een gemeentelijke organisatie""]",open,new
senior-tester-51,Senior tester,Ministerie van Economische Zaken en Klimaat DICTU,max €103 per uur,Drenthe,ICT Informatievoorziening,36 uur per week,01 december 2026,30 november 2027,"Opdrachtomschrijving Inzet van een senior tester die tevens ketentesten kan organiseren en uitvoeren en die vorm kan geven aan het geautomatiseerd testen. Beheerwerkzaamheden behoord ook tot één van de taken. Als Senior Tester ben je de drijvende kracht achter de kwaliteit binnen de keten. Je bent niet alleen uitvoerend tester, maar ook organisator, aanjager en coach op het gebied van testautomatisering en ketentesten. Daarnaast organiseer en coördineer je de ketentesten over meerdere systemen en teams heen. Naast testwerkzaamheden voer je ook reguliere beheerwerkzaamheden uit ten behoeve van de testomgevingen en testprocessen. Opstellen en coördineren van het testplan in samenwerking met developers, functioneel beheerders en product owners. Organiseren, voorbereiden en uitvoeren van end-to-end ketentesten. Analyseren en rapporteren van testresultaten, risico's en bevindingen aan stakeholders. Vormgeven en doorontwikkelen van de visie op geautomatiseerd testen binnen het DevOps-team. Opzetten en onderhouden van geautomatiseerde testscripts voor regressietesten. Integreren van geautomatiseerde testen in de CI/CD pipelines. Coachen van teamleden op het gebied van testautomatisering en quality mindset. Beheerwerkzaamheden m.b.t. testomgevingen, testdata-management en releasemanagement. Actieve deelname aan Agile/Scrum events. Achtergrond opdracht DICTU is één van de grootste ICT-dienstverleners binnen de Rijksoverheid en levert veilige, stabiele en innovatieve ICT-oplossingen voor o.a. de ministeries van EZ, KGG en LVVN. Binnen het DevOps-team zijn we verantwoordelijk voor het ontwikkelen, beheren en doorontwikkelen van IKM, Integraal Klantbeeld Medewerker. Dit is een applicatie in ontwikkeling. Doel is om voor de medewerkers van RVO een zo volledig mogelijk geïntegreerd klantbeeld te geven op het moment dat de RVO medewerker contact heeft met de burger of ondernemer. Om dit te realiseren worden meerdere bronsystemen ontsloten via API koppelingen. Om de kwaliteit en continuïteit te borgen, willen we een professionaliseringsslag maken in (geautomatiseerd) testen en het structureel organiseren van ketentesten. Hiervoor zoeken we een senior tester die zoals we een senior tester die zowel strategisch als hands-on kan opereren. Eisen Minimaal 5 jaar ervaring als Senior Tester in IT-omgevingen. Aantoonbaar door middel van voorbeelden in cv en/of motivatie. Minimaal 3 jaar ervaring met het organiseren en uitvoeren van ketentesten. Aantoonbaar door middel van voorbeelden in cv en/of motivatie. Ervaring met het opzetten en uitvoeren van testautomatisering. Aantoonbaar door middel van voorbeelden in cv en/of motivatie. In bezit van certificering ISTQB Advanced Level en/of TMap. Wensen Kennis van en ervaring met het werken binnen een ICT-landschap. Aantoonbaar door middel van voorbeelden in cv en/of motivatie. Kennis van en ervaring met het testen van API's, microservices en keten-integraties. Aantoonbaar door middel van voorbeelden in cv en/of motivatie. Kennis van en ervaring met testdata management en OTAP-straat beheer. Aantoonbaar door middel van voorbeelden in cv en/of motivatie. Kennis van en ervaring met Agile testing en DevOps. Aantoonbaar door middel van voorbeelden in cv en/of motivatie. Ervaring binnen de Rijksoverheid, aantoonbaar door middel van voorbeelden in cv en/of motivatie. Competenties Analytisch sterk en communicatief vaardig in woord en geschrift. Werkt gestructureerd, klant- en oplossingsgericht met een dienstverlenende en proactieve instelling. Didactische vaardigheden, in staat om kennis over te brengen op medior/ junior collega's. Je kunt je snel wegwijs maken in een, grootschalige omgeving; zowel organisatorisch als technisch.","[""Minimaal 5 jaar ervaring als Senior Tester in IT-omgevingen. Aantoonbaar door middel van voorbeelden in cv en/of motivatie."", ""Minimaal 3 jaar ervaring met het organiseren en uitvoeren van ketentesten. Aantoonbaar door middel van voorbeelden in cv en/of motivatie."", ""Ervaring met het opzetten en uitvoeren van testautomatisering. Aantoonbaar door middel van voorbeelden in cv en/of motivatie."", ""In bezit van certificering ISTQB Advanced Level en/of TMap.""]","[""Kennis van en ervaring met het werken binnen een ICT-landschap. Aantoonbaar door middel van voorbeelden in cv en/of motivatie."", ""Kennis van en ervaring met het testen van API's, microservices en keten-integraties. Aantoonbaar door middel van voorbeelden in cv en/of motivatie."", ""Kennis van en ervaring met testdata management en OTAP-straat beheer. Aantoonbaar door middel van voorbeelden in cv en/of motivatie."", ""Kennis van en ervaring met Agile testing en DevOps. Aantoonbaar door middel van voorbeelden in cv en/of motivatie."", ""Ervaring binnen de Rijksoverheid, aantoonbaar door middel van voorbeelden in cv en/of motivatie.""]",open,new
software-architect-15,Software architect,Het Kadaster,max €125 per uur,Gelderland,ICT Informatievoorziening,36 uur per week,26 oktober 2026,31 oktober 2027,"Kadaster Het Kadaster registreert en verstrekt gegevens over de ligging van vastgoed in Nederland en de daarmee samenhangende rechten, zoals eigendom en hypotheek. Als zelfstandig bestuursorgaan is dat onze wettelijke taak. Onze gegevens bieden houvast bij het onderzoeken van maatschappelijke vraagstukken, of het nu gaat om de beste route voor een nieuwe snelweg, actuele ontwikkelingen op de woningmarkt of het in beeld brengen van leegstand. Opdracht Binnen Beheer en Ontwikkeling IT werken we met Scrum en DevOps en zijn de teams integraal verantwoordelijk voor de volledige technische dienstverlening, van idee tot productie. Vanuit een dynamische omgeving bieden wij een informele werksfeer. Soms werkt het beter om even je zinnen te verzetten en kan je met je teamgenoten een potje tafeltennis spelen, gamen of met de 3D printer een ontwerp realiseren. Ook hebben we een innovation hub om in een andere sfeer samen te werken. Omschrijving de unit en afdeling waarbinnen de inhuurkracht komt te werken Binnen de directie Beheer en ontwikkeling IT is de afdeling BSU3 verantwoordelijk voor de ondersteuning van de interne bedrijfsvoering van Kadaster. De diensten worden door een groot aantal teams ontwikkeld en onderhouden. Het Salesforce/AFAS Team is één van de teams binnen deze afdeling. Het team Salesforce/AFAS is op zoek naar een Project architect. In de rol van Project Architect heb je een brede visie op de huidige en toekomstige ontwikkelingen met betrekking tot o.a. Salesforce, AFAS, Azure Integration Services en Cloud. Je bent mede verantwoordelijk voor het ontwerpen en realiseren van een efficiënte, stabiele en toekomstbestendige IT-oplossingen bij het Kadaster. Als projectarchitect werk je mee binnen meerdere project- en Devop teams. Je bent verantwoordelijk voor het maken van ontwerpkeuzes en om eventuele afwijkingen op de architectuur terug te koppelen aan de betreffende Domein Architect. Hiernaast ben je verantwoordelijk voor de coördinatie alle werkzaamheden die binnen de unit BSU3 worden uitgevoerd op het gebied van Salesforce-, AFAS- en integratiearchitectuur (Azure Integration Services). Belangrijkste technieken, methoden en tools Visualiseren softwarearchitectuur in gelaagde niveaus ((Context, Containers, Componenten en Code), bv C4 modellering Domain Driven Design(DDD): om de softwarestructuur nauw aan te sluiten bij de business-domeinlogica Uses case modelling Modelleringssoftware, bv. Enterprise Architect Kennis van UML, integratiepatronen, securityprincipes en cloudarchitecturen Jira De belangrijkste taken en verantwoordelijkheden zijn Is verantwoordelijk om op basis van de Solution Architectuur, de Domain Architecturen, de door de Business aangeleverde inputproducten, de Use Case Specificaties en de impactanalyses een solution architectuur document (SAD) op te stellen. Werkt actief mee aan solution en domainarchitectuur Is samen met de andere architecten verantwoordelijk voor de architectural runway, technology roadmap en lifecycle management. Heeft een duidelijke IT/architectuur-visie op het gebied van Salesforce, AFAS en Azure Integration Services (afdeling breed & domein overstijgend) en draagt deze ook uit bij de teams en zorgt voor draagvlak. Draagt zorg voor een goede DevOps cultuur door teams te verbinden m.b.t. team overstijgende vraagstukken en de juiste koers uit te zetten tussen kwaliteit en de noodzaak om continu business waarde te genereren. Weet kaders op het gebied van o.a. integratiestrategie, uniforme werkwijze (bijv. code kwaliteit, gebruik van patterns, best practices), security en performance op een effectieve en enthousiasmerende manier naar de teams te brengen en effectueren Weet de impact van grote Salesforce- en AFAS-programma’s in andere domeinen op een effectieve manier te vertalen voor stakeholders en de teams. Weging (staffel) Beschrijving sluit volledig aan en is onderbouwd met concrete voorbeelden (50 punten); Beschrijving sluit voldoende aan (30 punten); Beschrijving sluit onvoldoende aan en is onvoldoende onderbouwd (10 punten); Beschrijving sluit niet aan (0 punten). Gunningscriterium 2 U voegt een motivatiebrief toe waarin u toelicht waarom u geschikt bent voor deze opdracht, gezien de vereisten en verantwoordelijkheden zoals beschreven in de opdrachtomschrijving. Beoordeling: De mate waarin de motivatiebrief overtuigend aantoont dat de kandidaat beschikt over de gevraagde kennis, ervaring en competenties (weging 50 punten). Weging (staffel) Beschrijving sluit volledig aan en is onderbouwd met concrete voorbeelden (50 punten); Beschrijving sluit voldoende aan (30 punten); Beschrijving sluit onvoldoende aan en is onvoldoende onderbouwd (10 punten); Beschrijving sluit niet aan (0 punten). Competenties Resultaatgericht Helicopterview Besluitvaardig en vasthoudend; kan zijn/haar eigen pad trekken in complex krachtenveld In staat om zelfstandig binnen een organisatie te bewegen en omgevingssensitief Communicatief zowel schriftelijk als mondeling sterk Klantgericht Proactief en initiatiefrijk Teamspeler Analytisch vermogen Goede communicatieve vaardigheden Proactieve houding en een mindset gericht op verbeteringen Pragmatisch Datum verificatiegesprekken De gesprekken bij de opdrachtgever zijn gepland op vrijdag 9 oktober 2026. Deze datum staat vast en hier wordt niet van afgeweken . De kandidaten die hiervoor uitgenodigd zijn, ontvangen uiterlijk op woensdag 7 oktober 2026 bericht. Overige kandidaten ontvangen na de gesprekken bericht over de voortgang van deze inhuuropdracht.","[""3. Het CV dient in het Nederlands te zijn opgesteld en mag niet langer zijn dan maximaal 6 pagina\u2019s A4. De motivaties op de eisen en de antwoorden op de gunningscriteria dienen binnen het opgegeven aantal pagina\u2019s te worden opgenomen"", ""4. Aantoonbaar Academisch of HBO werk- en denkniveau"", ""5. De kandidaat beheerst de Nederlandse taal vloeiend, in woord en geschrift"", ""6. Kandidaat is beschikbaar om op locatie te werken"", ""7. 3 jaar aantoonbare ervaring als DevOps Engineer in een Azure-omgeving"", ""8. Ruime ervaring met Architectuurconcepten voornamelijk op het gebied van applicatie- en softwarearchitectuur"", ""9. Ervaring met integreren van Salesforce- en AFAS-oplossingen met andere systemen"", ""10. Ervaring met SAP CRM, SAP ECC en SAP PO is een pr\u00e9"", ""11. Kennis en ervaring van minimaal 10 van de volgende 13 producten/technologie\u00ebn: Salesforce Sales Cloud, Salesforce Service Cloud, Salesforce Marketing Cloud, Salesforce Platform (Apex/Lightning), MuleSoft Anypoint Platform, Mendix, AFAS Profit, AFAS InSite/OutSite, Azure Logic Apps, Azure API Management, Azure Service Bus, Azure Functions, Github/ Copilot""]","[""13. U voegt een motivatiebrief toe waarin u toelicht waarom u geschikt bent voor deze opdracht, gezien de vereisten en verantwoordelijkheden zoals beschreven in de opdrachtomschrijving."", ""12. U geeft een beschrijving van aanpak voor de uit te voeren werkzaamheden gezien het specifieke vraagstuk van het Kadaster (zie ook opdrachtomschrijving en verantwoordelijkheden).""]",open,new
senior-it-compliance-officer-2,Senior it compliance officer,Sociale Verzekeringsbank,max €115 per uur,Noord-Holland,ICT Informatievoorziening,36 uur per week,01 november 2026,01 november 2027,"Drie redenen waarom dit jouw opdracht is • Beleid vertalen naar praktische en herbruikbare IT-oplossingen geeft jou energie • Je hebt er plezier in mensen mee te nemen in jouw vakgebied en je draagt graag je kennis en ervaring uit om mensen mee te nemen in het belang van Informatiebeveiliging en Privacy • Wij bieden de maatschappelijke relevantie die jouw werk betekenis geven. Jij doet het momenteel is informatiebeveiliging belangrijker dan ooit, juist bij de overheid, waar veel gevaren op de loer liggen. Tevens wordt er gestuurd op standaardisatie (Richtlijn Baseline Informatiebeveiliging Overheid (BIO2 & NIS2)). Informatiebeveiliging is daarbij voor de directie IT essentieel. Als onze IT Compliance Officer ondersteun je directie IT en werk je samen om al onze technologie en bedrijfsmiddelen te beschermen. Je bereikte dit door actief het beleid gericht op informatiebeveiliging, privacy management en continuïteitsmanagement te vertalen naar praktische en herbruikbare IT-criteria en oplossingen in samenspraak met het SVB brede CISO office en collegae in andere IT-afdelingen. Daarnaast ben je verantwoordelijk voor het monitoren van de gevolgen en de toetsen van de effectieve deze. Op basis van jouw expertise breng je tevens gevraagd en gevraagd advies uit aan management op het vlak van informatiebeveiliging, privacy en IT Continuity Management Verder bied je ondersteuning aan management en interne en externe relaties tien gerespecteerd van de meest voorkomende vakgebieden. Overige taken die tot de functie functioneren: - Je stelt het controleframework inzake beveiligings- en privacybeleid open en houdt dit 'up-to-date'; - Je monitort de relevante invloed en toetst de effectiviteit van de Informatiebeveiliging, IT Continuity en Privacy assessments en stelt je ontdekkingen op in audits op die vakgebieden; - Je analyseert en rapporteert (periodiek) over informatiebeveiliging en privacy. Jij bent het (eisen) Wij zoeken naar een wezenlijk sterke professionele die verantwoordelijkheid neemt voor het resultaat, de IT-organisatie binnen de SVB kan vertegenwoordigen, belangen kunnen afwegen en zich goed bewegen binnen een grote organisatie. Iemand die functioneel herkent en (pro)actief advies geeft. Iemand die van de natuur samenwerkt, gemakkelijk contacten legt met mensen van verschillende partijen en met verschillende belangen, deze kan krachtig en waar nodig ook aanspreken. Je draagt Informatiebeveiliging een warm hart toe en kan omgaan met de weerstand die soms met zich meebrengt. Je beschikt over organisatiesensitiviteit en kracht met gevoel voor verhoudingen de organisatie op daadkrachtige wijze. Je staat het management bij de vertaling van het raamwerk van beleid naar de uitvoering binnen IT. Je bent 'hands-on' en bereid het management verder te helpen. Je hebt academisch werk- en denkniveau. Je beschikt over ruime en actuele kennis van het IT-domein. Je hebt uitstekende mondelinge en schriftelijke communicatieve vaardigheden. Naast de kerncompetenties overtuigingskracht en verandervermogen zijn het initiatief, oordeelsvorming, klantgerichtheid en toekomstvisie op deze functie van toepassing Jij bent een RE of EDP-auditor met meerdere jaren werkervaring. Je bent in het bezit van CISSP-, CISM- of CISA-certificering en hebt relevante kennis van ISO 27001/27002 en VIR/BIO/NIS en hebt relevante meerjarige ervaring in het IT-veld en minimaal 3-5 jaar ervaring in een ingewikkelde rol. -Bij het aanbieden van een kandidaat op bovenstaande aanvraag is een doorleenconstructie niet toegestaan. De kandidaat dient in dienst te zijn bij uw organisatie. Als er wel sprake is van een extra schakel in de keten, zullen wij uw aanbieding niet in behandeling nemen en directe afwijzen. -Geldige VOG is nodig bij inzet, eerder starten is niet mogelijk. Aanvullende informatie Wanneer u bij ons als leverancier een professional aanbiedt en deze wordt geplaatst, hebben we informatie van u als contractpartij nodig, onder andere met betrekking tot de Wet keten- en inlenersaansprakelijkheid. De 'WKA' heeft als doel misbruik te voorkomen bij de afdracht van loonheffingen bij alle schakels in de keten; van leverancier tot opdrachtgever. Wij ontwerpen deze risico's voor onze opdrachtgevers van middels een geblokkeerde rekening, de G-rekening. Dit is een rekening waarop een deel van het factuurbedrag wordt gestort en waarvan u de loonheffingen en BTW kunt betalen aan de Belastingdienst. Het af te storten % hangt ervan af of u een SNA-certificering (NEN-4400-1 of NEN-4400-2) heeft of niet en of uw bedrijf in Nederland of daarbuiten is gevestigd. De G-rekening kunt u aanvragen bij de Belastingdienst. Als u geen G-rekening kunt krijgen (en u kunt hier een bewijs van de Belastingdienst van meerdere) dan heeft u ook de mogelijkheid elk kwartaal een accountantsverklaring (assurance report inzake inlening personeel) aan te leveren. Hierin zal een gecertificeerde accountant (AA of RA) een verklaring afgeven over de juistheid, volledigheid en tijdigheid van de afdrachten. Welnu, de kosten voor deze verklaring komen voor uw eigen rekening.","[""Je hebt academisch werk- en denkniveau."", ""Je beschikt over ruime en actuele kennis van het IT-domein."", ""Je hebt uitstekende mondelinge en schriftelijke communicatieve vaardigheden."", ""Jij bent een RE of EDP-auditor met meerdere jaren werkervaring."", ""Je bent in het bezit van CISSP-, CISM- of CISA-certificering en hebt relevante kennis van ISO 27001/27002 en VIR/BIO/NIS."", ""Je hebt relevante meerjarige ervaring in het IT-veld en minimaal 3-5 jaar ervaring in een ingewikkelde rol."", ""Bij het aanbieden van een kandidaat op bovenstaande aanvraag is een doorleenconstructie niet toegestaan."", ""Geldige VOG is nodig bij inzet, eerder starten is niet mogelijk.""]","[""Overtuigingskracht en verandervermogen zijn kerncompetenties die van toepassing zijn."", ""Initiatief, oordeelsvorming, klantgerichtheid en toekomstvisie zijn van toepassing."", ""De kandidaat kan omgaan met weerstand en beschikt over organisatiesensitiviteit en kracht met gevoel voor verhoudingen."", ""De kandidaat werkt samen, legt makkelijk contacten en spreekt mensen krachtig aan waar nodig.""]",open,new
freelance-journalistverslaggever-raadsververgaderingen,Freelance journalist/verslaggever raadsververgaderingen,Gemeente Veldhoven,max €80 per uur,Noord-Brabant,ICT Informatievoorziening,130 uur per week,01 december 2026,31 december 2027,"Opdrachtomschrijving Freelance journalist/verslaggever raadsvergaderingen Gemeente Veldhoven zoekt een freelance journalist/verslaggever voor het schrijven van toegankelijke verslagen van raadsvergaderingen. Als verslaggever ben je aanwezig bij raadsvergaderingen en vertaal je de inhoud naar een helder, objectief en prettig leesbaar verslag voor inwoners. Je bent onpartijdig en je weet complexe politieke en bestuurlijke onderwerpen begrijpelijk te maken zonder afbreuk te doen aan de inhoud. Daarbij richt je je op de hoofdlijnen, de belangrijkste discussiepunten en de genomen besluiten. Wat ga je doen? Bijwonen van circa 16 raadsvergaderingen per jaar. Schrijven van een journalistiek verslag na afloop van iedere vergadering. Samenvatten van de belangrijkste onderwerpen, standpunten en besluiten. Schrijven in een toegankelijke, neutrale en aantrekkelijke schrijfstijl voor een breed publiek. Wie zoeken wij? Wij zoeken een journalist of verslaggever die: een vlotte en toegankelijke schrijver is; complexe informatie helder kan uitleggen; gevoel heeft voor politiek-bestuurlijke verhoudingen; objectief en onafhankelijk rapporteert; zelfstandig werkt en afspraken nakomt. Resultaat Na iedere raadsvergadering levert de verslaggever een compact en goed leesbaar verslag aan dat inwoners informeert over de belangrijkste ontwikkelingen en besluiten van de gemeenteraad. Praktisch Circa 16 opdrachten per jaar. Opdracht op freelancebasis (zzp). Vergoeding per verslag, nader overeen te komen. Deze opdracht is nadrukkelijk gericht op het informeren van inwoners. Daarom zoeken we een schrijver die politieke besluitvorming kan vertalen naar een verhaal dat voor iedereen begrijpelijk en interessant is om te lezen. Kandidaatomschrijving Wij zoeken een vlotte schrijver met politiek-bestuurlijke sensitiviteit, die complexe onderwerpen helder en objectief kan vertalen naar toegankelijke verslagen voor inwoners. ervaring heeft met journalistiek en verslaglegging; complexe onderwerpen begrijpelijk kan verwoorden; politiek-bestuurlijke processen snel doorgrondt; onafhankelijk en nauwkeurig werkt. Schriftelijke uitdrukkingsvaardigheid Schrijft vlot, helder en aantrekkelijk voor een breed publiek. Omgevingsbewustzijn Begrijpt politieke en bestuurlijke verhoudingen en herkent de essentie van discussies en besluitvorming. Analytisch vermogen Kan hoofd- en bijzaken onderscheiden en complexe informatie vertalen naar een kernachtige samenvatting. Objectiviteit Rapporteert feitelijk, neutraal en evenwichtig, zonder persoonlijke opvattingen of politieke voorkeuren. Communicatieve vaardigheid Weet informatie begrijpelijk te maken voor inwoners die niet vertrouwd zijn met gemeentelijke processen. Zelfstandigheid Werkt zelfstandig, neemt verantwoordelijkheid voor het eindresultaat en komt afspraken na. Nauwkeurigheid Verwerkt informatie zorgvuldig en legt standpunten, discussies en besluiten correct vast. Interviewplanning . Toelichting op rooster Het aantal uren wordt bepaald door de lengte en inhoud van de raadsagenda. Raadsvergaderingen zijn op dinsdagavond van 19.30 tot 23.00 uur. Daarna zijn er uren nodig om het stuk uit te werken.",[],"[""Werkervaring\r\nJe hebt minimaal 2 jaar ervaring."", ""Opleidingsniveau\r\n\u2022\tHbo-werk- en denkniveau.\r\n\u2022\tBij voorkeur een afgeronde opleiding in Journalistiek, Communicatie, Media & Informatie, Bestuurskunde of een vergelijkbare richting.\r\n\u2022\tAantoonbare ervaring met journalistieke verslaglegging, redactioneel werk of politieke verslaggeving.\r\n\u2022\tAffiniteit met lokaal bestuur en gemeentelijke besluitvorming.""]",open,new
information-security-officer-71,Information Security Officer,Ministerie van Justitie en Veiligheid,,Zuid-Holland,ICT Informatievoorziening,36 uur per week,26 oktober 2026,25 juni 2027,"Functieomschrijving: Wat ga je doen? De Justitiële ICT Organisatie is ISO 27001 gecertificeerd en onze processen en procedures zijn uitgewerkt en vastgelegd in een managementsysteem (ISMS). De Information Security Officer helpt mee om het ISMS actueel te houden door actualiseren van deze procedures en procesbeschrijvingen Verder draag je bij aan het ‘In Control’ zijn op het gebied van informatiebeveiliging door het toetsen en monitoren van controls op het gebied van de Baseline Informatiebeveiliging Overheid (BIO) 2.0, excepties en het verwerken daarvan Bijdragen aan de (her)inrichting van het proces uitvoering van een periodieke IB risico-analyse Advisering van de directie gevraagd en (soms) ongevraagd over IB-gerelateerde onderwerpen. Je draagt bij aan de doorontwikkeling van een periodieke risicoanalyse op het gebied van informatiebeveiliging en systematische monitoring van de voortgang op de gestelde beheersmaatregelen. Achtergrond opdracht Goede en veilige dienstverlening aan onze opdrachtgevers is waar de Justitiële ICT Organisatie voor aan de lat staat. Dit doen wij in een wereld waarin ontwikkelingen op het gebied van geopolitiek, technologie én informatiebeveiliging zich in een hoog tempo opvolgen. Dit is een uitdaging die vraagt om inhoudelijk gedreven professionals die in staat zijn om hun diepgaand inzicht in informatiebeveiliging effectief toepassen binnen een dynamische overheidsorganisatie. Binnen het team Informatiebeveiliging en Privacy zijn wij vanwege die uitdaging op zoek naar tijdelijke versterking. Over de klant: De Justitiële ICT Organisatie (JIO) is de JenV-partner voor ICT en IV ten dienste van een veilig en rechtvaardig Nederland. JIO is van oorsprong de ICT-organisatie van de Dienst Justitiële Inrichtingen, maar sinds januari 2022 een zelfstandig ICT-dienstverlener voor het gehele ministerie van Justitie en Veiligheid. Zij maken onder meer apps, waarmee de Rijkscollega’s hun werk makkelijk en efficiënt kunnen doen. Zij zorgen voor de juiste hard- en software op werkplekken, overal in Nederland. Hoofdstructuur Justitiële ICT Organisatie: De algemeen directeur (AD) is eindverantwoordelijk voor het reilen en zeilen van de Justitiële ICT Organisatie en voor de aansluiting van de organisatie op het rijks- en JenV-beleid. Stafafdeling Kwaliteit, Planning en Control (KP&C) richt zich op de inrichting en werking van het management control systeem (MCS) van de Justitiële ICT Organisatie. De afdeling SOC heeft als hoofdtaak het proactief en reactief beschermen van de ICT-omgeving tegen cybercrime, misbruik, uitval en fouten. Daarnaast draagt het SOC bij aan de weerbaarheid tegen dreigingen voor de IT-dienstverlening. De directie Strategie en Bedrijfsvoering is verantwoordelijk voor de strategische koers van de Justitiële ICT Organisatie, en het anticiperen op interne en externe ontwikkelingen en de gevolgen daarvan voor de organisatie. Het beheer en de (door)ontwikkeling van het IV- en ICT-applicatielandschap is een verantwoordelijkheid van de Directie Implementatie en Dienstverlening. Daarbij gaat het om de voorzieningen die exclusief voor een bepaalde opdrachtgever of voor een groep van opdrachtgevers worden ontwikkeld en beheerd, de zogenoemde gemeenschappelijke of gedeelde diensten. De directie Basisvoorzieningen is verantwoordelijk voor het beheer van de netwerkinfrastructuur, platformen en standaard ICT-voorzieningen en daarmee voor de continuïteit en betrouwbaarheid van de dienstverlening.","[""Een afgeronde hbo-opleiding met een sterke ICT-component (securitymanagement / informatiebeveiliging)."", ""Ervaring bij de rijksoverheid (bij voorkeur in de context van JenV) (minimaal 4 jaar)."", ""Relevante werkervaring binnen een soortgelijke functie (minimaal 5 jaar)."", ""CISM / CISP."", ""Kennis van ISO 27001/27002 en de Baseline Informatiebeveiliging Overheid (BIO 2.0).""]","[""Vermogen om de dagelijkse praktijk in het grotere geheel te plaatsen en op basis hiervan een strategie te formuleren."", ""Kennis van wet- en regelgeving op het gebied van informatiebeveiliging (o.a. BIO 2.0 en NIS2) en de normen ISO 27001/27002; praktijkervaring met toepassing en certificeringsaudits."", ""Minimaal 5 jaar ervaring in een soortgelijke functie als Information Security Officer."", ""Kennis van privacywetgeving (AVG) en ISO 27701."", ""Ervaring met strategisch denken en handelen, veranderprocessen en complexe bestuurlijke/politieke besluitvorming."", ""Gevoel voor verhoudingen in een politiek-ambtelijke omgeving; uitstekende mondelinge en schriftelijke communicatie; overtuigingskracht."", ""Aantoonbare ervaring in (inter)departementale samenwerking, organisatieontwikkeling en het vervullen van een boegbeeldrol."", ""Beschikbaarheid minimaal 4 dagen per week.""]",open,new
senior-testmanager-9,Senior testmanager,Het Kadaster,max €115 per uur,Gelderland,ICT Informatievoorziening,36 uur per week,02 november 2026,30 april 2027,"Kadaster Het Kadaster registreert en verstrekt gegevens over de ligging van vastgoed in Nederland en de daarmee samenhangende rechten, zoals eigendom en hypotheek. Als zelfstandig bestuursorgaan is dat onze wettelijke taak. Onze gegevens bieden houvast bij het onderzoeken van maatschappelijke vraagstukken, of het nu gaat om de beste route voor een nieuwe snelweg, actuele ontwikkelingen op de woningmarkt of het in beeld brengen van leegstand. Opdracht Het programma De organisatie bevindt zich midden in een strategische vernieuwing van het SAP-landschap. Bestaande oplossingen, waaronder SAP FICO, SAP Analytics Cloud (SAC) en CRM-systemen, worden vervangen door moderne applicaties die via een Azure Integratieplatform met elkaar worden verbonden. De projecten ERP-Core en KOSMO hebben een grote impact op de bedrijfsvoering. Zij raken niet alleen bedrijfs- en klantprocessen, maar ook de gegevenshuishouding, het applicatielandschap en de inrichting van de organisatie. Om een succesvolle ingebruikname te waarborgen, worden zowel bestaande als nieuw ingerichte processen, evenals de gerealiseerde systeemkoppelingen, uitgebreid getest op kwaliteit, betrouwbaarheid en operationele inzetbaarheid voordat deze in productie worden genomen. Rolbeschrijving De Senior Testmanager is verantwoordelijk voor het opzetten, inrichten en aansturen van het testproces binnen de projecten ERP Core en KOSMO. In deze rol zorgt hij of zij voor een gestructureerde en effectieve testaanpak, waarmee de kwaliteit, betrouwbaarheid en gereedheid van processen, applicaties en systeemkoppelingen worden geborgd. De Senior Testmanager opereert proactief en is een volwaardige sparringpartner voor programmamanagement, projectleiders en andere belangrijke stakeholders. Hij of zij speelt een cruciale rol in het signaleren van risico’s, het bewaken van de voortgang en het adviseren over testresultaten en kwaliteitsvraagstukken. Succes in deze functie vraagt om een verbindende persoonlijkheid die samenwerking stimuleert en bijdraagt aan een positieve en resultaatgerichte werkomgeving. Tegelijkertijd beschikt de Senior Testmanager over een hands-on mentaliteit en de bestuurlijke stevigheid om kritische inzichten, risico’s en aandachtspunten tijdig en helder bespreekbaar te maken, ook wanneer deze organisatorisch of bestuurlijk gevoelig liggen. Daarnaast is kennis van en ervaring binnen de (semi-)overheid essentieel. De kandidaat begrijpt de dynamiek van publieke organisaties en heeft oog voor publieke verantwoording, politieke sensitiviteit en de complexiteit van samenwerken met meerdere stakeholders en belangen. Belangrijkste technieken, methoden en tools Salesforce SAP (o.a. FICO) Azure Integratieplatform AFAS Databricks Power BI Agile / SAFe CI/CD Testautomatisering en testmanagement tooling TMAP / ISTQB-methodieken De belangrijkste taken en verantwoordelijkheden zijn Ontwikkelen en onderhouden van de integrale teststrategie en testaanpak voor de programma’s ERP Core (AFAS) en KOSMO (Salesforce). Inrichten en beheren van testomgevingen en testtooling, met aandacht voor privacy-, security- en kwaliteitskaders. Regie voeren op de voorbereiding, planning, uitvoering en afronding van alle testactiviteiten, waaronder integratie-, keten-, migratie- en acceptatietesten. Bewaken van de voortgang, kwaliteit, risico’s en afhankelijkheden binnen het testdomein en tijdig escaleren waar nodig. Zorgdragen voor de realisatie van randvoorwaarden die noodzakelijk zijn voor een effectief en efficiënt testproces. Aansturen, coachen en ontwikkelen van het testteam en zorgen voor een adequate bezetting, zowel kwalitatief als kwantitatief. Verankeren van de testaanpak binnen de programmaorganisatie en stimuleren van continue kwaliteitsverbetering op basis van testresultaten en evaluaties. Opbouwen en onderhouden van effectieve samenwerkingsrelaties met projectteams, lijnorganisatie en externe ketenpartners. Rapporteren over testvoortgang, kwaliteit, risico’s en bevindingen aan programmamanagement, projectleiders en andere stakeholders. Adviseren over acceptatie-, vrijgave- en go-livebesluiten op basis van objectieve testresultaten en kwaliteitscriteria. Competenties Verbindend leiderschap Organisatiesensitiviteit Overtuigingskracht Resultaatgerichtheid Analytisch vermogen Besluitvaardigheid Samenwerkingsgerichtheid Initiatief Communicatieve vaardigheid Onafhankelijke oordeelsvorming","[""3. Het CV dient in het Nederlands te zijn opgesteld en mag niet langer zijn dan maximaal 6 pagina\u2019s A4. De motivaties op de eisen en de antwoorden op de gunningscriteria dienen binnen het opgegeven aantal pagina\u2019s te worden opgenomen"", ""4. De kandidaat beheerst de Nederlandse taal vloeiend, in woord en geschrift"", ""5. De kandidaat beschikt over minimaal 10 jaar aantoonbare ervaring als Testmanager"", ""6. De kandidaat beschikt over minimaal 3 jaar aantoonbare ervaring als Testmanager binnen SAP-omgevingen"", ""8. De kandidaat beschikt over academisch werk- en denkniveau"", ""9. De kandidaat heeft kennis op het niveau van TMAP Professional Advanced, TMAP Organizing Quality at Scale of ISTQB Advanced Test Management"", ""12. De kandidaat beheerst de Nederlandse taal uitstekend in woord en geschrift"", ""13. De kandidaat toont aantoonbaar ervaring in het adviseren van management en stakeholders binnen complexe programmaomgevingen"", ""10. De kandidaat beschikt over aantoonbare ervaring met Agile/SAFe \u00e9n traditionele projectmethodieken (waterval/V-model)"", ""11. De kandidaat beschikt over aantoonbare ervaring met CI/CD, testautomatisering en testmanagement tooling"", ""7. De kandidaat beschikt over minimaal 3 jaar aantoonbare werkervaring binnen een overheids- of semi-overheidsorganisatie""]","[""14. Beschrijf uw relevante ervaring binnen (semi)overheidsorganisaties met het opbouwen en onderhouden van effectieve samenwerkingsrelaties met projectteams, lijnorganisatie en externe ketenpartners, passend bij een organisatie als het Kadaster."", ""15. Beschrijf uw (relevante en recente) ervaring met het ontwikkelen en onderhouden van de integrale teststrategie en testaanpak voor de programma\u2019s""]",open,new
business-en-data-analist,Business en Data Analist,RVO,,Zuid-Holland,ICT Informatievoorziening,18 uur per week,19 oktober 2026,18 januari 2027,"Op dit moment is onvoldoende inzicht beschikbaar in: Welke mkb-bedrijven gebruikmaken van verduurzamingsregelingen; Welke sectoren en bedrijfsgroottes worden bereikt; Welke regelingen het meest effectief zijn; Welke doelgroepen onvoldoende worden bereikt; Hoe verschillende databronnen gecombineerd kunnen worden om beleids- en uitvoeringsvragen te beantwoorden. Daarnaast bevinden relevante gegevens zich verspreid over verschillende systemen, regelingen en organisaties. Hierdoor is het lastig om op basis van feiten te sturen op de effectiviteit van het instrumentarium. De gewenste situatie is een datagedreven werkwijze waarmee beleidsmakers, uitvoerders en programmamanagers inzicht krijgen in het gebruik en de effectiviteit van verduurzamingsregelingen voor het mkb. Het project richt zich op ""Betere kennis voor en over het mkb bij verduurzaming"" binnen de context van RVO. Het doel is inzicht te verkrijgen in het gebruik van verduurzamingsregelingen door het mkb en om de benodigde data, KPI's en analysemogelijkheden te identificeren die nodig zijn om beleids- en uitvoeringsvragen te beantwoorden. Het project levert een aanpak op waarmee beter gestuurd kan worden op de effectiviteit en het bereik van verduurzamingsregelingen voor verschillende typen mkb-ondernemingen. Beoogde resultaten omvatten o.a. een overzicht van de regelingen die binnen RVO worden uitgevoerd, een overzicht van de beschikbare databronnen en ontbrekende databronnen, een set businessvragen en KPI's, en een proof of concept of eerste analyse. Het programma Integrale Werkgroep Verduurzaming MKB kent meerdere deelopdrachten. Opdracht 1.5 richt zich op inzicht in de verdeling van middelen van het Rijk ter ondersteuning van het mkb bij de verduurzaming (naar bedrijfsgrootte, branche). Het mkb is cruciaal bij het halen van de doelstellingen van het klimaatakkoord en vormt een belangrijke doelgroep voor RVO. De data die hiervoor nodig is, is versnipperd en de ontsluiting van data uit verschillende bronsystemen is nog niet georganiseerd. De projectleider/analist fungeert als verbindende schakel tussen data-eigenaren, privacy- en IB-adviseurs en aanpalende trajecten zoals het programma Klantdatafundament.","[""Kandidaat heeft minimaal 3 jaar aantoonbare ervaring met het co\u00f6rdineren of trekken van projecten met meerdere organisaties of partijen, zonder formele doorzettingsmacht."", ""Kandidaat heeft minimaal 3 jaar aantoonbare werkervaring als business- en/of data-analist op het snijvlak van beleid, data en uitvoering.""]","[""Aantoonbare ervaring met stakeholdermanagement op bestuurlijk niveau."", ""Aantoonbare werkervaring als project-/programmamanager binnen de rijksoverheid, bij voorkeur binnen uitvoeringsorganisaties."", ""Kandidaat heeft minimaal een aantoonbare afgeronde opleiding op WO-niveau.""]",open,new
projectmanager-data-ai-implementatie,Projectmanager Data & AI Implementatie,Ministerie van Binnenlandse Zaken en Koninkrijksrelaties,,Zuid-Holland,ICT Informatievoorziening,27 uur per week,01 oktober 2026,30 september 2027,"Functieomschrijving: Opdrachtgever Het Ministerie van Binnenlandse Zaken en Koninkrijksrelaties (BZK) werkt aan de basis van onze samenleving en bewaakt de grondrechten, zodat iedereen meetelt en dezelfde kansen heeft. Offline en online. Ook wordt er gewerkt aan betrouwbaar openbaar bestuur en een bereikbare overheid in een sterke democratie. BZK doet dat voor de samenleving. Én voor de hele rijksoverheid. Zodat ook andere ministeries hun werk voor en met Nederland en het Caribisch deel van ons Koninkrijk goed kunnen doen. De directie Chief Information Officer & Informatiemanagement (CIO&I) begeleidt BZK naar een nieuw tijdperk van digitalisering. Onze missie: CIO&I informeert, adviseert, en inspireert BZK. We zorgen ervoor dat de IT, data en informatie van BZK van kwaliteit is. We zijn strategisch partner bij zowel ontwikkeling als exploitatie van IT, we jagen innovaties aan en we vergroten kennis binnen de organisatie. We stellen de I-strategie van BZK op en onderhouden deze. We adviseren ook over de voorbeeldrol van BZK op het gebied van informatiehuishouding, die geënt is op openheid, betrouwbaarheid en grondrechten. We stellen daartoe beleid op, geven advies en houden toezicht. Daarnaast verlegt onze directie CIO&I de aandacht steeds meer naar het benutten van kansen met digitalisering. Onze uitvoerende rol groeit: we zijn opdrachtgever van een aantal grote programma’s. Tot slot zijn we verantwoordelijk voor het CIO-stelsel binnen BZK, waarbinnen alle CIO’s van de verschillende BZK organisaties vallen. AI-Cluster CIO&I BZK Het AI-team en AI Competence Center (AICC) binnen BZK is organisatorisch ondergebracht bij CIO BZK. Het team bestaat uit de Plv. CDO en portefeuillehouder AI, de kwartiermaker AICC, AI Community manager, AI Compliance & Governance adviseur, Senior Communicatie adviseur, en meerdere projectmanagers. Project Als Specialist Agentic AI ben je verantwoordelijk voor de implementatie van een agentic AI platform waarop een beleidssimulartor en deep research agent zelfstandig aan de slag gaan met beleidsvragen. Doel is om elk bestaand maatschappelijk relevant dossier te kunnen oplossen en ten minste drie goede conceptwetten per dossier te produceren. Je zorgt voor een gestructureerde aanpak, tijdige oplevering van resultaten en effectieve afstemming met alle betrokken partijen. Resultaten en Deliverables: Ontwerp Infrastructuur Architectuurdiagrammen en Documentatie Inrichten OTAP (Ontwikkel, Test, Acceptatie, Productie) OTAP-Proces en Workflow Deployen containers Container Orchestratie met Kubernetes Inrichten Back-ups en Disaster Recovery","[""Kandidaat beschikt over minimaal 2 jaar aantoonbare werkervaring met agentic AI"", ""Kandidaat beschikt over ervaring met N8N, open source agents en knowledge graphs (aantoonbaar in cv)"", ""Kandidaat beschikt over WO werk- en denkniveau"", ""Kandidaat beschikt over minimaal 5 jaar aantoonbare werkervaring met process automation en AI""]","[""Mate waarin de kandidaat ervaring heeft met projectmatig werken"", ""Mate van ervaring en/of affiniteit met de organisatie van de opdrachtgever."", ""Mate waarin de kandidaat beschikt over de gevraagde competenties en vaardigheden (toetsbaar in CV, motivatie en/of mogelijk gesprek)."", ""Mate waarin de kandidaat beschikt over gevorderde kennis van en praktische ervaring met Agentic AI""]",open,new
data-migratie-expert-1,Data-migratie expert,Stichting Reclassering Nederland (RN),,Utrecht,ICT Informatievoorziening,24 uur per week,02 november 2026,01 november 2027,"Opdrachtbeschrijving Voor het project IPPS zoeken wij een Data-migratie-expert die, samen met de interne 3RO-organisatie en leveranciers van de nieuwe systemen, zorgt dat gegevens volledig, correct, veilig en tijdig worden overgezet met minimale impact op gebruikers. Achtergrond opdracht De drie Reclasseringsorganisaties (3RO) werken aan een ingrijpende modernisering van de informatievoorziening. Het huidige systeemlandschap voldoet niet langer aan de architectuurvisie, eisen op het gebied van informatiebeveiliging en gegevensmanagement of de strategische koers van de beheerorganisatie. Het programma omvat twee trajecten: implementatie van een nieuw primair processysteem en aanbesteding plus implementatie van een nieuw dataplatform ter vervanging van ROBIN. Over de klant: Reclassering Nederland is een privaatrechtelijke stichting met eigen rechtspersoonlijkheid die werkt aan een veiliger samenleving. Samen met justitie, politie, gemeenten en het gevangeniswezen zetten we alles op alles om te voorkomen dat mensen opnieuw de fout in gaan. Dat doen we door aan de slag te gaan met verdachten en veroordeelden en hen aan te sporen hun gedrag te veranderen. Dat gebeurt vanaf hun arrestatie tot het moment dat zij weer op vrije voeten zijn. Medewerkers van Reclassering Nederland werken volgens uitgekiende methodes en op basis van wetenschappelijke ontwikkelingen. Het reclasseringswerk is het middelpunt van onze taak: bijdragen aan een veiliger samenleving. De afdeling I&F is onder meer verantwoordelijk voor de ICT-infrastructuur binnen de organisatie. De afdeling ondersteunt collega’s met betrouwbare oplossingen op basis van de generieke infrastructuur die constant wordt verbeterd. De afdeling beheert ruim 3.200 accounts van de drie Reclasseringsorganisaties (3RO) bestaande uit Reclassering Nederland, Leger des Heils en Verslavingsreclassering GGZ. De afdeling I&F beheert de volledige ICT-infrastructuur van Reclassering Nederland en van de andere twee reclasseringsorganisaties de Citrix-omgeving. De afdeling I&F bestaat uit 50 fte en bestaat naast het management, de Servicedesk en Bureau IRIS, uit vijf beheerteams: Citrix/Windows, Netwerken, Technisch applicatiebeheer, Unix/DBA en Functioneel Beheer Bedrijfsvoering. Bureau IRIS bestaat uit functioneel beheerders en ontwikkelaars die verantwoordelijk zijn voor het primaire clientvolgsysteem IRIS en de omgeving Portalen van de 3RO. Het team Statistische Informatievoorziening en Beleidsanalyse (SIBA) ontsluit, veredelt en analyseert gegevens uit het primaire proces en vanuit de keten. Op basis van deze data maakt en levert het team stuurinformatie, verantwoordingsinformatie en beleidsanalyses voor de 3RO. Daarnaast voert het team kwantitatief en kwalitatief onderzoek uit, vaak in samenwerking met een breed netwerk van kennis- en onderzoeksinstellingen en justitiële ketenpartners. SIBA ontwikkelt en beheert het volledige reclasseringsdatawarehouse gebaseerd op de brondata van het primaireprocessysteem IRIS.","[""Minimaal 5 jaar bewezen werkervaring met projectmatig werken."", ""Post-hbo of universitaire opleiding."", ""ITIL, Prince II en Agile-Scrum kennis."", ""Minimaal 5 jaar bewezen werkervaring met datamigratie.""]","[""Samenwerkingsvermogen: Intensieve afstemming met Dataplatform, Verandering & Communicatie, beheerorganisatie en leverancier."", ""Stakeholdermanagement."", ""Organisatiesensitiviteit: Begrijpen van de dynamiek van drie zelfstandige organisaties die gezamenlijk \u00e9\u00e9n oplossing realiseren.""]",open,new
specialist-arbeidsparticipatie-en-inburgering-15,Specialist-arbeidsparticipatie en inburgering,gemeente Eindhoven,max €82 per uur,Noord-Brabant,ICT Informatievoorziening,36 uur per week,01 oktober 2026,31 december 2026,"Je werkt binnen het sociaal domein met een toegewijd team voor en aan het migratie programma. Jij bent regisseur, zoals beschreven in de nieuwe wet Inburgering en voert uitvoerende taken uit op het gebied van arbeidsparticipatie. Het gaat dan om onder meer de volgende taken: • Je neemt brede intakes af, stelt persoonlijke inburgeringsplannen (PIP) op en voert voortgangsgesprekken (waar nodig confronterend) met inburgeraars; • Je zorgt samen met de inburgeraar voor de uitvoering van het PIP: zoals inzet leerroute, ontzorgen en begeleiding naar (arbeids)participatie; • Waar nodig verwijs je naar (externe) deskundigen zoals bijvoorbeeld de generalisten van WIJeindhoven; • Je begeleidt inburgeraars richting werk en zelfredzaamheid, bereidt ze hierop voor en informeert ze over de rechtmatigheid van uitkeringen; • Je bemiddelt tussen kandidaten en werk en zorgt voor een goede match; • Je rapporteert over de voortgang van jouw caseload, de behaalde resultaten en uitstroom. Daarvoor stel je dossiers en rapporten op; • Je draagt bij aan de verbinding tussen beleid en uitvoering en hebt een actieve rol in de overgang in de dienstverlening naar de nieuwe Wet Inburgering. Collega Filemon: “In onze aanpak moet je creatief zijn en die extra stap willen zetten. We doen wat nodig is om het resultaat te halen en zien dit als een gezamenlijk doel. Niet alleen als team, maar samen met de inburgeraars” Met wie doe je dat? Je werkt nauw samen andere specialisten, externe partijen, partners (bijvoorbeeld het werkgelegenheidsteam) en generalisten. Samen maak je een integrale afweging en overleg je met externe instellingen/hulpverleners. Ook adviseer je aan de andere programma’s binnen het sociaal domein. Hoe maak jij het waar? • Je hebt een hbo werk- en denkniveau en bent bij voorkeur opgeleid in de richting van arbeidsre-integratie; • Je hebt kennis van en ervaring met de Participatiewet. Je hebt ruime ervaring met de uitvoering van het doelmatige gedeelte van de Patricipatiewet. • Je bent bekend met de nieuwe wet Inburgering 2021 en hebt ervaring met het werken met inburgeringsplichtigen. Je staat open voor verschillende culturele achtergronden en vind het boeiend om hiermee aan de slag te gaan; • Je bent bekend met de sociale kaart op terrein van onderwijs, arbeidsmarkt en inburgering; • Je plant en organiseert je werk en houdt overzicht over de voortgang van jouw caseload; • Je hebt een brede kijk op het gehele inburgeringstraject en de verschillende leefgebieden; • Je gaat goed om met hectiek en kunt snel schakelen tussen verschillende situaties en niveaus. Je houdt daarbij je doel voor ogen; • Je schroomt niet om zaken bespreekbaar te maken met collega’s of met je klant als je ergens niet uitkomt. Ook ben je een deskundige en kritische gesprekspartner voor externe partijen en contractpartners; • Je weet hoe het is om met verschillende belangen te werken. Je kunt hoofd- van bijzaken scheiden en brengt dit samen in een passend plan van aanpak voor de klant. Hiervoor durf je ook buiten de gebruikelijke wegen te kijken. Let op: i.v.m. de vakantie volgt de terugkoppeling na 7 september.","[""Je hebt een opleiding/cursus afgerond van de Wet Inburgering, of je bent bereid om deze te volgen."", ""Je werkt fulltime op kantoor."", ""Je hebt kennis van en ervaring met de Participatiewet en ruime ervaring met de uitvoering van het doelmatige gedeelte van de Patricipatiewet."", ""Je bent bekend met de nieuwe wet Inburgering 2021 en hebt ervaring met het werken met inburgeringsplichtigen."", ""Je bent bekend met de sociale kaart op terrein van onderwijs, arbeidsmarkt en inburgering."", ""Je hebt een hbo werk- en denkniveau en bent bij voorkeur opgeleid in de richting van arbeidsre-integratie.""]","[""Je hebt een brede kijk op het gehele inburgeringstraject en de verschillende leefgebieden."", ""Je gaat goed om met hectiek en kunt snel schakelen tussen verschillende situaties en niveaus."", ""Je schroomt niet om zaken bespreekbaar te maken met collega\u2019s of met je klant als je ergens niet uitkomt."", ""Je weet hoe het is om met verschillende belangen te werken. Je kunt hoofd- van bijzaken scheiden en brengt dit samen in een passend plan van aanpak voor de klant."", ""In de persoonlijke motivatie een onderbouwing waaruit blijkt dat de kandidaat over de gevraagde competenties beschikt.""]",open,new
legal-knowledge-engineer-wet-en-regelanalyse,Legal knowledge engineer – wet- en regelanalyse,UWV,,Noord-Holland,ICT Informatievoorziening,36 uur per week,01 oktober 2026,31 december 2026,"Legal Knowledge Engineer – Wet- en Regelanalyse Voor de Omgevingsdienst Noordzeekanaalgebied (OD NZKG) zijn wij op zoek naar een Legal Knowledge Engineer. Een specialistische functie op het snijvlak van wet- en regelgeving, data en AI. Binnen het AI-team werk je mee aan de ontwikkeling van een centrale kennisbasis waarmee wet- en regelgeving niet alleen door mensen, maar ook door digitale systemen en AI-toepassingen kan worden geïnterpreteerd en toegepast. Opdrachtgegevens Functie: Legal Knowledge Engineer – Wet- en Regelanalyse Opdrachtgever: Omgevingsdienst Noordzeekanaalgebied Afdeling: Data & Innovatie Locatie: Zaandam Start: zo spoedig mogelijk Einddatum: 31 december 2026 Uren: 24 – 36 uur per week Maximaal tarief: €90,- per uur Contractvorm: detachering ZZP: niet mogelijk De aanvraag is uitsluitend geschikt voor kandidaten in loondienst/detachering en niet voor zelfstandigen. De functie Als Legal Knowledge Engineer analyseer je complexe wet- en regelgeving en vertaal je juridische teksten naar gestructureerde gegevens- en kennismodellen. Je brengt voorwaarden, definities, verplichtingen en uitzonderingen in kaart en legt deze vast in een centrale kennisbasis. Daarnaast modelleer je beslisregels en kennisstructuren en breng je relaties tussen wetsartikelen, definities en voorschriften in kaart. Het doel: wet- en regelgeving machine-leesbaar, herbruikbaar en geschikt voor AI-toepassingen en kennisgedreven automatisering maken. Je werkt hierbij nauw samen met juristen, vergunningverleners, toezichthouders en ontwikkelaars. Wat ga je doen? Analyseren en interpreteren van wet- en regelgeving binnen het fysieke domein Vertalen van complexe juridische teksten naar gestructureerde gegevensmodellen Vastleggen van voorwaarden, uitzonderingen, definities en verplichtingen Modelleren van beslisregels, beslisbomen en kennisstructuren Identificeren van relaties tussen wetsartikelen, definities en voorschriften Opzetten van datasets voor AI-toepassingen en kennisgedreven automatisering Afstemmen van juridische interpretaties met inhoudelijke experts Bijdragen aan de ontwikkeling van een centrale kennisbasis voor wet- en regelgeving Wat breng je mee? HBO- of WO-werk- en denkniveau Aantoonbare ervaring met het analyseren van wet- en regelgeving Ervaring met het interpreteren van complexe juridische teksten Ervaring met het structureren en modelleren van informatie Affiniteit met kennismodellen, beslisbomen en regelmodellen Affiniteit met datamodellering en databases Begrip van de mogelijkheden van AI en kennisgedreven automatisering Sterk analytisch vermogen en een nauwkeurige werkwijze Goede communicatieve en samenwerkingsvaardigheden Kennis van de Omgevingswet en aanverwante regelgeving is een pré. Ervaring binnen een overheids- of uitvoeringsorganisatie is eveneens een plus. Over OD NZKG De Omgevingsdienst Noordzeekanaalgebied werkt aan een veilige, gezonde en duurzame leefomgeving in een regio waar industrie, infrastructuur, woningbouw en natuur samenkomen. Binnen het multidisciplinaire AI-team komen juridische expertise, data en technologie samen om vergunningverlening, toezicht en handhaving slimmer en efficiënter te ondersteunen. Interesse? Herken jij jezelf in dit profiel en ben je beschikbaar voor 24 – 36 uur per week? Reageer dan met je actuele CV, beschikbaarheid en tarief. Let op: het maximale tarief voor deze detacheringsaanvraag bedraagt €90,- per uur. Zelfstandige inzet/ZZP is niet mogelijk.","[""HBO- of WO-werk- en denkniveau"", ""Affiniteit met datamodellering en databases"", ""Begrip van de mogelijkheden van AI en kennisgedreven automatisering"", ""Aantoonbare ervaring met het analyseren van wet- en regelgeving"", ""Ervaring met het interpreteren van complexe juridische teksten"", ""Ervaring met het structureren en modelleren van informatie"", ""Affiniteit met kennismodellen, beslisbomen en regelmodellen"", ""Sterk analytisch vermogen en een nauwkeurige werkwijze"", ""Goede communicatieve en samenwerkingsvaardigheden""]","[""Kennis van de Omgevingswet en aanverwante regelgeving"", ""Ervaring binnen een overheids- of uitvoeringsorganisatie""]",open,new
technisch-applicatiebeheerder-m365-1,Technisch applicatiebeheerder m365,Provincie Gelderland,max €85 per uur,Gelderland,ICT Informatievoorziening,40 uur per week,02 november 2026,30 april 2027,"Omschrijving Opdrachtgever provincie Gelderland Gelderland, de mooiste provincie van Nederland! Elke dag werken we in de grootste provincie van Nederland samen met 2.000 medewerkers om Gelderland mooi, schoon, welvarend en veilig te houden van en voor ons allemaal. We doen dit met veel inzet, motivatie, kennis en kunde en uiteraard samen met allerlei organisaties en partijen. Samen zoeken we telkens naar nieuwe passende oplossingen voor complexe maatschappelijke opgaven zoals bijvoorbeeld energietransitie, woningbouw, mobiliteit, natuur of milieu. Dit maakt ons werk uitdagend, interessant en zinvol. Opdracht De afdeling I&A is de professionele dienstverlener op het gebied van informatiedienstverlening en informatietechnologie. Als I&A voorzien we de provinciale collega’s van de juiste en actuele ICT-voorzieningen, zodat zij zich op hun kerntaken kunnen richten. Ook adviseren wij de provinciale organisatie bij het automatiseren van processen en bij het samenstellen en beheren van data- en/of gegevensverzamelingen. Team Beheer vormt het kloppend hart van de IT-organisatie van de provincie Gelderland. Het team is verantwoordelijk voor het functioneel en technisch beheer én het onderhoud van alle provinciale applicaties en de onderliggende infrastructuur in Azure. Team Beheer bestaat uit 35 betrokken professionals. Samen combineren we technische expertise met een sterke focus op dienstverlening. We denken vooral in oplossingen die het werk van onze collega’s makkelijker en effectiever maken. Microsoft 365 is er hier één van. Voor team I&A Beheer zijn we op zoek naar een technisch applicatiebeheerder M365 die ons team tijdelijk komt versterken (ter overbrugging naar een vaste invulling van de functie). In deze functie sta je in nauw contact met collega’s binnen én buiten I&A. Jij zorgt ervoor dat jouw collega’s hun werk efficiënt kunnen doen door een optimale digitale ondersteuning. Je werkt 36 tot 40 uur per week waarvan minimaal 2 dagen per week op het Provinciehuis te Arnhem en voor de rest is, in overleg, thuiswerken mogelijk. Je bent expert in het technisch beheren van Microsoft 365: Sharepoint en Teams, OneDrive, Viva Engage, Exchange online, Purview, Defender en Entra. Je ondersteunt onze collega’s proactief, je denkt actief mee, monitort nieuwe Microsoft-ontwikkelingen en wijzigingen en adviseert over de impact daarvan op onze organisatie. Ook bied je tweede en derdelijns ondersteuning. In deze functie breng je analytische vaardigheden, oplossingsgerichtheid en samenwerkingskracht samen. Je staat stevig in je schoenen en gaat makkelijk het gesprek aan. Je communiceert helder en stimuleert bewust digitaal gedrag. Je houdt moeiteloos overzicht, kunt prioriteiten stellen en kunt werkzaamheden effectief organiseren. Daarbij werk je graag samen, maar neem je ook zelfstandig initiatief wanneer dat nodig is. Je bent analytisch sterk, je ziet kansen tot verbetering en denkt in oplossingen. Complexe informatie kun je helder overbrengen, zowel aan collega’s uit de vak-inhoud als aan niet-technische gebruikers. Taken en verantwoordelijkheden zijn: Uitvoeren van technische 2de en 3de-lijnswerkzaamheden m.b.t. Microsoft 365 (o.a. adviseren, impact bepalen, technisch complexe zaken inrichten, meldingen afhandelen, issues oplossen); Proactief beheren van de M365-omgeving; Automatiseren en opnieuw beleggen van de Microsoft 365-gerelateerde werkzaamheden; Techniek achter ons intranet vernieuwen en uitvoering geven aan het project Sharepoint Modern sites; Begeleiden en uitvoeren van wijzigingen aan ICT-systemen. Het maken van impactanalyses, vakinhoudelijke kennis inbrengen en bijdragen aan het besluitproces is onderdeel hiervan; Bijdragen aan goed en actueel versiebeheer en configuratiebeheer. Randvoorwaarde De technisch applicatiebeheerder maakt onderdeel uit van het cluster Cloud van team Beheer, neemt deel aan team overleggen van het team I&A/Beheer, levert een inspanning om het werk zo goed mogelijk uit te voeren onder hiërarchische aansturing en met afhankelijkheid van het team. De technisch applicatiebeheerder is ingebed in de lijnorganisatie. Vereisten / knock-outcriteria Eis 1 Beschikbaarheidseis Kandidaat is inzetbaar vanaf 2 november 2026 tot en met 30 april 2027 voor 36 tot 40 uur per week. Minimaal 2 dagen per week werkzaam op het Provinciehuis te Arnhem en in overleg thuiswerken. De inhuuropdracht kan optioneel worden verlengd met 2 maal een periode van 6 maanden. Afhankelijk van de beschikbaarheid van kandidaat, is een gefaseerde start en/of latere startdatum mogelijk, mits kandidaat uiterlijk 16 november 2026 inzetbaar is voor minimaal 36 uur per week. De startdatum is onder voorbehoud van een tijdige afronding van de offerteprocedure. Dit kan ook betekenen dat de startdatum van de opdracht zal moeten worden opgeschoven. Aan de vermelde startdatum in de offerteaanvraag kunnen zodoende geen rechten worden ontleend. Eis 2 Overige eis Je voegt een CV van maximaal 5 pagina's A4 toe. Indien het CV (incl. figuren, tabellen, voorblad en inhoudsopgave) langer is dan het toegestane aantal A4's, wordt deze enkel voor het toegestane aantal A4's beoordeeld, waarna de overige A4's buiten de beoordeling worden gehouden. Het CV is in het Nederlands gesteld en bij voorkeur in PDF-formaat. In het CV dient te allen tijde een vermelding van de functienaam, start- en einddatum (MAAND EN JAAR) van de werkzaamheden en aantal gewerkte uren per week te zijn vermeld. Het CV dient louter ter verificatie van de bij de eisen en gunningscriteria kwaliteit gegeven toelichting. Je dient in het CV apart op alle eisen en gunningscriteria kwaliteit een toelichting (antwoord/beschrijving) te geven waarmee je aantoont dat je, of de aangeboden kandidaat, aan de eis of het gunningscriterium kwaliteit voldoet . Eis 3 Kandidaat beschikt aantoonbaar over minimaal een HBO werk- en denkniveau op het gebied van IT, opgedaan door een combinatie van een afgeronde HBO opleiding met minimaal 5 jaar recente relevante ervaring in de IT, of een afgeronde MBO opleiding met minimaal 10 jaar recente relevante ervaring in de IT. Benoem de naam van de opleiding, de plaats en het afstudeerjaar. Benoem ook in welke rol en in een concrete beschrijving hoe de gevraagde werkervaring is opgedaan. Eis 4 Kandidaat beschikt aantoonbaar over minimaal 5 jaar ervaring (opgedaan in de periode 2018 - heden) in de functie van technisch applicatiebeheerder van Microsoft 365 producten. binnen overheid organisatie Benoem en beschrijf concreet (geen abstracte termen) in uw toelichting de opdrachten/projecten waaruit blijkt dat u aan de eis van minimaal 5 jaar ervaring voldoet. Eis 5 Kandidaat is aantoonbaar minimaal 5 jaar werkzaam geweest bij of voor een organisatie met 500+ medewerkers. Benoem en beschrijf concreet (geen abstracte termen) in uw toelichting in welke periode u bij of voor welke organisatie werkzaam bent geweest, het aantal medewerkers werkzaam bij deze organisatie en welke functie u heeft ingevuld gedurende deze periode. Eis 6 Kandidaat beschikt aantoonbaar over minimaal 3 jaar ervaring (opgedaan in de periode 2018 - heden) in de functie van technisch specialist cq cloud engineer op het Microsoft Azure platform. Benoem en beschrijf concreet (geen abstracte termen) in uw toelichting de opdrachten/projecten waaruit blijkt dat u aan de eis van minimaal 3 jaar ervaring voldoet. Eis 7 Inschrijver voldoet aan de gestelde uitvoeringsvoorwaarde zoals bovenaan benoemd in de uitvraag. Gunningscriteria kwaliteit (wensen) totaal 100 punten Wens 1 (30 punten) Kandidaat beschikt aantoonbaar over de volgende Microsoft certificaten, aan te tonen met de naam van de opleiding en het jaar waarin het certificaat is behaald. Microsoft 365 Fundamentals (MS-900) Managing Microsoft Teams (MS-700) Microsoft Azure Fundamentals (AZ-900) Microsoft 365 Administrator (MS-102) Kandidaat beschikt over alle vier de Microsoft certificaten (30 punten) Kandidaat beschikt over drie van de vier Microsoft certificaten (20 punten) Kandidaat beschikt over twee van de vier Microsoft certificaten (10 punten) Kandidaat beschikt over één van de vier Microsoft certificaat (5 punten) Kandidaat beschikt niet over de gevraagde Microsoft certificaten (0 punten) Wens 2 (20 punten) Kandidaat beschikt aantoonbaar over ervaring met het beheren van applicaties die op gevirtualiseerde omgevingen draaien, aan te tonen met praktijkvoorbeelden. Kandidaat heeft ervaring met het beheren van applicaties die op gevirtualiseerde omgevingen draaien (20 punten) Kandidaat heeft geen ervaring met het beheren van applicaties die op gevirtualiseerde omgevingen draaien (0 punten) Wens 3 (20 punten) Kandidaat heeft aantoonbaar ervaring met het security domein en kent de ins en outs van security binnen Microsoft 365, aan te tonen met praktijkvoorbeelden. Kandidaat heeft ervaring met het security domein en kent de ins en outs van security binnen Microsoft 365 (20 punten) Kandidaat heeft geen ervaring met het security domein (0 punten) Wens 4 (20 punten) Kandidaat heeft aantoonbaar ervaring met ShareGate, PowerShell en MS Graph, aan te tonen met praktijkvoorbeelden. Kandidaat heeft ervaring met ShareGate EN PowerShell EN MS Graph (20 punten) Kandidaat heeft ervaring met ShareGate OF PowerShell OF MS Graph (10 punten) Kandidaat heeft geen ervaring met ShareGate, PowerShell en MS Graph (0 punten) Wens 5 (10 punten) Kandidaat heeft aantoonbaar ervaring met methoden en technieken (ASL2, BiSL en ITIL) voor het beheren van de informatiesystemen, aan te tonen met praktijkvoorbeelden. Kandidaat heeft ervaring met alle drie de methoden en technieken (ASL2, BiSL en ITIL) voor het beheren van de informatiesystemen (10 punten) Kandidaat heeft ervaring met twee van de methoden en technieken (ASL2, BiSL en ITIL) voor het beheren van de informatiesystemen (5 punten) Kandidaat heeft ervaring met één van de methoden en technieken (ASL2, BiSL en ITIL) of heeft geen ervaring met methoden en technieken (ASL2, BiSL en ITIL) voor het beheren van de informatiesystemen (0 punten)","[""Kandidaat is inzetbaar vanaf 2 november 2026 tot en met 30 april 2027 voor 36 tot 40 uur per week. Minimaal 2 dagen per week werkzaam op het Provinciehuis te Arnhem en in overleg thuiswerken. De inhuuropdracht kan optioneel worden verlengd met 2 maal een periode van 6 maanden."", ""Kandidaat beschikt aantoonbaar over minimaal een HBO werk- en denkniveau op het gebied van IT, opgedaan door een combinatie van een afgeronde HBO opleiding met minimaal 5 jaar recente relevante ervaring in de IT, of een afgeronde MBO opleiding met minimaal 10 jaar recente relevante ervaring in de IT."", ""Kandidaat beschikt aantoonbaar over minimaal 5 jaar ervaring (opgedaan in de periode 2018 - heden) in de functie van technisch applicatiebeheerder van Microsoft 365 producten. binnen overheid organisatie."", ""Kandidaat is aantoonbaar minimaal 5 jaar werkzaam geweest bij of voor een organisatie met 500+ medewerkers."", ""Kandidaat beschikt aantoonbaar over minimaal 3 jaar ervaring (opgedaan in de periode 2018 - heden) in de functie van technisch specialist cq cloud engineer op het Microsoft Azure platform.""]","[""Kandidaat beschikt aantoonbaar over de volgende Microsoft certificaten, aan te tonen met de naam van de opleiding en het jaar waarin het certificaat is behaald: Microsoft 365 Fundamentals (MS-900), Managing Microsoft Teams (MS-700), Microsoft Azure Fundamentals (AZ-900), Microsoft 365 Administrator (MS-102)."", ""Kandidaat beschikt aantoonbaar over ervaring met het beheren van applicaties die op gevirtualiseerde omgevingen draaien, aan te tonen met praktijkvoorbeelden."", ""Kandidaat heeft aantoonbaar ervaring met het security domein en kent de ins en outs van security binnen Microsoft 365, aan te tonen met praktijkvoorbeelden."", ""Kandidaat heeft aantoonbaar ervaring met ShareGate, PowerShell en MS Graph, aan te tonen met praktijkvoorbeelden."", ""Kandidaat heeft aantoonbaar ervaring met methoden en technieken (ASL2, BiSL en ITIL) voor het beheren van de informatiesystemen, aan te tonen met praktijkvoorbeelden.""]",open,new
medior-security-analist-soc-3,Medior security analist (soc),Shared Service Center-ICT (SSC-ICT),,Zuid-Holland,ICT Informatievoorziening,36 uur per week,12 oktober 2026,31 december 2026,"Opdrachtbeschrijving Als Medior Security Analist bij het SSC-ICT Security Operations Center draag je bij aan de weerbaarheid van de Rijksoverheid tegen hackpogingen en cyberdreigingen. Dit doe je door events en incidenten op te volgen die we zelf signaleren of die binnenkomen vanuit onze partners. Je monitort, interpreteert en associeert logdata en komt dan met doordachte oplossingen om dreigingen weg te nemen. Als medior heb je de bevoegdheden om oplossingen aan te dragen en werk je mee in alle incidenten. Naast je werk in de dagelijkse operatie draag je bij aan een sterker Security Operations Center. Je werkt dan bijvoorbeeld mee aan het beheer en onderhoud van tooling, het verbeteren van detectie door ontwikkeling van usecases, of het optimaliseren van de werkwijze. Organisatorische context en cultuur SSC-ICT Om onze ministeries goed te blijven bedienen, willen we ons verder ontwikkelen. Dat doen we in interactie met onze klanten, de ministeries. Want wij zijn ICT-dienstverlener van en voor het Rijk, en zijn trots op onze publieke taak en de grootschalige projecten die ertoe doen. Het ontstaan van SSC-ICT Aan het begin van dit millennium verzorgden alle ministeries zelf – en onafhankelijk van elkaar – de ICT-werkplekken voor hun ambtenaren. Om voor deze dienstverlening één efficiënte en uniforme lijn te creëren hebben de verschillende ICT-organisaties hun werkzaamheden gebundeld. Door de jaren heen zijn er verschillende samenstellingen en benamingen geweest, maar sinds 2014 is SSC-ICT een feit. Waar staan we nu? SSC-ICT is uitgegroeid tot een organisatie van circa 1.200 medewerkers en draagt bij aan een eigentijdse rijksdienst met veilige, flexibele en slagvaardige ICT-diensten. Wij verlenen deze diensten aan de volgende ministeries: Binnenlandse Zaken en Koninkrijksrelaties Justitie en Veiligheid Buitenlandse Zaken Infrastructuur en Waterstaat Sociale Zaken en Werkgelegenheid Volksgezondheid, Welzijn en Sport Financiën ICT moet er altijd zijn en is in toenemende mate cruciaal voor de primaire processen van deze ministeries. Onze rijkscollega’s werken op verschillende locaties en apparaten: via desktop en laptop, maar ook op tablet en smartphone. Snelheid en flexibiliteit worden steeds belangrijker. De ICT verzorgen voor én met het Rijk is een uitdagende taak. Het werkveld is divers en de veiligheidseisen zijn hoog. Waar zijn we naar op weg? SSC-ICT groeit naar één organisatie met één gezicht. We blijven werken aan een transparante werkwijze en optimale dienstverlening: standaard waar het kan, maatwerk waar het moet. De ministeries vertrouwen hierbij op onze veilige, betrouwbare ICT-diensten die altijd beschikbaar zijn. Het doel: stabiele ICT-diensten leveren in een snel veranderende digitale wereld. ""Dit doen wij door samen te werken, te leren van elkaar, de beleving van gebruikers centraal te stellen, en vooral door plezier te hebben in ons werk!"" Eisen Kandidaat beschikt over minimaal HBO werk- en denkniveau. Bij voorkeur op het gebied van cybersecurity, informatica of informatiekunde. In het bezit van 1 van de volgende certificaten: GCIH, CySA+ (Cybersecurity Analyst+), ECIH (Certified Incident Handler – EC Council), BTL2 (Blue Team Level 2 – Security Blue Team) of SSCP (Systems Security Certified Practitioner ((ISC)²). Wensen Aantoonbare ervaring met een SIEM-tooling bij voorkeur Splunk. Ervaring met beheer- en beveiligingsmethodieken zoals BIO, ISO 27001/2 en/of NIST. In het bezit van Security Certificeringen bijvoorbeeld GMON, GCFA, GCFE, GPEN en/of GCIA Ervaring met het werken binnen een Security Operactions center als Medior Analist De kandidaat beschikt over een B-screening in een zelfde of vergelijkbare functie bij de overheid. Kandidaat begrijpt de opdracht en past binnen de organisatie. Competenties Pro-actief Communicatief vaardig Teamplayer Integer Luisteren, samenvatten en doorvragen","[""Kandidaat beschikt over minimaal HBO werk- en denkniveau. Bij voorkeur op het gebied van cybersecurity, informatica of informatiekunde."", ""In het bezit van 1 van de volgende certificaten: GCIH, CySA+ (Cybersecurity Analyst+), ECIH (Certified Incident Handler \u2013 EC Council), BTL2 (Blue Team Level 2 \u2013 Security Blue Team) of SSCP (Systems Security Certified Practitioner ((ISC)\u00b2).""]","[""Aantoonbare ervaring met een SIEM-tooling bij voorkeur Splunk."", ""Ervaring met het werken binnen een Security Operations center als Medior Analist"", ""Kandidaat begrijpt de opdracht en past binnen de organisatie."", ""Ervaring met beheer- en beveiligingsmethodieken zoals BIO, ISO 27001/2 en/of NIST."", ""In het bezit van Security Certificeringen bijvoorbeeld GMON, GCFA, GCFE, GPEN en/of GCIA"", ""De kandidaat beschikt over een B-screening in een zelfde of vergelijkbare functie bij de overheid.""]",open,new
cicd-platform-engineer-4,Cicd platform engineer,Ministerie van Economische Zaken en Klimaat DICTU,max €90 per uur,Drenthe,ICT Informatievoorziening,36 uur per week,01 november 2026,30 april 2027,"Opdrachtbeschrijving Wij zoeken wij een ervaren softwareengineer met ruime ervaring en zelfstandigheid op het gebied van het ontwikkelen en onderhouden van applicaties en automatiseringsscripts, die de ambitie heeft zicht te ontwikkelen op het gebied van CI/CD (Gitlab CI, ArgoCD). Hij of zij bouwt mee en beheert in een agile teamsetting. Je werkt aan het integreren van diverse tools in generiek inzetbare CI/CD-oplossingen. Je zult ook waar nodig ondersteunen bij de andere diensten van het CI/CD-platform. In deze opdracht maak jij deel uit van het technische hart van het CICD platform-team en jouw focus hierin ligt in het doorontwikkelen, beheren en automatiseren van centrale CI/CD-platform (GitLab) en de aanvullende tools (o.a. Harbor, Artifactory, SonarQube) ten dienste van de ontwikkelteams. Het werk is divers en je past dagelijk diverse scripting toe (YML, Bash, Python of GO). Je kunt een rol krijgen in het opzetten van een Developer Portal (Backstage). Jij zorgt ervoor dat het huidige werk efficiënter wordt ingericht (automatiseren) en je ontwikkelt de komende periode met de skillset van een Platformengineer. Achtergrond opdracht Het team Software Release Ondersteuning (SRO) levert een breed scala aan generieke technische oplossingen die DevOps-teams in staat stellen hun werkproces in hoge mate te automatiseren. De afnemers van onze producten zijn in potentie alle DevOps teams van het ministerie (binnen DICTU) (bijna 100 teams). De verscheidenheid aan technologieën en eindklanten van deze teams is groot en dat maakt het “speelveld” uitdagend en dynamisch Eisen - Deze opdracht is niet geschikt voor ZZP'ers ivm Wet DBA. - Voor deze opdracht gaat de voorkeur uit naar professionals in loondienst. - Een doorleenconstructie is niet toegestaan. Minimaal een afgeronde HBO-opleiding. Minimaal één certificering gerelateerd aan CI/CD en platform engineering. Aantoonbare werkervaring van 1 jaar met Gitlab en het inrichten van CI/CD pipelines binnen GitLab- of andere CI/CD-platformen. Aantoonbare werkervaring van 2 jaar op het gebied van applicatieontwikkeling (Frontend en/of backend). Aantoonbare ervaring van 1 jaar met Containerisatie (Docker, Harbor, Rancher, Kubernetes) Wensen Meerdere certificeringen gerelateerd aan CICD en platform engineering Meer dan 1 jaar met Gitlab en het inrichten van CI/CD pipelines binnen GitLab Meer dan 2 jaar aantoonbare ervaring op het gebied van applicatieontwikkeling (Frontend en/of backend). Meer dan 1 jaar aantoonbare ervaring met Containerisatie (Docker, Harbor, Rancher, Kubernetes) Kandidaat heeft aantoonbare ervaring met TypeScript en/of npm Kandidaat heeft aantoonbare ervaring met Backstage Competenties Laat in haar/zijn werk eigenaarschap zien kan samenwerken in teamverband kan initiatief nemen (geen afwachtende houding) kan zelfstandig werken en leren Wanneer u bij ons als leverancier een professional aanbiedt en deze wordt geplaatst, hebben we informatie van u als contractpartij nodig, onder andere met betrekking tot de Wet keten- en inlenersaansprakelijkheid. De ‘WKA’ heeft als doel om misbruik te voorkomen bij de afdracht van loonheffingen bij alle schakels in de keten; van leverancier tot opdrachtgever. Wij dekken deze risico’s voor onze opdrachtgevers af middels een geblokkeerde rekening, de G-rekening. Dit is een rekening waarop een gedeelte van het factuurbedrag wordt gestort en waarvan u de loonheffingen en BTW kunt betalen aan de Belastingdienst. Het af te storten % hangt ervan af of u een SNA-certificering (NEN-4400-1 of NEN-4400-2) heeft of niet en of uw bedrijf in Nederland of daarbuiten is gevestigd. De G-rekening kunt u aanvragen bij de Belastingdienst. Indien u geen G-rekening kunt krijgen (en u kunt hier bewijs van de Belastingdienst van overleggen) dan heeft u ook de mogelijkheid elk kwartaal een accountantsverklaring (assurance report inzake inlening personeel) aan te leveren. Hierin zal een gecertificeerd accountant (AA of RA) een verklaring afgeven over de juistheid, volledigheid en tijdigheid van de afdrachten. Let wel, de kosten voor deze verklaring komen voor uw eigen rekening.","[""Minimaal een afgeronde HBO-opleiding."", ""Minimaal \u00e9\u00e9n certificering gerelateerd aan CI/CD en platform engineering."", ""Aantoonbare werkervaring van 1 jaar met Gitlab en het inrichten van CI/CD pipelines binnen GitLab- of andere CI/CD-platformen."", ""Aantoonbare werkervaring van 2 jaar op het gebied van applicatieontwikkeling (Frontend en/of backend)."", ""Aantoonbare ervaring van 1 jaar met Containerisatie (Docker, Harbor, Rancher, Kubernetes)""]","[""Meerdere certificeringen gerelateerd aan CICD en platform engineering"", ""Meer dan 1 jaar aantoonbare ervaring met Containerisatie (Docker, Harbor, Rancher, Kubernetes)"", ""Kandidaat heeft aantoonbare ervaring met TypeScript en/of npm"", ""Kandidaat heeft aantoonbare ervaring met Backstage"", ""Meer dan 2 jaar aantoonbare ervaring op het gebied van applicatieontwikkeling (Frontend en/of backend)."", ""Meer dan 1 jaar met Gitlab en het inrichten van CI/CD pipelines binnen GitLab""]",open,new
solution-architect-ai-7,Solution architect ai,Sociale Verzekeringsbank,max €110 per uur,Noord-Holland,ICT Informatievoorziening,36 uur per week,19 oktober 2026,24 oktober 2027,"Drie redenen waarom dit jouw opdracht is Je wil meehelpen de lastige verandering van het systeemlandschap van het sociale domein binnen de SVB-vorm te geven. Jij wilt maatschappelijke impact hebben. Je krijgt energie van het maken van fundamentele ontwerpkeuzes die de werkervaring van collega's beter maken. Je kunt je vastbijten in vraagstukken op het gebied van implementatie van innovatieve oplossingen in het systeemlandschap. Jij doet het Als Solution Architect heb je een verbindende rol in ons sociale domein. Je werkt in de breedte samen met oa senior ontwikkelaars, de domeinarchitecten van het CIO-office en de deskundige specialisten van onze businesspartner voor de dienstverlening (DSV) aan de verdere uitbouw en innovatie van ons systeemlandschap. Je speelt een belangrijke rol in de ontwikkeling van de AI-architectuur van de SVB. Samen met domeinarchitecten, AI-specialisten, ontwikkelteams en management geef je richting aan de inrichting van een toekomstbestendig AI-platform en de verantwoorde inzet van AI bouwblokken binnen dienstverlening en bedrijfsvoering. Je ondersteunt de inzet van AI-platformen en bijvoorbeeld LLM's, RAG-oplossingen, kennismanagement, AI-governance, algoritmeregistratie en de toepassing van AI binnen processen. Hierbij zorg je ervoor dat AI-oplossingen voldoen aan architectuurprincipes, privacy-eisen, beveiligingsrichtlijnen en wet- en regelgeving. Je zorgt ervoor dat AI-oplossingen transparant, uitlegbaar, controleerbaar en auditeerbaar zijn en voldoen aan de uitgebreide wet- en regelgeving. Hierbij let je op het principe van human-in-the-loop en zorg je dat de verantwoordelijkheid altijd herleidbaar blijft. Je treedt op als adviseur naar het MT van de afdeling IT Sociaal. Door regie te voeren en overzicht te bewaren over de ontwikkeling van het systeemlandschap kun je standaarden en uniformiteit onnodig en geadviseerd richting stakeholders. Jij bent het Je brengt voldoende analytisch vermogen en overzicht mee om de zeer uiteenlopende vraagstukken die zich voordoen op te lossen. Je bent in staat om te kijken en je hebt het vermogen om een duidelijke visie te vormen rond wat er met het huidige landschap zou moeten gebeuren voor de transitie naar een nieuw systeem. Jouw kennis van de markt en van complexe ontwikkeltrajecten waar verwerking van massagegevens onzichtbaar is, combineer je met inzicht in politieke en verrassende vergelijkingen. Dit zorgt ervoor dat uw teams gemotiveerd raken en uw oplossingen geaccepteerd worden. Verder breng je mee: een passende opleiding op HBO van academisch niveau; minimaal vijf jaar ervaring als oplossingsarchitect; kennis van architectuur raamwerken, zoals NORA en TOGAF; kennis van modelleringstaal Archimate en de tool Bizzdesign; ervaring met het ontwerpen en implementeren van AI-, machine learning- en generatieve AI-oplossingen bij een overheid of een ingewikkelde organisatie; ervaring met toepassing van relevante wet- en regelgeving zoals AVG, BIO en de Europese AI Act en waarschijnlijk voortvloeilende AI-governance, algoritmeregisters en modelbeheer; kennis van AI-platformarchitecturen, API-integraties en event gedreven architectuur en beschikbare tooling om deze op te zetten; kennis van informatiearchitectuur, metadata, kennismanagement, semantische modellen, taxonomieën en zoektechnologieën ten behoeve van RAG- en AI-oplossingen; ervaring met het inbedden van AI-oplossing in de organisatie en een bestaand complex landschap; de volgende persoonlijke eigenschappen: accuraat, geadviseerd, analytisch, contactgericht, energiek, stimulerend, netwerken, oplossingsgericht, presenteren, visionair, beslissende kracht en samenwerken. .Duur opdracht: 1 jaar -Bij het aanbieden van een kandidaat op bovenstaande aanvraag is een doorleenconstructie niet toegestaan. De kandidaat dient in dienst te zijn bij uw organisatie. Als er wel sprake is van een extra schakel in de keten, zullen wij uw aanbieding niet in behandeling nemen en directe afwijzen. -Geldige VOG is nodig bij inzet, eerder starten is niet mogelijk. Aanvullende informatie Wanneer u bij ons als leverancier een professional aanbiedt en deze wordt geplaatst, hebben we informatie van u als contractpartij nodig, onder andere met betrekking tot de Wet keten- en inlenersaansprakelijkheid. De 'WKA' heeft als doelmisbruik te voorkomen bij de afdracht van loonheffingen bij alle schakels in de keten; van leverancier tot opdrachtgever. Wij ontwerpen deze risico's voor onze klanten van middels een geblokkeerde rekening, de G-rekening. Dit is een rekening waarop een deel van het factuurbedrag wordt gestort en waarvan u de loonheffingen en BTW kunt betalen aan de Belastingdienst. Het af te storten % hangt ervan af of u een SNA-certificering (NEN-4400-1 of NEN-4400-2) heeft of niet en of uw bedrijf in Nederland of daarbuiten is gevestigd. De G-rekening kunt u aanvragen bij de Belastingdienst. Als u geen G-rekening kunt krijgen (en u kunt hier een bewijs van de Belastingdienst van meerdere) dan heeft u ook de elk kwartaal een accountantsverklaring (assurance report inzake inlening personeel) aan te leveren. Hierin zal een gecertificeerde accountant (AA of RA) een verklaring afgeven over de juistheid, volledigheid en tijdigheid van de afdrachten. Welnu, de kosten voor deze verklaring komen voor uw eigen rekening.","[""Kennis van AI-platformarchitecturen, API-integraties en event gedreven architectuur en beschikbare tooling om deze op te zetten."", ""Kennis van informatiearchitectuur, metadata, kennismanagement, semantische modellen, taxonomie\u00ebn en zoektechnologie\u00ebn ten behoeve van RAG- en AI-oplossingen."", ""Ervaring met het inbedden van AI-oplossingen in de organisatie en een bestaand complex landschap."", ""Geldige VOG is nodig bij inzet."", ""Een passende opleiding op HBO van academisch niveau."", ""Minimaal vijf jaar ervaring als oplossingsarchitect."", ""Kennis van architectuur raamwerken, zoals NORA en TOGAF."", ""Kennis van modelleringstaal Archimate en de tool Bizzdesign."", ""Ervaring met het ontwerpen en implementeren van AI-, machine learning- en generatieve AI-oplossingen bij een overheid of een ingewikkelde organisatie."", ""Ervaring met toepassing van relevante wet- en regelgeving zoals AVG, BIO en de Europese AI Act en waarschijnlijk voortvloeilende AI-governance, algoritmeregisters en modelbeheer.""]","[""Accuraat, geadviseerd, analytisch, contactgericht, energiek, stimulerend, netwerken, oplossingsgericht, presenteren, visionair, beslissende kracht en samenwerken.""]",open,new
verzuimspecialist-5,Verzuimspecialist,Ministerie van Economische Zaken en Klimaat DICTU,max €100 per uur,Utrecht,ICT Informatievoorziening,36 uur per week,12 oktober 2026,31 december 2027,"Opdracht De verzuimspecialist is een specialistische (HR) adviseur, coach en kwaliteitsbewaker die zich richt op het versterken van de leidinggevende in diens verantwoordelijkheid als casemanager, zonder die verantwoordelijkheid over te nemen. De verzuimspecialist zorgt ervoor dat verzuimtrajecten tijdig, zorgvuldig en conform wet-en regelgeving verlopen, met oog voor duurzame re-integratie en eigen regie. De verzuimspecialist richt zich op de volgende werkzaamheden: • Voert regelmatige bila's met casemanagers waarin de verzuimcasuïstiek langer dan 4 weken (en indien nodig eerder) proactief wordt besproken. • Adviseert de casemanager en O&P-adviseur over het demedicaliseren van een ziekmelding. • Signaleert op het bewaken van de termijnen en verplichtingen uit de Wet verbetering Poortwachter. • Ziet kritisch toe op zowel het administratief als inhoudelijk borgen van de kwaliteit van de re-integratiestappen, incl. goed en regelmatig contact tussen de leidinggevende en medewerker. • Denkt mee in het formuleren van een concrete adviesvraag aan de bedrijfsarts. • Adviseert bij het uitvoeren van re-integratieadviezen en stimuleert bij vragen en/of onduidelijkheden het contact met de bedrijfsarts. Indien nodig kan de verzuimspecialist rechtstreeks schakelen met de bedrijfsarts. • Adviseert over het benutten van arbeidsmogelijkheden, is alert op stagnatie in re-integratie en probeert dit waar mogelijk te doorbreken. • Denkt samen met de casemanager en O&P-adviseur na over (tijdelijke) aanpassing van het eigen werk of andere passende re-integratiewerkzaamheden om belastbaarheid van medewerkers op te bouwen (binnen of buiten de eigen afdeling). • Coacht op gespreksvaardigheden. Sluit indien nodig aan bij moeilijke (frequent) verzuimgesprekken; • Draagt een warme, zakelijke bandering uit: geen vrijblijvendheid bij zowel medewerkers als leidinggevenden in het meewerken aan re-integratie en het aanbieden en accepteren van passende re-integratiewerkzaamheden. • Heeft het mandaat om bij herhaaldelijke advisering en herinnering aan de casemanager de hoger liggende (afdelings)manager te betrekken in het dossier. • Kan de casemanager indien nodig administratief ontzorgen bij het aanvragen van een AD-onderzoek en spoor 1-en 2 reintegratietrajecten. • Signaleert verzuimpatronen en deelt deze in regelmatige bila's met de O&P-adviseur. Praat in deze bila's ook op hoofdlijnen bij over de verzuimcasuïstiek en denkt mee over het inzetten van afdelingsbrede interventies. • Betrekt de re-integratieadviseur van O&P Rijk Bedrijfszorg als er onduidelijkheid bestaat over de in te zetten re-integratie koers in het tweede ziektejaar of indien nodig eerder. • Ondersteunt de casemanager en medewerker bij het verzamelen van documenten voor het re-integratieverslag en de WIA-aanvraag. Belt indien nodig bij vragen met het UWV. Achtergrond De Hoofddirectie van RVO heeft op 17 juni 2026 ingestemd met het advies om de rollen van verzuimspecialist (3 FTE) en spoor 1 begeleider (1 FTE) per direct in te bedden in de verzuimaanpak van de organisatie. Dit met als doel de medewerker, de leidinggevende en de O&P-adviseur extra te ondersteunen en adviseren bij verzuimbegeleiding, zodat niet alleen dit specialisme de benodigde inzet krijgt, maar ook hierdoor leidinggevenden en O&P-adviseurs meer tijd en aandacht kunnen besteden aan preventie van verzuim. Binnen de afdeling O&P wordt geinventariseerd welke interne collega's interesse hebben in de functie van verzuimspecialist. Omdat hier een opleidingeis aan verbonden is en de hoofddirectie opdracht heeft gegeven voor inzet per direct wordt er eerst via externe inhuur geworven. Eisen Ervaring als verzuimspecialist (of vergelijkbaar) CROV-diploma (of RCCM of arbeidsdeskundige) Aantoonbare kennis van en ervaring met de Wet Verbetering Poortwachter en het domein Sociale Zekerheid Wensen Succesvol in en ervaring met inhoudelijk adviseren in diverse situaties. Aantoonbaar door middel van voorbeelden in cv en/of motivatie. Je bent goed op de hoogte van wet- en regelgeving rondom ziekteverzuim en arbeidsongeschiktheid, zoals kennis van relevante wetgeving, je hebt het vermogen dit toe te passen in de praktijk. Aantoonbaar door middel van voorbeelden in cv en/of motivatie. Kennis van en ervaring met de Rijksoverheid Je hebt ervaring met gelijktijdig beheren en bespreken van minimaal 10 langdurige verzuimdossiers. Aantoonbaar door middel van voorbeelden in cv en/of motivatie. Competenties Samenwerken, mate waarin kandidaat de vaardigheid heeft om actief deel te nemen aan samenwerking met verschillende disciplines en functies. Actiegerichtheid, de mate waarin de kandidaat zelfstandig en proactief actie onderneemt, door concrete en effectieve stappen te zetten om de gewenste resultaten te behalen. Sturingskracht & reflecteren, de mate waarin de kandidaat met regelmaat de tijd neemt om eigen ervaringen en resultaten te evalueren en te delen, waaronder eigen sterke en zwakke punten, en vervolgens samen formuleren van acties om verbeteringen te bevorderen. en kan sturen op acties en advies. Adviesvaardigheden. Stevige gesprekspartner die effectieve inhoudelijke adviezen kan geven en moeilijke gesprekken niet uit de weg gaat.","[""Ervaring als verzuimspecialist (of vergelijkbaar)"", ""CROV-diploma (of RCCM of arbeidsdeskundige)"", ""Aantoonbare kennis van en ervaring met de Wet Verbetering Poortwachter en het domein Sociale Zekerheid""]","[""Kennis van en ervaring met de Rijksoverheid"", ""Succesvol in en ervaring met inhoudelijk adviseren in diverse situaties. Aantoonbaar door middel van voorbeelden in cv en/of motivatie."", ""Je bent goed op de hoogte van wet- en regelgeving rondom ziekteverzuim en arbeidsongeschiktheid, zoals kennis van relevante wetgeving, je hebt het vermogen dit toe te passen in de praktijk. Aantoonbaar door middel van voorbeelden in cv en/of motivatie."", ""Je hebt ervaring met gelijktijdig beheren en bespreken van minimaal 10 langdurige verzuimdossiers. Aantoonbaar door middel van voorbeelden in cv en/of motivatie.""]",open,new
product-owner-dataplatforms,Product owner dataplatforms,Port of Rotterdam,max €110 per uur,Zuid-Holland,ICT Informatievoorziening,24 uur per week,26 oktober 2026,31 maart 2027,"Beschrijving afdeling De afdeling Information & Digital Technology (I&DT) heeft als doel om digitale producten en diensten te implementeren en te beheren. Dit draagt bij aan de digitale (data) strategie van Havenbedrijf Rotterdam en de digitalisering van de haven als geheel. Je gaat binnen I&DT deel uitmaken van afdeling Enabling Technology & Services (ET&S) dat verantwoordelijk is voor alle generieke en afdeling overstijgende digitale diensten. ET&S richt zich op drie domeinen: Digitale Werkplek, IT Netwerken, Infrastructuur & Digital Identity. Data Collaboratie & Integratie. Data Technology & Information Services. Voor het Data Technology & Information Services (DTIS) domein, zoeken we een ervaren Product Owner. DTIS is een jong team met veel energie en humor en is verantwoordelijk voor de ontwikkeling van state-of-the art data analytics capability. Het team verzamelt data uit beschikbare interne en externe bronnen van onze eigen organisatie en haven en slaan dit op in ons centrale data lakehouse. Vervolgens maken we deze toegankelijk voor business intelligence, data science en AI doeleinden. We doen dit in lijn met het Lean/Agile gedachtengoed en volgens Dev/Ops manier van werken Opdracht beschrijving/belangrijkste werkzaamheden Als Product Owner ben je verantwoordelijk voor het Product Owner schap van twee belangrijke domeinen binnen ons data-ecosysteem: het Dataplatform (gebaseerd op Databricks) en het Datamanagement platform (gebaseerd op Collibra). Je stuurt hierbij twee multidisciplinaire teams aan en zorgt voor samenhang tussen technologie, governance en businessbehoeften. In deze rol combineer je visie op de platformen met operationele aansturing en zorg je ervoor dat beide platformen elkaar versterken binnen één geïntegreerde datavisie. Je speelt een centrale rol in het realiseren van een schaalbaar en toekomstbestendig dataplatform en fungeert als verbindende schakel tussen business en IT. Doordat de teams hoge autonomie kennen, wordt er ook veel verantwoordelijkheid verwacht. Kerntaken: Ontwikkelen en uitdragen van de productvisie, roadmap en waardecreatie van twee producten: het Dataplatform (o.a. Databricks) en het Datamanagement platform (Collibra) Aansturen van twee Agile/Scrum teams en bewaken van focus, prioriteiten en voortgang Afstemmen en creëren van samenhang tussen dataplatformontwikkeling en datamanagement/governance Beheren en prioriteren van de backlogs van beide teams op basis van strategische doelstellingen en business continuïteit Intensieve samenwerking met stakeholders (business, IT, data stewards, architectuur) Doorontwikkelen van het Dataplatform voor data engineering, analytics en AI inclusief bijbehorende infrastructuur en security. Doorontwikkelen en versterken van datamanagement en governance via Collibra (data catalogus, lineage, datakwaliteit) Waarborgen van compliance met relevante wet- en regelgeving (o.a. GDPR) Stimuleren van adoptie en effectief gebruik van beide platformen binnen de organisatie","[""Kandidaat heeft minimaal 5 jaar aantoonbare ervaring als Product Owner."", ""Kandidaat heeft aantoonbare ervaring met stakeholdermanagement.""]","[""Kandidaat is beschikbaar voor een (digitaal) kennismakingsgesprek op 9 oktober"", ""Kandidaat heeft aantoonbare ervaring met Agile/Scrum en het aansturen van meerdere teams tegelijkertijd."", ""Kandidaat heeft aantoonbare ervaring of kennis van dataplatformen zoals Databricks & Azure en datamanagement tooling zoals Collibra"", ""Kandidaat heeft aantoonbare ervaring en kennis met het opzetten en onderhouden van Data Lakes & Warehouses en Datagovernance & Datamangement oplossingen.""]",open,new
junior-proces-analist,Junior proces analist,ZonMw,max €80 per uur,Zuid-Holland,ICT Informatievoorziening,32 uur per week,12 oktober 2026,31 december 2026,"Organisatie ZonMw ZonMw is de Nederlandse organisatie voor gezondheidsonderzoek en zorginnovatie. Wij werken op het snijvlak van onderzoek, beleid en praktijk aan een zo goed mogelijke gezondheid van mensen in Nederland. We stimuleren en financieren onderzoek, ontwikkeling en implementatie. De hoofdopdrachtgevers van ZonMw zijn het ministerie van VWS en de Nederlandse Organisatie voor Wetenschappelijk Onderzoek (NWO). Zie ook onze site www.zonmw.nl . We zijn centraal gelegen in Den Haag, werken in een modern kantoorgebouw en zijn goed bereikbaar met openbaar vervoer. Opdracht De organisatie is op zoek naar een procesanalist die verantwoordelijk wordt voor het analyseren, beschrijven en visualiseren van IT-processen. Het doel is het creëren van een eenduidig en actueel proceslandschap dat inzicht geeft in de werking van de IT-organisatie, de onderlinge afhankelijkheden tussen processen, rollen, systemen en informatievoorziening, en als basis dient voor procesoptimalisatie en verandermanagement. De procesanalist voert zelfstandig analyses uit van bestaande en gewenste werkprocessen en vertaalt deze naar heldere en uniforme procesbeschrijvingen en procesmodellen. De werkzaamheden bestaan onder andere uit: Inventariseren van IT-processen door middel van interview en documentanalyse. Opstellen en onderhouden van procesmodellen middels processchema’s in MS Visio Vastleggen van end-to-end processen, subprocessen, activiteiten, rollen, verantwoordelijkheden en afhankelijkheden. Inzichtelijk maken van de relatie tussen processen, applicaties, data en organisatorische verantwoordelijkheden. Identificeren van inefficiënties en verbetermogelijkheden binnen processen. Borgen van kwaliteit, uniformiteit en actualiteit van procesdocumentatie. De opdracht resulteert in: Beschreven en gevalideerd IT-proces landschap. Procesmodellen volgens afgesproken standaarden. Overzicht van rollen, verantwoordelijkheden en proceseigenaren. Overdraagbare documentatie die zelfstandig beheerd kan worden door de organisatie. De werkzaamheden maken integraal onderdeel uit van de reguliere bedrijfsvoering en worden verricht binnen de bestaande organisatiestructuur. De medewerker maakt deel uit van het team, neemt deel aan interne overleggen en werkt onder dagelijkse aansturing van de verantwoordelijke manager. Prioriteiten, werkzaamheden en gewenste resultaten worden vastgesteld door de organisatie. Vanwege het belang van continuïteit, kennisborging en nauwe samenwerking met interne stakeholders is sprake van een structurele rol binnen het team die volledige inbedding in de organisatie vereist. CV-richtlijnen Maximaal 5 pagina’s, opgesteld in het Nederlands. Uit het CV dient duidelijk naar voren te komen waarom de kandidaat geschikt is voor deze functie. Benodigd aantal professionals 1 Werkdagen Vier van de vijf werkdagen vrij in vullen welke dag afwezig","[""1. Aantoonbaar afgeronde opleiding op minimaal hbo bachelor niveau;"", ""2. Minimaal 2 jaar aantoonbare werkervaring als procesanalist;"", ""3. Aantoonbare werkervaring met procesmodellering en procesbeschrijvingen, benoem duidelijk in het cv waar deze ervaring is opgedaan;"", ""4. Aantoonbare werkervaring met MS Visio;""]","[""5. Aantoonbare werkervaring met het vertalen van impliciete kennis van medewerkers naar expliciete, beheersbare en visueel aantrekkelijke procesbeschrijvingen die begrijpelijk zijn voor zowel management, proceseigenaren als uitvoerende medewerkers, Geef hiervan een duidelijk voorbeeld in het cv;"", ""6. Minimaal 4 jaar aantoonbare werkervaring als procesanalist;""]",open,new
senior-applicatiebeheerder-power-platform,Senior applicatiebeheerder Power Platform,UWV,max €110 per uur,Noord-Holland,ICT Informatievoorziening,38 uur per week,26 oktober 2026,25 april 2027,"Opdrachtomschrijving Als Senior Applicatiebeheerder Microsoft Power Platform – RUN & Governance maak je deel uit van het Power Platform-team binnen UWV. Het team is end-to-end verantwoordelijk voor het stabiel, veilig, beheersbaar en toekomstbestendig functioneren van het Microsoft Power Platform. Naast het dagelijkse technische platformbeheer speel je een belangrijke rol bij het verder inrichten en professionaliseren van de RUN-organisatie rondom Microsoft Power Platform. Je zorgt ervoor dat het platform aantoonbaar in control is op het gebied van beschikbaarheid, performance, security, compliance, architectuur, lifecycle, capaciteit en licenties. Je vertaalt technische, architectuur- en governancekaders naar concrete beheermaatregelen, monitoring, controles, rapportages en waar mogelijk geautomatiseerde guardrails. Daarnaast ondersteun je ontwikkelteams met platformautomatisering, Application Lifecycle Management (ALM), CI/CD en technische standaarden, zodat ontwikkelteams zich kunnen richten op het ontwikkelen van betrouwbare en kwalitatief hoogwaardige oplossingen. Een belangrijk onderdeel van de opdracht is het opzetten, documenteren en overdragen van beheerprocessen en technische kennis, zodat deze structureel binnen de RUN-organisatie van UWV kunnen worden geborgd. Kerntaken & Verantwoordelijkheden 1. Technisch platformbeheer Beheren en optimaliseren van Microsoft Power Platform-omgevingen binnen de OTAP-straat (Ontwikkel, Test, Acceptatie en Productie). Beheren van Power Platform Admin Center en relevante tenant- en environmentinstellingen. Beheren van Dataverse-omgevingen, capaciteit, security en platformconfiguratie. Beheren en controleren van connectors, connection references, environment variables, service principals en technische integraties. Coördineren en begeleiden van Microsoft-updates, releases, patches en platformwijzigingen. Beheren van platformconfiguraties en bewaken van consistentie tussen omgevingen. Ondersteunen van ontwikkelteams bij technische platformvraagstukken. Signaleren en uitvoeren van verbeteringen in de technische inrichting van het platform. 2. Inrichting en professionalisering RUN-organisatie De Senior Applicatiebeheerder draagt actief bij aan het verder opzetten en professionaliseren van de beheerorganisatie voor Microsoft Power Platform. Inrichten en verbeteren van operationele beheerprocessen. Definiëren van verantwoordelijkheden, beheeractiviteiten en escalatiepaden. Opstellen en onderhouden van beheerprocedures, runbooks en werkinstructies. Inrichten van structurele operationele controles. Ondersteunen bij het definiëren van KPI's en stuurinformatie voor het platform. Inrichten van periodieke platform-healthchecks. Ondersteunen van incident-, problem-, change- en releasemanagement. Inrichten van procedures voor verstoringen en escalaties. Vastleggen van afhankelijkheden met andere UWV-diensten en beheerorganisaties. Signaleren van structurele problemen en initiëren van verbetermaatregelen. Bijdragen aan lifecyclemanagement van het platform en daarop ontwikkelde oplossingen. Zorgdragen voor kennisoverdracht richting de interne beheerorganisatie. 3. Monitoring & Opertional Control De Senior Applicatiebeheerder helpt een integraal monitoringconcept voor Microsoft Power Platform op te zetten en te onderhouden. Monitoring wordt gekoppeld aan: signalering → alerting → analyse → actie → escalatie → rapportage. Waar mogelijk worden controles en signaleringen geautomatiseerd. Beschikbaarheid van het platform en kritische platformdiensten bewaken. Environment health monitoren. Dataverse-capaciteit en databasegebruik bewaken. Storage-, file- en logcapaciteit monitoren. API- en servicegebruik bewaken. Mislukte of afwijkende Power Automate-runs signaleren. Kritische flows en integraties monitoren. Connectorgebruik bewaken. Platform- en service-health monitoren. Deployment- en pipeline failures signaleren. Security- en audit-events bewaken. Capaciteitsgrenzen en technische limieten monitoren. Afwijkingen ten opzichte van vastgestelde platformstandaarden signaleren. 4. Governance, Architectuur & Compliance De Senior Applicatiebeheerder bepaalt niet zelfstandig de architectuurkaders, maar zorgt ervoor dat vastgestelde kaders binnen het platform technisch worden toegepast, bewaakt en waar mogelijk afgedwongen. Implementeren en beheren van Power Platform governance-maatregelen. Inrichten en beheren van Data Loss Prevention (DLP) policies. Bewaken van toegestane en niet-toegestane connectors. Bewaken van environment- en tenantinstellingen. Implementeren en beheren van technische guardrails. Controleren van oplossingen op geldende platformstandaarden. Signaleren van afwijkingen ten opzichte van architectuurregels en richtlijnen. Vertalen van architectuur-, security- en compliancekaders naar technisch afdwingbare maatregelen waar dit mogelijk is. Inrichten van rapportages waarmee afwijkingen inzichtelijk worden gemaakt. Ondersteunen bij periodieke compliance- en governancecontroles. Samenwerken met architectuur, security, privacy en andere relevante disciplines binnen UWV. 5. Licentie-, capacity- & usage management Inzichtelijk maken van toegewezen en gebruikte Power Platform-licenties. Signaleren van afwijkend of inefficiënt licentiegebruik. Monitoren van Dataverse- en platformcapaciteit. Bewaken van beschikbare capaciteit en platformlimieten. Signaleren van toekomstige capaciteitsproblemen. Ondersteunen bij capaciteitsprognoses. Inzichtelijk maken van groei in apps, flows, environments, gebruikers en makers. Leveren van technische informatie voor licentie- en kostenoptimalisatie. Periodiek rapporteren over gebruik, capaciteit en relevante trends. 6. Application Lifecycle Management & DevOps Inrichten en onderhouden van generieke ALM-oplossingen. Inrichten en beheren van source control met Git. Inrichten, beheren en verbeteren van CI/CD-pipelines binnen Azure DevOps. Automatiseren van deployments tussen DEV, TEST, ACC en PROD. Werken met managed en unmanaged solutions conform de afgesproken ALM strategie. Inrichten en beheren van service principals voor geautomatiseerde deployments. Beheren van connection references en environment variables. Inrichten van technische quality gates en deploymentcontroles. Ondersteunen van release-, rollback- en herstelprocedures. Automatiseren van terugkerende platform- en beheeractiviteiten met PowerShell, CLI's en andere beschikbare tooling. Ondersteunen van ontwikkelteams bij het correct toepassen van de ALM standaarden. 7. Security & toegangsbeheer Beheren en controleren van security-instellingen binnen Power Platform. Ondersteunen bij het beheer van rollen en rechten. Bewaken van privileged access en beheerrechten. Ondersteunen bij technische inrichting rondom Microsoft Entra ID. Beheren en controleren van service principals en technische accounts. Signaleren van ongewenste of afwijkende toegang. Ondersteunen van audit- en compliancevraagstukken. Implementeren van securitymaatregelen die voortkomen uit UWV-beleid en architectuurkaders. 8. Documentatie & kennisborging Documenteren van platformconfiguraties. Documenteren van beheerprocessen en procedures. Opstellen van runbooks en werkinstructies. Vastleggen van monitoring- en escalatieprocedures. Documenteren van ALM- en deploymentprocessen. Vastleggen van technische standaarden en gemaakte platformkeuzes. Zorgen dat wijzigingen traceerbaar en reproduceerbaar zijn. Actief kennis overdragen aan andere interne beheerders van UWV. Voorkomen dat kritische platformkennis afhankelijk wordt van individuele medewerkers of externen.","[""Hands-on enterprise-ervaring met technisch Microsoft Power Platform-beheer."", ""Beheersing van de Nederlandse taal in woord en geschrift is zeer goed, beheersing van het Engels is goed."", ""Ervaring met Power Platform governance en DLP."", ""Ervaring met het opzetten, professionaliseren of substantieel verbeteren van een RUN-/beheerorganisatie."", ""Ervaring met monitoring en operationeel beheer."", ""Hands-on ervaring met ALM en CI/CD voor Power Platform. Ervaring met Azure DevOps.""]","[""Ervaring met Microsoft Power Platform Center of Excellence (CoE) Starter Kit of vergelijkbare governance-/monitoringoplossingen."", ""Ervaring met grote, complexe Microsoft-cloudomgevingen."", ""Ervaring met Azure Monitor en/of Log Analytics."", ""Ervaring met Managed Environments."", ""Ervaring met Application Insights."", ""Ervaring met Power Platform Build Tools en Power Platform CLI (PAC CLI)."", ""Ervaring met geautomatiseerde governance- en compliancecontroles."", ""Ervaring met enterprise monitoring en alerting."", ""Ervaring binnen overheid, uitvoeringsorganisaties of vergelijkbare gereguleerde enterprise-omgevingen.""]",open,new
cultuurmakelaar-4,Cultuurmakelaar,Gemeente Wierden,max €75 per uur,Overijssel,ICT Informatievoorziening,8 uur per week,01 januari 2027,31 december 2028,"Gemeente Wierden Welkom in Wierden! Een gemeente met 25.000 inwoners, op de grens van stad en platteland. Hier staat noaberschap centraal: we kijken naar elkaar om, zijn betrokken en werken samen. Dat geldt voor onze inwoners én organisatie. Onder de noemer ‘Expeditie Wierden’ willen we onze organisatie nog beter laten aansluiten op de wensen van onze inwoners. Want dat is tenslotte waar we het allemaal voor doen! Samen werken we aan een mooie, leefbare en toegankelijke gemeente waar iedereen zich thuis voelt! Team De cultuurmakelaar is een onafhankelijke schakel die werkzaam is voor de culturele sector. De cultuurmakelaar werkt in opdracht van de gemeente met het doel om impact te creëren met kunst en cultuur als doel of als middel. De cultuurmakelaar wordt ingezet om de contacten tussen culturele organisaties sterker te maken, de deskundigheid van culturele organisaties te verbeteren en/of vernieuwend aanbod voor culturele organisaties te onderzoeken. De cultuurmakelaar voert de opdracht zelfstandig uit vanuit eigen expertise, werkwijze en professionele verantwoordelijkheid. De opdrachtnemer bepaalt zelf op welke wijze de beoogde resultaten worden gerealiseerd en is verantwoordelijk voor de inrichting en uitvoering van de werkzaamheden. Beoogde resultaten Verbinden van culturele organisaties, inwoners en maatschappelijke partners; Het tot stand brengen en versterken van duurzame samenwerkingsrelaties tussen culturele organisaties, maatschappelijke partners, onderwijsinstellingen en inwoners; Initiëren en faciliteren van cultuurprojecten die bijdragen aan educatie, participatie, talentontwikkeling en sociale cohesie; Het identificeren en stimuleren van vernieuwende culturele initiatieven die aansluiten bij maatschappelijke ontwikkelingen en behoeften; Een advies aan de gemeente over kansen, ontwikkelingen en mogelijkheden voor verdere versterking van het culturele ecosysteem; Stimuleren van vernieuwende culturele initiatieven en activiteiten; In kaart brengen van kansen en uitdagingen en partijen met elkaar verbinden; Verbinden van praktijk en beleid en adviseren van de beleidsadviseur kunst en cultuur; Inzetten van kunst en cultuur bij maatschappelijke vraagstukken en het vergroten van cultuurparticipatie. Samenwerking en uitvoering De cultuurmakelaar treedt op als onafhankelijk deskundige en werkt vanuit een eigen professionele verantwoordelijkheid. De opdrachtnemer onderhoudt contacten met relevante stakeholders en stemt periodiek de voortgang en resultaten af met de opdrachtgever. De opdrachtgever geeft geen leiding aan de uitvoering van de opdracht en bepaalt niet op welke wijze de werkzaamheden worden verricht. Voor het behalen van de opdrachtresultaten kan aanwezigheid bij relevante culturele bijeenkomsten, netwerkactiviteiten en evenementen binnen de gemeente noodzakelijk zijn. Het moment en de wijze van deelname worden door de opdrachtnemer zelf bepaald voor zover passend binnen de opdrachtuitvoering. Belangrijke informatie m.b.t. doorgang van de opdracht: De gelden voor 2027 en 2028 kunnen pas vanaf 1 november aangevraagd worden bij de Provincie. Dit betekent dus dat we onder voorbehoud van de toekenning van de subsidie gaan werven en pas definitief een contract kunnen aangaan na de toekenning. Competenties Verbindend; Communicatieve vaardigheden (mondeling en schriftelijk); Flexibel; Ondernemend. Benodigd aantal professionals 1. Offerte-eisen Maximaal 5 pagina’s cv, excl. motivatiebrief (1 pgn) en excl. voorblad (1 pgn), opgesteld in het Nederlands (minimaal 2 referenties, bestaande uit naam, functie en organisatie) in pdf. Werkdagen De opdracht wordt vervuld op de volgende werkdagen: Is hybride werken mogelijk: In overleg","[""1. Aantoonbare afgeronde opleiding op minimaal hbo-bachelor niveau"", ""2. Aantoonbare werkervaring op het gebied van kunst en cultuur"", ""3. Minimaal 1 jaar aantoonbare werkervaring op het gebied van adviseren op het gebied van kunst en cultuur""]","[""4. Aantoonbare werkervaring op het gebied van kunst en cultuur in de regio Twente"", ""5. Flexibiliteit in werktijden en zelfstandig kunnen werken, geef dit duidelijk aan in het cv"", ""6. Aantoonbare werkervaring op het gebied van financi\u00eble mogelijkheden voor cultuuractiviteiten""]",open,new
senior-openshift-platform-engineer-6,Senior OpenShift Platform Engineer,Rechtspraak,,Utrecht,ICT Informatievoorziening,36 uur per week,01 oktober 2026,30 september 2027,"Opdrachtomschrijving Er is behoefte aan een Senior OpenShift engineer om het Containerplatformteam te versterken. De opdracht omvat: Het inrichten en uitbreiden van functionaliteit op het nieuwe containerplatform op basis van de architectuur met als bouwblokken: core container infra, observability, security & compliance en Developer Experience. Verder automatiseren van het platform. Het ondersteunen en enablen van de gebruikers (developers en site reliability engineers). Dagelijks beheer van het platform en de onderliggende hardware. Het containerplatform binnen IVO Rechtspraak is hét doelplatform voor de digitalisering van De Rechtspraak. Er draaien reeds meerdere DevOps-teams en bedrijfskritische toepassingen op het platform. De basis voor het platform zijn Kubernetes-clusters waarbij gebruik wordt gemaakt van Red Hat OpenShift. Het platform wordt doorontwikkeld qua functionaliteit op het gebied van observability, security, CI/CD en developer experience. Het team bestaat uit een team van enthousiaste engineers, een solution architect, product owner en scrum master. Samenwerking vindt twee dagen per week op kantoor plaats in Utrecht. Bij IVO Rechtspraak werken we met de laatste technologieën. Java, Splunk, AppDynamics, Archimate, ReadyAPI, noem maar op. Waar mogelijk gebruiken we slimme marktoplossingen. En we pakken projecten altijd agile aan, in SCRUM-teams en met DevOps. Het leuke is dat je dicht op gebruikers zit. Net als op het nieuws. Want jij werkt op de achtergrond mee aan zaken waar ze in de media over praten. Dat doe je samen met je collega’s. In een prima werksfeer, met veel vrijheid én ruimte voor ontwikkeling. Als IT’er bij de Rechtspraak werk je samen met collega’s uit andere vakgebieden en bundel je de krachten met ketenpartners en marktpartijen. Ook werk je mee naar een nieuwe manier van werken in zelfstandige teams die bestaan uit zowel ontwikkelaars als beheerders en de eindgebruiker (BusDevOps). We werken twee dagen per week samen op kantoor in Utrecht.","[""Aantoonbare meerjarige ervaring (minimaal 4 jaar) met het ontwikkelen, opbouwen, inrichten en onderhouden van een grootschalig multitenant OpenShift-platform."", ""Diepgaande kennis van OpenShift."", ""Geen software developers of devops engineers die uitsluitend applicaties op OpenShift ontwikkelden of beheerden, of enkel een kleine omgeving hebben ingericht."", ""HBO Werk- en denkniveau (5 jaar)."", ""Kennis van hardware management.""]","[""Geen Engelstalige kandidaten."", ""Heeft bij voorkeur ervaring met OpenShift Platform Plus features zoals Advanced Cluster Management (ACM), ACS en Quay."", ""Kennis van Ansible is een pr\u00e9; bij voorkeur ook kennis van Helm, ArgoCD en Grafana."", ""Bij voorkeur kennis van secret management (OpenBao/HashiCorp Vault)."", ""Bij voorkeur kennis van CEPH.""]",open,new
proces-engineer,Proces engineer,Gemeente Apeldoorn,,Gelderland,ICT Informatievoorziening,32 uur per week,26 oktober 2026,24 december 2026,"Over Apeldoorn Met bijna 170.000 inwoners zijn we de elfde gemeente van Nederland. En we groeien door naar 180.000 inwoners. Met zo’n 2.000 collega’s dragen we bij aan de strategische doelen van de organisatie: Apeldoorn versterken als gezinsstad, duurzaam en ondernemend Apeldoorn en een toeristisch toplandschap. Onze ambitie De samenleving verandert continu. Dat vraagt ook iets voor onze organisatie. We willen wendbaar blijven en daarbij in control zijn. Onze uitvoeringskracht vergroten en ons strategisch vermogen versterken. Dat is een mooie ambitie en vraagt om mensen die die ambitie willen waarmaken. Samen werken we aan het Apeldoorn van morgen! In onze organisatie werken we in vier thema’s waarbinnen de verschillende afdelingen opereren. De thema’s zijn Concern, Ruimte en Economie, Maatschappelijke ontwikkeling en Dienstverlening & Bedrijfsvoering. Onze cultuur De vier kernwaarden van de gemeente Apeldoorn zijn: vakmanschap, innovatiekracht, betrouwbaarheid en samenwerking. Ons vakmanschap wil zeggen dat onze kennis en kunde groot is. Onze innovatiekracht helpt ons om te kunnen reageren op de veranderingen om ons heen. Onze betrouwbaarheid blijkt uit het feit dat we zeggen wat we doen en doen wat we zeggen. En tot slot zijn we stevig geworteld in de Apeldoornse samenleving en gaan we actief samenwerkingen aan met onze inwoners, ons bestuur, bedrijven, andere overheidsinstanties en natuurlijk ook binnen het stadhuis met elkaar. We weten dat we elkaar nodig hebben en dat bundeling van onze kennis, inzicht en visies op de toekomst leidt tot de beste oplossingen voor onze inwoners voor nu en voor later. We zien samenwerking ook niet als iets vrijblijvends. We investeren actief in samenwerkingen vanuit de overtuiging dat we samen meer kunnen bereiken dan alleen, en dat we samen ook verantwoordelijk zijn voor het eindresultaat. Ten behoeve van het programma Financiën in Transitie (FIT) zoekt de gemeente Apeldoorn een ervaren en hands-on Senior Proces Engineer. Met het programma FIT wordt een financiële verandering doorgevoerd die de mensen, processen, informatie en systemen raakt. Het doel is om met minder moeite beter en sneller financieel inzicht te krijgen. Onderdeel van deze verandering is de implementatie van een nieuw financieel systeem (Unit4 ERPx), met een geplande livegang in januari 2027. Binnen het programma FIT zijn een aantal werkgroepen actief. Als Proces Engineer werk je aan de vastlegging van de toekomstige financiële processen. Je ondersteunt de werkgroepen bij het vervolmaken van deze SOLL-processen. Je werkt nauw samen met de werkgroepleiders van FIT en het project/programma team. Daarbij staat de samenhang tussen procesinrichting, organisatieontwikkeling en systeemimplementatie centraal. De opdracht bestaat uit Je zorgt ervoor dat de nieuwe financiële processen niet alleen inhoudelijk zijn uitgewerkt, maar kijkt ook kritisch en proactief mee of deze ook praktisch toepasbaar zijn voor eindgebruikers, werkgroepen en beheerorganisatie. Concreet betekent dit dat de werkgroepen de inhoudelijke input aanleveren reviewt en zorgt voor vaststelling en goedkeuring. De proces engineer zorgt dat dit wordt verwerkt in procesbeschrijvingen. Resultaten Heldere procesbeschrijvingen: het verder uitwerken en vervolmaken van reeds opgestelde SOLL-processen, met als uitgangspunt dat deze vóór het testen door de gebruikers grotendeels gereed zijn en daarna worden afgerond inclusief nieuwe processen; KPI’s & Risico’s opstellen; Adviseren op procesinrichting; Ondersteunen bij het opstellen van werkinstructies. Randvoorwaarden Je werkt hands-on en dicht op de werkgroepen. Daarbij help je de inhoudelijke experts en proceseigenaren om de nieuwe werkwijze concreet en begrijpelijk vast te leggen; Afstemming vindt plaats met werkgroepleiders, proceseigenaren en procesbeheerders; Deelname aan projectgroep/werkgroep overleggen, indien nodig. De focus ligt op uitvoering en resultaat, niet op langdurige inbedding. Competenties Je bent praktisch ingesteld, analytisch sterk en in staat om complexe procesinformatie te vertalen naar duidelijke procesbeschrijvingen. Je werkt gestructureerd, schakelt makkelijk tussen de werkgroepen en het project en hebt oog voor wat nodig is te doen. Daarnaast ben je: Verbindend en toegankelijk; Servicegericht en oplossingsgericht; Communicatief sterk, zowel mondeling als schriftelijk; Zorgvuldig en resultaatgericht; Veranderkundig sensitief; Proactief; Hands-on. Benodigd aantal professionals 1. Functieschaal Deze functie is ingedeeld in functieschaal 10. Deze functieschaal is verbonden aan de desbetreffende CAO van de opdrachtgever inzake de inlenersbeloning. Offerte-eisen Maximaal 5 pagina’s cv, excl. motivatiebrief (1 pgn) en excl. voorblad (1 pgn), opgesteld in het Nederlands (minimaal 2 referenties, bestaande uit naam, functie en organisatie) in pdf. *Indien er een uitvoeringsvoorwaarde wordt gehanteerd verzoeken we je in de offerte aannemelijk te maken en deugdelijk te onderbouwen op welke wijze er invulling gegeven wordt aan de uitvoeringsvoorwaarde, dit valt niet onder bovenstaande bepaling. Werkdagen De opdracht wordt vervuld op de volgende werkdagen: Ma – Di – Wo – Do – Vr Is hybride werken mogelijk: Ja","[""6. Voor elke kandidaat die aangeboden wordt dient een aparte inschrijving te worden gedaan. Bij de inschrijving dient aangegeven te worden op welke datum de kandidaat kan starten met de werkzaamheden."", ""7. Kandidaat beschikt over een geldige Lean certificering (20 punten);"", ""10. De kandidaat heeft ervaring met een vergelijkbaar (bij voorkeur gemeentelijk) ERP-traject (20 punten);"", ""1. Het ingediende CV bevat maximaal 5 pagina\u2019s. Alle extra pagina\u2019s boven de gevraagde 5 pagina\u2019s worden niet beoordeeld door de aanbestedende dienst;"", ""2. De kandidaat is zo snel mogelijk, maar uiterlijk per 26 september 2026, voor 28 \u2013 32 uur per week;"", ""3. De kandidaat heeft HBO werk- en denkniveau;"", ""5. De kandidaat heeft minimaal \u00e9\u00e9n jaar aantoonbare kennis en ervaring in de afgelopen 5 jaar met tooling voor het modelleren met BPMN (wij gebruiken BPMN editor/Camunda, mocht er ervaring zijn met een andere BPMN tooling is dit ook voldoende);"", ""4. De kandidaat heeft minimaal \u00e9\u00e9n jaar aantoonbare ervaring in de afgelopen 5 jaar met procesbeschrijvingen en procesgericht werken. Concreet: het zelf opstellen en opleveren van SOLL-processen;""]","[""8. De kandidaat heeft kennis van financi\u00eble processen (binnen een bij voorkeur gemeentelijke organisatie) (maximaal 30 punten);\r\nKennis binnen een gemeentelijke organisatie (30 punten); (30 pt)\r\nKennis binnen een organisatie (15 punten); (15 pt)\r\nGeen kennis (0 punten); (0 pt)"", ""9. De kandidaat heeft ervaring met werken in multidisciplinaire projectomgevingen op het snijvlak van financi\u00ebn, processen, organisatie en IT (bij voorkeur gemeentelijke organisatie) (maximaal 30 punten);\r\nErvaring binnen een gemeentelijke organisatie (30 punten) (30 pt)\r\nErvaring binnen een organisatie (15 punten); (15 pt)\r\nGeen ervaring (0 punten); (0 pt)""]",open,new
trust-service-engineer-2x-1,Trust service engineer 2x,Kamer van Koophandel,max €100 per uur,Utrecht,ICT Informatievoorziening,40 uur per week,01 november 2026,01 november 2027,"Opdrachtomschrijving KVK is op zoek naar twee Trust Service Engineers. Binnen KVK is er een product genaamd Cyber Security Operations. Het team draagt zorg voor de veiligheid over de deelgebieden bescherming, verdediging, weerbaarheid en governance.  Dit doen we door verschillende clusters in het productteam onder te brengen met 1 gezamenlijk doel; de KVK een veiligere plek maken. Elektronische vertrouwensdiensten (’trust services’) zijn diensten die het vertrouwen in online transacties bij bedrijven en consumenten vergroten met bijvoorbeeld elektronische handtekeningen, echtheidszegels en tijdstempels. Alles bij Trustservices is gericht op proces, ceremonies en vastlegging. Onze diensten en opgeleverde producten zijn onderhevig aan strenge wet- en regelgeving en zowel interne als externe audits. Hiervoor dienen alle handelingen aantoonbaar, integer en onweerlegbaar te zijn. Automatisering van alle proces-stappen zorgt hiervoor. Het productteam werkt in scrum teams aan ontwikkeling en beheer. De teams zijn breed en multidisciplinair samengesteld. Voor het maken van de volgende stap voor het productteam is de KVK op zoek naar een “Cybersecurity Engineer Trust services”. Wat ga je doen? Je hebt een passie voor cryptografie en begrijpt de principes tot in de kern. Je bent analytisch sterk, denkt in oplossingen en automatiseert processen waar mogelijk. Met jouw programmeer- en scripting vaardigheden en kennis van vertrouwensdiensten, netwerken en systemen zorg je voor veilige en betrouwbare oplossingen. Je bent proactief, communicatief en hebt de motivatie om continu te leren en te groeien in een dynamische security-omgeving. De kandidaat werkt proactief én reactief aan het bewaken en onderhouden van de cybersecurity-weerbaarheid van de KVK. Hieraan valt te denken: •Implementeren en automatiseren van cryptografische processen en sleutelbeheer; •Beheren van certificaten en PKI-infrastructuur; •Ontwikkelen van scripts en tooling om securityprocessen te optimaliseren; •Monitoren en verbeteren van logging mechanismen; •Adviseren over en bijdragen aan de verbetering van security-architectuur en compliance op cryptografische processen; •Beheer en onderhoud aan de HSM; •Lifecycle Management, uitrollen en ondersteunen van nieuwe functionaliteiten van de geleverde diensten (digitaal ondertekenen, PKI, sleutelmanagement); •Ondersteunen van (PKI en HSM) sleutel ceremonies; •Je draagt zorg voor de dagelijkse technische, functionele en operationele aspecten van een PKI-omgeving; De kandidaat werkt samen met de product owner en het productteam. Hierbij is de kandidaat gewend om te werken binnen de kaders en richtlijnen van een bestaande security-architectuur en informatiebeveiligingsnormen, standaarden en frameworks (bijv. ISO27001, NIST, MITRE) en cryptografie beleid. Vanuit de werkzaamheden opereert de kandidaat als een teamplayer maar ook zelfstandig, waarbij zowel mondeling als schriftelijk goed wordt gecommuniceerd en gerapporteerd. Van de kandidaat wordt verwacht dat hij/zij kritisch meedenkt over het verbeteren van bestaande tooling, cryptografische elementen en adviseert voor verdere doorontwikkeling, met als doel het versterken van de cybersecurity van KVK. Kandidaatomschrijving Analytisch vermogen Onderzoekt, herkent en begrijpt de belangrijkste elementen van vraagstukken en hun onderlinge samenhang. Flexibiliteit Past verschillende werkwijzen toe en gedraagt zich anders in verschillende situaties om een doel te bereiken. Communiceren Verwoordt gedachten helder en vlot, brengt mondeling en schriftelijk een boodschap begrijpelijk over aan anderen en weet hierbij hun aandacht vast te houden. Deskundigheid Het ontwikkelen van eigen kennis over het vakgebied en deze kennis effectief benutten voor de eigen functie of organisatie. Ondernemerschap Signaleert kansen in de markt, zowel voor bestaande als nieuwe diensten en/of producten, handelt ernaar en durft daarbij risico’s te nemen. Let op!: Voorafgaand aan de beoordeling van uw aanbieding wordt deze getoetst op volledigheid en geldigheid aan de hand van de in de uitvraag gestelde eisen en de informatie in het CV. Indien gestelde eisen niet aantoonbaar in het cv zijn te herleiden dan zal deze eis in het antwoord van uw aanbieding worden aangepast. Het resultaat daarvan is dat uw aanbieding of lager scoort in de ranking of terzijde wordt gelegd. U ontvangt hierover een gemotiveerd bericht. Goed om te weten: screening is onderdeel van de procedure, waarbij ook een social media check plaatsvindt. Zie https://werkenbij.kvk.nl/pages/nl-nl/algemeen/privacyverklaring voor meer informatie hierover. Interviewplanning Start publicatie tender: 24-09-2026 Sluiting inschrijving tender: 05-10-2026 Cv beoordeling: 05-10-2026 Gesprekken: tussen 07-10-2026 en 14-10-2026 Gunningsbesluit: 14-10-2026 Voorlopige gunning: 14-10-2026 Startdatum: 01-11-2026","[""Opleiding\r\n\r\nKandidaat heeft minimaal een HBO diploma"", ""Kennis\r\n\r\nKandidaat heeft security certificeringen zoals Security+, SC-900 of SSCP o.i.d."", ""Kennis\r\n\r\nKandidaat heeft aantoonbare kennis van de eiDAS wet- en regelgeving en ETSI standaarden"", ""Ervaring\r\n\r\nKandidaat heeft actuele (in de afgelopen 5 jaar) en aantoonbare ervaring met het ontwikkelen van scripts en tooling om cryptografische processen te automatiseren en te optimaliseren"", ""Ervaring\r\n\r\nKandidaat heeft actuele (in de afgelopen 5 jaar) en aantoonbare ervaring met cryptografische processen en benutten best practices"", ""Ervaring\r\n\r\nKandidaat heeft actuele (in de afgelopen 5 jaar) en aantoonbare ervaring met ontwerpen, implementeren en configureren van cryptografische oplossingen die het fundament vormen van digitale veiligheid"", ""Ervaring\r\n\r\nKandidaat heeft actuele (in de afgelopen 5 jaar) en aantoonbare ervaring met PKI en HSM sleutelceremonies en het waarborgen van compliance en integriteit"", ""Kennis\r\n\r\nKandidaat heeft aantoonbare kennis van cryptografische oplossingen zoals digitale handtekeningen, PKI, versleuteling"", ""Kennis\r\n\r\nKandidaat heeft aantoonbare kennis van modeleertalen zoals Visio en/of Archimate"", ""Kennis\r\n\r\nKandidaat heeft aantoonbare kennis van Powershell en andere scripting talen"", ""Kennis\r\n\r\nKandidaat kent Engels en Nederlands in woord en geschrift"", ""Ervaring\r\n\r\nKandidaat heeft actuele (in de afgelopen 7 jaar) en minimaal 3 (a 5) jaar aantoonbare ervaring met cryptografie"", ""Ervaring\r\n\r\nKandidaat heeft actuele (in de afgelopen 5 jaar) en aantoonbare ervaring met HSM\u2019s (Hardware Security Modules) voor sleutelbeheer en encryptie"", ""Ervaring\r\n\r\nKandidaat heeft actuele (in de afgelopen 5 jaar) en aantoonbare ervaring met digitale handtekening oplossingen"", ""Ervaring\r\n\r\nKandidaat heeft actuele (in de afgelopen 5 jaar) en aantoonbare ervaring met werken dmv Agile en Scrum"", ""Ervaring\r\n\r\nKandidaat heeft actuele (in de afgelopen 5 jaar) en aantoonbare ervaring met netwerk beveiliging""]","[""Opleiding\r\nAfgeronde opleiding is op het gebied van Informatica/Bedrijfskunde/ICT"", ""Ervaring\r\nKandidaat heeft ... jaar aantoonbare ervaring met werken bij soortgelijke overheidsorganisaties""]",open,new
endpoints-developer,Endpoints Developer,Politieacademie,max €104 per uur,Utrecht,ICT Informatievoorziening,36 uur per week,01 december 2026,30 november 2028,"Opdrachtomschrijving Je gaat aan de slag bij productielijn Werkplekken en Printers in Odijk, dit is onderdeel van het cluster Endpoints binnen de sector InfraBedrijf. Het cluster Endpoints is verantwoordelijk voor de innovatie, inrichten en levering van de werkplek. Hiervoor werkt zij nauw samen met andere sectoren zoals Hosting, Netwerken en Support. Samen met je collega's ben je verantwoordelijk voor het beheer en de vernieuwing van de werkplekken. Je werkt in een Agile scrum team, we werken dus veel samen, maar zijn ook individueel sterk. We houden van een informele werksfeer. De veelzijdigheid binnen de organisatie is enorm. Continu ontwikkelen en verbeteren van de huidige windows werkplek; Incidenten afhandelen en changes uitvoeren; Acceptatietesten ontwikkelen en uitvoeren; Toepassen en toezien op handhaving infrastructurele standaarden; Gebruiksprocedures en documentatie opstellen; Tweede- en derde-lijns vraagstukken oplossen; Een adviserende rol bij projecten, ontwerp, infrastructuur en ontwikkeling. Een screening is een verplicht onderdeel van de sollicitatieprocedure, de duur van de screening kan variëren. Het afgeven van meerdere geldige referenties is een verplicht onderdeel van de selectieprocedure. In je cv moet duidelijk vermeld staan wie jouw werkgever is, niet alleen de opdrachtgever. De standplaats van elke opdracht kan variëren dus houdt rekening met extra reistijd. Profielen die niet voldoen aan de gestelde wensen en eisen zullen niet in behandeling genomen worden. Wij verzoeken kandidaten het hoogst behaalde diploma duidelijk in het cv te vermelden. Zorg ervoor dat het e-mailadres en het mobiele telefoonnummer van de aangeboden kandidaat duidelijk zichtbaar is in het CV Zonder deze toelichting kunnen wij het CV helaas niet in behandeling nemen. Bij de politie is een fulltime dienstverband standaard 36 uur per week. Te allen tijde zijn uitsluitend de tussen Circle8 en de Politie geldende algemene voorwaarden van toepassing. Eventuele algemene voorwaarden van derden, waaronder die van leveranciers, worden nadrukkelijk uitgesloten en zijn nooit van toepassing","[""Minimaal 5 jaar HBO werk- en denkniveau in ICT of een vergelijkbare richting"", ""Meerdere jaren relevante werkervaring bij een vergelijkbare, grote organisatie"", ""Diepgaande kennis van, en een overvloed aan, ervaring met Windows 11, Printing, Powershell, Intune, MCM en netwerken in zeer grote organisaties."", ""De politie heeft onder andere 65.000 laptops, 5.000 printers en 22.000 Thin Clients. We zoeken iemand die de problematiek van het managen van deze Endpoints begrijpt."", ""We zoeken een ervaren Endpoints Specialist, geen (allround) systeembeheerder.""]","[""We willen niet iemand die veel heeft gedaan maar iemand die echt diepgaand 1 a 2 dingen diepgaand heeft gedaan."", ""De ideale kandidaat heeft een seniore/daadkrachtige uitstraling, neemt het team mee en heeft een voorbeeldfunctie met zijn kennis en houding."", ""Communicatieve vaardigheden zijn een must. Je moet stevig in je schoenen staan.""]",open,new
functioneel-beheerder-s4sd-1,Functioneel beheerder s4sd,Fijnder Werkleerbedrijf Oost Achterhoek,,Gelderland,ICT Informatievoorziening,24 uur per week,30 september 2026,30 december 2026,"Fijnder Sinds 1 januari 2022 zijn de krachten van Sociale dienst Oost Achterhoek en Werkbaan Oost gebundeld in Fijnder, werkleerbedrijf Oost Achterhoek. Fijnder is één van de grootste sociale werkbedrijven van de Achterhoek en een samenwerkingsverband van de gemeenten Berkelland, Oost-Gelre en Winterswijk. Samen met andere ketenpartners in het sociaal domein zetten we ons proactief in voor een zo optimaal mogelijke deelname van onze inwoners aan de samenleving. Zelfredzaamheid is hierin een belangrijke waarde. Onze missie is: ”Wij geloven dat iedereen van betekenis wil en kan zijn” Deze missie hanteren we zowel voor onze klanten als voor de medewerkers in onze eigen organisatie. Wil jij van betekenis zijn? Kom dan werken bij Fijnder! De organisatie De door de opdrachtgevende gemeenten aan ons doorverwezen inwoners begeleiden we bij hun actieve deelname aan de samenleving, (re)integratie in het arbeidsproces en het verkrijgen van een inkomen. Dit doen we door die inwoners de nodige aandacht te geven, ons flexibel op te stellen, en doelgericht te werken aan resultaten. Het is onze kracht dat we toegankelijk, gedreven en verbindend zijn. In onze dienstverlening gaan we uit van de vraag van de inwoner; we sluiten aan bij de belevingswereld. We bieden, naast inkomensondersteuning, integrale hulp voor alle inwoners die dat nodig hebben bij hun (re)integratie: van arbeidsmatige dagbesteding tot regulier werk. Voor de inwoner is de weg naar de juiste dienstverlening simpel en eenvoudig. Dat doen we in nauwe samenwerking met de drie opdrachtgevende gemeenten. Ons pand staat op een industrieterrein aan de N18 in Groenlo. Om precies te zijn is het adres vanaf 1 maart 2022: Batterij 10-12. Ons pand staat symbool voor wat we zijn: een bedrijf waar je kunt werken en leren. Werken bij Fijnder Fijnder is jong en ambitieus. In een ongedwongen sfeer werken we aan een proactieve, resultaatgerichte en transparante organisatie. Onze ambities zijn gericht op het vergroten van efficiency, kwaliteit en resultaat. We hebben gekozen voor integraal management en een coachende stijl van leidinggeven. De mensen die bij onze organisatie werken zijn flexibel, omgevingsbewust, resultaatgericht en gericht op samenwerking. Als je beschikt over een flinke dosis zelfstandigheid, tact en ondernemingszin, efficiënt kunt werken, goed kunt communiceren en procesverantwoordelijk wilt zijn, ontmoeten we je graag voor een gesprek. Opdracht S4SD vormt een cruciaal onderdeel binnen onze dienstverlening en bevat processen die direct raken aan gegevenskwaliteit, informatiebeveiliging en operationele stabiliteit. De huidige bezetting is niet toereikend om de groeiende beheerlast, doorontwikkeling en beveiligingseisen duurzaam te borgen. Om risico’s te beperken en de beschikbaarheid van het systeem te waarborgen, is tijdelijke versterking noodzakelijk. Belangrijkste taken Operationeel en tactisch beheer van S4SD, inclusief gebruikerssupport; Uitvoeren van testen, begeleiden van releases en waarborgen van datakwaliteit; Doorontwikkelen van functionaliteit in samenwerking met leverancier en interne stakeholders; Signaleren van risico’s en kwetsbaarheden, met focus op informatiebeveiliging (BIO); Opstellen en bijhouden van beheerdocumentatie; Kennis overdracht naar nieuwe medeweker; Functieschaal Deze functie is ingedeeld in functieschaal 9. Deze functieschaal is verbonden aan de desbetreffende CAO van de opdrachtgever inzake de inlenersbeloning. Offerte-eisen Maximaal 5 pagina’s cv, excl. motivatiebrief (1 pgn) en excl. voorblad (1 pgn), opgesteld in het Nederlands (minimaal 2 referenties, bestaande uit naam, functie en organisatie) in pdf. *Indien er een uitvoeringsvoorwaarde wordt gehanteerd verzoeken we je in de offerte aannemelijk te maken en deugdelijk te onderbouwen op welke wijze er invulling gegeven wordt aan de uitvoeringsvoorwaarde, dit valt niet onder bovenstaande bepaling. Werkdagen De opdracht wordt vervuld op de volgende werkdagen: Ma – Di – Wo – Do – Vr. Is hybride werken mogelijk: Ja.","[""1. Aantoonbare afgeronde opleiding op minimaal mbo-4 niveau"", ""2. Aantoonbare werkervaring in de afgelopen 5 jaar in de rol van functioneel beheerder binnen Suite 4 Sociaal Domein. Licht dit duidelijk toe aan de hand van minimaal \u00e9\u00e9n concreet voorbeeld en/of referentieproject"", ""3. Aantoonbare werkervaring met MDU, Berichtenverkeer, Decos Join en/of Compas. Licht dit duidelijk toe aan de hand van minimaal \u00e9\u00e9n concreet voorbeeld en/of referentieproject"", ""4. Aantoonbare werkervaring met de Participatiewet. Licht dit duidelijk toe aan de hand van minimaal \u00e9\u00e9n concreet voorbeeld en/of referentieproject""]","[""5. Aantoonbare werkervaring met gegevensbeheer, privacywetgeving \u00e9n beveiligingsrichtlijnen. Licht dit duidelijk toe aan de hand van minimaal \u00e9\u00e9n concreet voorbeeld en/of referentieproject"", ""7. Aantoonbare werkervaring met de Participatiewet. Licht dit duidelijk toe aan de hand van minimaal \u00e9\u00e9n concreet voorbeeld en/of referentieproject\r\na. Minimaal 2 jaar (20 pt)\r\nb. Minimaal 1 jaar (10 pt)\r\nc. Aantoonbare werkervaring (0 pt)"", ""8. Aantoonbare werkervaring met MDU, Berichtenverkeer, Decos Join \u00e9n Compas. Licht dit duidelijk toe aan de hand van minimaal \u00e9\u00e9n concreet voorbeeld en/of referentieproject\r\na. Minimaal 2 jaar (30 pt)\r\nb. Minimaal 1 jaar (15 pt)\r\nc. Geen aantoonbare werkervaring (0 pt)"", ""6. Minimaal 2 jaar aantoonbare werkervaring in de afgelopen 5 jaar in de rol van functioneel beheerder binnen Suite 4 Sociaal Domein. Licht dit duidelijk toe aan de hand van minimaal \u00e9\u00e9n concreet voorbeeld en/of referentieproject\r\na. Minimaal 2 jaar (40 pt)\r\nb. Minimaal 1 jaar (20 pt)\r\nc. Aantoonbare werkervaring (0 pt)""]",open,new
afdelingsmanager-beoordeling,Afdelingsmanager beoordeling,RDW,,Zuid-Holland,ICT Informatievoorziening,36 uur per week,05 oktober 2026,05 april 2027,"Introductie RDW De RDW is een uitvoeringsorganisatie die valt onder de verantwoordelijkheid van het ministerie van Infrastructuur en Waterstaat (I&W). De RDW is de Nederlandse toelatingsautoriteit voor alle voertuigen met een Nederlands kenteken die Inschrijver in Nederland en ook daarbuiten op de openbare weg kan tegenkomen. De RDW ziet er op toe dat aan de vereiste veiligheids- en milieuaspecten wordt voldaan. De RDW is tevens de beheerder van de basisregistratie voertuigen in Nederland. In deze registratie staan voertuiggegevens en de gegevens van de eigenaren/houders. Vele overheidsorganisaties en in een aantal gevallen ook bedrijven maken hier gebruik van. Veilige en duurzame mobiliteit mogelijk maken, dat is onze belangrijkste opdracht als zelfstandig bestuursorgaan van de overheid. Daar komt heel wat bij kijken op organisatorisch, technisch, juridisch en ICT-gebied. Zeker als het om innovaties en slimme oplossingen gaat. Dit zijn onze kerntaken: We bepalen of voertuigen en voertuigonderdelen toegelaten worden op de Nederlandse en Europese markt. Er zijn honderden bedrijven in Nederland met een RDW-erkenning die voertuigen keuren, inspecteren of registreren. Wij houden toezicht op deze erkende bedrijven en controleren ook zelf de technische staat van voertuigen. We verzamelen, verwerken en beheren gegevens in een flink aantal registers. Denk aan die voor voertuigen (ook snelle boten en drones registreren we), kentekens, rijbewijzen en de apk. Maar ook data voor bedrijfskeurmerken, parkeren en diefstal. Uitgebreide digitale registers met een schat aan informatie. Daar gaan we zorgvuldig mee om. Zo zorgen we voor goede beveiliging en bepalen we strikt volgens de wet- en regelgeving wie toegang heeft tot welke informatie. We geven documenten uit die je als eigenaar van een voertuig of als bestuurder nodig hebt, zoals kenteken- en rijbewijzen en apk-formulieren. De RDW wil een hoge kwaliteit van dienstverlening leveren tegen zo laag mogelijke kosten. Kortom, een werkwijze die past in de huidige samenleving en die afnemers van de RDW diensten van ons mogen verwachten. De missie: De RDW staat voor veiligheid, duurzaamheid en rechtszekerheid in mobiliteit. De visie van de RDW bestaat uit de volgende elementen: • Wij gaan voor iedereen veilig en vertrouwd op weg; • Wij zijn dienstbaar, betrouwbaar en wendbaar; • Wij zetten in op integraal ketentoezicht, beheerste implementatie, slimmere informatie en toegankelijke dienstverlening. Opdracht Binnen de divisie Toezicht & Beoordeling (T&B) werk je in het kloppend hart van de RDW. Samen met ruim 700 bevlogen collega's zetten we ons iedere dag in voor veilige en betrouwbare mobiliteit in Nederland. Wij houden toezicht op erkende bedrijven en beoordelen de technische staat van voertuigen. Als Afdelingsmanager Beoordeling ben je integraal verantwoordelijk voor een afdeling met 16 keuringslocaties verspreid over heel Nederland. Het managementteam van de afdelingsmanager bestaat uit 4 cluster/unitmanagers en adviseurs. Wat verwachten we van de afdelingsmanager: Je beweegt je moeiteloos tussen strategie en operatie. Je verbindt de werkvloer met het management, vertaalt divisiedoelen naar concrete resultaten en geeft richting aan de uitdagingen van morgen. Daarbij ben je een zichtbare, inspirerende en toegankelijke leider die mensen weet te motiveren, eigenaarschap stimuleert en teams in beweging brengt. De komende jaren staan in het teken van verdere professionalisering en vernieuwing. Denk aan organisatieontwikkeling, het vernieuwen van werkwijzen en het versterken van de samenwerking binnen én buiten de divisie. Dit vraagt om een manager die koersvast is, kansen ziet en mensen weet mee te nemen in verandering. De focus van deze opdracht ligt op het realiseren van een nieuwe organisatiestructuur en het doorbreken van bestaande patronen. Dit vraagt om een manager die daadkracht toont, eigenaarschap neemt en niet terugdeinst voor complexe personele vraagstukken. Je brengt beweging op dossiers die zijn blijven liggen, spreekt zaken uit die bespreekbaar moeten worden gemaakt en neemt, met oog voor de mens én zorgvuldigheid in het proces, duidelijke beslissingen. Jij creëert de voorwaarden voor een toekomstbestendige organisatie. Een unieke positie met eindverantwoordelijkheid voor 16 keuringslocaties, dit doe je samen met een managementteam bestaande uit 4 cluster/unitmanagers. Iedere locatie heeft een eigen locatiemanager, maar ook van de afdelingsmanager wordt verwacht zichtbaar aanwezig te zijn en regelmatig de locaties te bezoeken om betrokkenheid, afstemming en samenwerking te versterken. Je bent niet uitsluitend verbindend, maar ook begrenzend en besluitvaardig. Bereidheid om met regelmaat (keurings)locaties te bezoeken en te reizen door het land voor een vergadering is een must. Functieschaal Deze functie is ingedeeld in functieschaal 13. Deze functieschaal is verbonden aan de desbetreffende CAO van de opdrachtgever inzake de inlenersbeloning. Offerte-eisen Maximaal 5 pagina’s cv, excl. motivatiebrief (1 pgn) en excl. voorblad (1 pgn), opgesteld in het Nederlands (minimaal 2 referenties, bestaande uit naam, functie en organisatie) in pdf. *Indien er een uitvoeringsvoorwaarde wordt gehanteerd verzoeken we je in de offerte aannemelijk te maken en deugdelijk te onderbouwen op welke wijze er invulling gegeven wordt aan de uitvoeringsvoorwaarde, dit valt niet onder bovenstaande bepaling. Werkdagen De opdracht wordt vervuld op de volgende werkdagen: ma, di, wo, do, vr Is hybride werken mogelijk: Ja","[""1. Bring your own device\u2019 is van niet toepassing. Een laptop wordt uitgereikt door het RDW. Een eigen laptop kan/mag vanwege security aspecten niet worden gebruikt."", ""2. Minimaal 3 jaar aantoonbare werkervaring als afdelingsmanager binnen complexe organisaties;"", ""3. Minimaal 2 jaar aantoonbare werkervaring met het realiseren van een nieuwe organisatiestructuur;""]","[""5. Aantoonbare werkervaring met het managen van meerdere belangen en afhankelijkheden;"", ""6. Minimaal 5 jaar aantoonbare werkervaring als afdelingsmanager met complexe verandertrajecten;"", ""4. Aantoonbare afgeronde opleiding op minimaal wo niveau;"", ""7. Aantoonbare werkervaring met organisatieontwikkeling, modernisering van locaties, het vernieuwen van werkwijzen \u00e9n het versterken van de samenwerking, benoem dit duidelijk in het cv;""]",open,new
schuldhulpverlener-45,Schuldhulpverlener,Gemeente Alphen aan den Rijn,max €80 per uur,Zuid-Holland,ICT Informatievoorziening,36 uur per week,05 oktober 2026,05 april 2027,"Organisatie Wij zijn een 100.000 plus gemeente, onderdeel van het regionaal samenwerkingsverband Holland Rijnland en deelnemer aan de G40. In de groen-blauwe stad midden in het Groene Hart vind je een unieke combinatie van stedelijke projecten en ruimtelijke vraagstukken in een landelijk gebied. 132,5 km², waarvan 6 km² water en 8 kernen, midden in het Groene Hart: dat is Alphen aan den Rijn. De gemeentelijke organisatie heeft een platte structuur. De organisatie wordt aangestuurd door een concerndirectie (met ieder hun eigen portefeuille) met direct daaronder teammanagers en opgavemanagers. Proberen, experimenteren en in de praktijk ontwikkelen. Wij zijn Gemeente Alphen aan den Rijn. Bij ons is het leuk werken. We leveren toonaangevende dienstverlening en zijn een wendbare organisatie. Dat wil zeggen dat we meebewegen met de ontwikkelingen in de maatschappij en continu vernieuwen. We leren door te doen. Samenwerkingsgericht, resultaatgericht, klantgericht en veranderingsbereid zijn onze kerncompetenties. Met elkaar werken we samen voor het beste resultaat voor onze inwoners. Opdracht Je bent een allround schuldhulpverlener met ruime en recente ervaring binnen de intakefase en schuldregeling van de schuldhulpverlening. De werkzaamheden bestaan uit een combinatie van baliediensten bij de Helpdesk Geldzaken en het uitvoeren van schuldregelingen. De Helpdesk Geldzaken is onze eerste ingang voor inwoners met geldzorgen en voor aanvragen voor schuldhulpverlening. Inwoners kunnen hier gratis en laagdrempelig terecht voor advies en ondersteuning bij vragen over geld, toeslagen, regelingen en schulden. Je draait gemiddeld 2 tot 3 dagdelen per week baliedienst bij de Helpdesk Geldzaken. Bij vakantie, ziekte of andere personele omstandigheden kan dit tijdelijk meer zijn. De overige tijd houd je je bezig met het uitvoeren van schuldregelingen. Als schuldhulpverlener voer je onder andere de volgende werkzaamheden uit: Voeren van advies- en aanmeldgesprekken; Vaststellen of er sprake is van een problematische schuldsituatie; In kaart brengen van het uitgaven- en schuldenpatroon van de inwoner en het signaleren van mogelijke problemen en oorzaken; Onderzoeken of er recht is op landelijke en lokale voorzieningen; Stabiliseren van de financiële situatie van inwoners; Uitvoeren van de intakefase en schuldregelingen; Opstellen en versturen van besluiten middels beschikkingen; Opstellen van plannen van aanpak en rapportages; Verzorgen van de interne aanmelding en afstemming rondom budgetbeheer; Opstellen van verzoeken voor een dwangakkoord en de WSNP; Bijwonen van zittingen bij de rechtbank in het kader van een dwangakkoord of WSNP; Toepassen van crisisinterventie, bijvoorbeeld bij een dreigende woningontruiming of afsluiting van water of energie; Doorverwijzen naar andere instanties wanneer dat nodig is, bijvoorbeeld maatschappelijk werk, en het bewaken van het verdere traject; Berekenen van het Vrij te laten bedrag (VTLB); Oppakken van dossiers van inwoners die gedupeerd zijn door de toeslagenaffaire en voor wie schuldhulpverlening moet worden opgestart; Afstemmen met het team dat verantwoordelijk is voor de brede ondersteuning aan gedupeerden van de toeslagenaffaire, zodat de ondersteuning goed op elkaar aansluit; Inzetten van het aanvullend schuldhulpverleningsaanbod voor jongeren in het kader van de hersteloperatie toeslagen. Je bent bekend met motiverende gesprekstechnieken en stuurt hiermee op de zelfredzaamheid van de inwoner. Je hebt een klantgerichte instelling, bent flexibel en gericht op samenwerking. Je kunt snel schakelen tussen verschillende werkzaamheden en bent bereid om waar nodig bij te springen, bijvoorbeeld bij vakantie, ziekte of veranderende prioriteiten binnen het team. Je maakt je onze werkwijze snel eigen en bent in staat om zelfstandig een caseload te draaien. Je beschikt over de juiste motivatie en creativiteit om tot goede resultaten te komen. Kwaliteit staat bij jou hoog in het vaandel en je denkt in kansen en mogelijkheden om de dienstverlening en werkwijze verder te verbeteren. De door opdrachtnemer te verrichten werkzaamheden zijn ingebed in de organisatie van opdrachtgever en/of worden ook (deels of geheel) verricht door werknemer(s) die in loondienst bij opdrachtgever werkzaam zijn. Uit de volgende organisatorische afspraken en voorwaarden blijkt waarom dit het geval is. Opdrachtnemer neemt deel aan reguliere werkoverleggen; Opdrachtnemer legt verantwoording af aan de opdrachtgever of een leidinggevende; De werkvorm is bepaald in onder andere: locatie en planning voor de te leveren resultaten; Er wordt gewerkt in team verband; Competenties Stressbestendig; Accuraat; Balans tussen ziel en zakelijkheid kunnen behouden; Goed kunnen samenwerken; Proactieve houding; Flexibel Geconstateerde problemen en hindernissen kunnen omzetten in oplossingen. Functieschaal Deze functie is ingedeeld in functieschaal 9. Deze functieschaal is verbonden aan de desbetreffende CAO van de opdrachtgever inzake de gelijke/gelijkwaardige beloning. Offerte-eisen Maximaal 5 pagina’s cv, excl. motivatiebrief (1 pgn) en excl. voorblad (1 pgn), opgesteld in het Nederlands (minimaal 2 referenties, bestaande uit naam, functie en organisatie) in pdf. *Indien er een uitvoeringsvoorwaarde wordt gehanteerd verzoeken we je in de offerte aannemelijk te maken en deugdelijk te onderbouwen op welke wijze er invulling gegeven wordt aan de uitvoeringsvoorwaarde, dit valt niet onder bovenstaande bepaling. Werkdagen De opdracht wordt vervuld op de volgende werkdagen: Ma – Di – Wo – Do – Vr Is hybride werken mogelijk: Ja","[""2. Minimaal 1 jaar aantoonbare werkervaring met het zelfstandig draaien van een caseload (intakefase/schuldregeling);"", ""1. Minimaal 2 jaar aantoonbare werkervaring als schuldhulpverlener bij een gemeente;"", ""3. Aantoonbare werkervaring met het voeren van advies- en intakegesprekken, het analyseren van schuldsituaties en het opstellen van plannen van aanpak en/of rapportages.""]","[""4. Minimaal 3 jaar aantoonbare werkervaring als schuldhulpverlener binnen een gemeente;"", ""5. Aantoonbare werkervaring met crisisinterventie binnen de schuldhulpverlening, waaronder het handelen bij een dreigende woningontruiming en/of afsluiting van water of energie;"", ""6. Aantoonbare werkervaring met het systeem Allegro;"", ""7. Uiterlijk beschikbaar per oktober 2026 voor minimaal 36 uur in de week;""]",open,new
senior-projectmanagement-officer-2fte,Senior Projectmanagement Officer (2FTE),Politieacademie,max €95 per uur,Utrecht,ICT Informatievoorziening,36 uur per week,02 november 2026,02 oktober 2027,"Opdrachtomschrijving De senior Project Management Officer (PMO) bij sector PPI (Project-, Programma en Interimmanagement) wordt aangesteld om een rol te vervullen bij de realisatie van veranderdoelen van de korpsleiding. Het gaat hierbij om veranderdoelen die in de meest brede zin te maken hebben met de harmonisatie, ontwikkeling en innovatie van werkprocessen en voortbrengingsresultaten van de politie, het Politiedienstencentrum en de ketenpartners van de politie. Werkzaamheden/ taken, verantwoordelijkheden & doelstellingen Mede opstellen van de programma- en projectplanningen en het bewaken daarvan Zorgdragen voor het opzetten van de (financiële en algemene) projectadministratie en het bewaken daarvan Het verzamelen van voortgangsoverzichten en het signaleren, analyseren en rapporteren van afwijkingen Methodische ondersteuning geven voor projectmatig werken en/of Agile scrum aan programma- en projectmanagers Zorgdragen voor de bewaking van de richtlijnen t.a.v. kwaliteitsmanagement voor de projecten/programma’s Het inbedden van het issue- en risicomanagementproces binnen de projecten, waaronder wordt verstaan het begeleiden van risicoanalyse sessies en het registreren/bewaken van issues en risico’s volgens vastgestelde criteria Het mede opstellen van het communicatieplan Het voorbereiden van stuurgroep vergaderingen, het maken van de verslagen en monitoren opvolging van actiepunten Zorgdragen voor (centrale) projectarchivering met inachtneming van de richtlijnen hiervoor Werktijden/dagen Het betreft een (tijdelijke) functie voor 32-36 uur per week, van maandag tot en met vrijdag, verdeeld dan wel in 4x9 uur of anders in overleg met de overige projectteam leden. De reguliere werktijden zijn tussen 07:30 – 17:30 uur. Onderdeel van deze functie zijn het bijwonen van bijeenkomsten en vergaderingen voor die betrekking hebben op het programma en de functie.","[""Ervaring met rapportages, planning, risicomanagement en stakeholdermanagement."", ""Ervaring met Prince2 en Agile werken en de Scrum-methodiek."", ""Een hbo-diploma of aantoonbaar hbo werk- en denkniveau."", ""Minimaal vier jaar ervaring als PMO\u2019er bij grootschalige (ICT-)projecten."", ""Aantoonbare ervaring met projectmatig werken in grote organisaties (> 1000)."", ""IPMA certificering (IPMA-D of IPMA-PMO).""]","[""Werkervaring bij (semi-)overheid is een pr\u00e9.""]",open,new
ux-designer-71,Ux designer,Ministerie van Defensie,,Utrecht,ICT Informatievoorziening,32 uur per week,23 september 2026,23 oktober 2026,"Opdrachtbeschrijving De werkzaamheden worden verricht binnen de sectie Software Engineering & Process Improvement (SE&P) van de Afdeling Decentrale IT Ondersteuning (DITO) dat onder de Directie Informatie & Technologie (Dir I&T) van de Staf van het CLAS valt. De Dir I&T heeft onder andere als doel om informatiegestuurd optreden (IGO) bij het CLAS te realiseren met behulp van algoritmes en applicaties. De afdeling DITO moet actief de verschillende eenheden van het CLAS ondersteunen met robotics, data science, applicatin development en business analyse De sectie SE&P is verantwoordelijk voor procesanalyses en het verbeteren van de processen door de inzet van technologie zoals process mining, RPA, LowCode en Business Intelligence.Als UX Designer ben je de architect van de digitale beleving binnen onze LowCode practice. Je bent niet alleen verantwoordelijk voor het ontwerpen van end-to-end gebruikerservaringen voor middelcomplexe producten, maar je speelt een sleutelrol in het inrichten en beheren van ons UX/UI framework binnen het Mendix-platform. Jouw expertise in Design Systems stelt je in staat om consistente, schaalbare ontwerp-patronen te ontwikkelen die de standaard zetten voor onze gehele applicatieportfolio. Door jouw ervaring met front-end development begrijp je de technische realiteit van low-code design en het Mendix-platform als geen ander. Je voert zelfstandig usability-evaluaties uit en gebruikt deze inzichten om de gebruikerservaring continu naar een hoger niveau te tillen. Achtergrond opdracht DITO draagt mede zorg voor de digitale transformatie van de landmacht. In dat kader worden er met gebruikmaking van Mendix applicaties ontwikkeld die moeten voldoen aan defensiestandaarden, ook op het gebied van UX/UI. Er is binnen ons team behoefte aan extra capaciteit om dit te realiseren. Het gebruik van FIGMA is daarbij belangrijk en kennis en ervaring is op dat vlak cruciaal voor succes. Kennis van de Mendixontwikkelomgeving is een belangrijke pre. Generieke beschrijving competentie gebied en niveau's Analyseert, specificeert, actualiseert en stelt een model ter beschikking om toepassingen te implementeren in overeenstemming met het IS-beleid en de behoeften van gebruikers / klanten. Selecteert de juiste technische opties voor het ontwerp van de toepassing en optimaliseert de balans tussen kosten en kwaliteit. Ontwerpt datastructuren en bouwt systeemstructuurmodellen volgens analyseresultaten door modelleringstalen. Zorgt ervoor dat bij alle aspecten rekening wordt gehouden met interoperabiliteit, bruikbaarheid en veiligheid. Identificeert een gemeenschappelijk referentiekader om de modellen met representatieve gebruikers te valideren, gebaseerd op ontwikkelingsmodellen (bijv. Iteratieve benadering). Samenvattende opgave en missie Biedt de vertaling van zakelijke vereisten in end-to-end IT-oplossingen. Stelt en ontwerpt oplossingen in lijn met de technische architectuur die voldoen aan zakelijke vereisten en ondersteuning voor verandering. Taken Onderzoek en interpreteer zakelijke vereisten Bepaal oplossingsgerichtheid Lijn de oplossing uit met de technische architectuur Identificeer potentiële technische ontwerprisico's Houd toezicht op de ingebouwde kwaliteit Binnen het budgettair kader werken om de financiële impact van ontwerpbeslissingen te valideren Identificeer kansen voor innovatie Routeplanning voor technologieplannen","[""Cv\u2019s waarin de gevraagde eCF-competenties niet aantoonbaar terugkomen, kunnen niet volledig worden beoordeeld op geschiktheid."", ""Kandidaat heeft minimaal 2 jaar aantoonbare werkervaring met het gekozen eCF profiel of soortelijke functie."", ""Wij verwachten dat kandidaten in hun cv duidelijk aantonen dat zij over deze competenties beschikken.""]","[""Kandidaat heeft bij voorkeur minimaal 1 jaar aantoonbare werkervaring met het Mendix-ontwikkelplatform""]",open,new
ombudsfunctionaris-3,Ombudsfunctionaris,Universiteit van Amsterdam,max €146 per uur,Noord-Holland,ICT Informatievoorziening,12 uur per week,02 november 2026,02 november 2028,"Opdrachtomschrijving De Hogeschool van Amsterdam (HvA) staat voor een inclusieve, veilige en professionele leer- en werkomgeving. Als ombudsfunctionaris speel je hierin een onafhankelijke en zichtbare rol. Je biedt medewerkers en studenten een laagdrempelig aanspreekpunt bij complexe situaties en helpt de HvA door patronen zichtbaar te maken, dilemma’s bespreekbaar te maken en het College van Bestuur (CvB) gevraagd en ongevraagd te adviseren over structurele verbeteringen. De omvang van de opdracht bedraagt gemiddeld 12 uur per week. De HvA verwacht dat deze inzet aansluit bij de huidige omvang en ontwikkeling van de ombudsfunctie. De omvang kan in de toekomst worden herzien op basis van het aantal meldingen, ontwikkelingen binnen de organisatie en de behoefte aan advisering. Zo maak jij het verschil Elke medewerker en student kan bij jou terecht om informeel en vertrouwelijk een signaal, dilemma, probleem, melding of klacht te bespreken gerelateerd aan de HvA of een van haar medewerkers. Je werkt onafhankelijk, onpartijdig en vertrouwelijk. Je luistert naar de medewerker of student en adviseert over de aanpak van een bepaalde kwestie, verwijst waar nodig door naar de juiste instantie (bijvoorbeeld een vertrouwenspersoon, klachtencommissie, leidinggevende of afdeling HR), ondersteunt betrokkenen bij het verkennen van mogelijke routes en kunt, indien passend, een bemiddelende rol vervullen. Ook kun je, gevraagd of uit eigen beweging, onderzoek doen naar situatie hierover rapporteren en aanbevelingen doen. Als ombudsfunctionaris doe je aanbevelingen gericht op herstel, het voorkomen van ongewenste gevolgen en het voorkomen van herhaling in de toekomst. Je werkt hierin nauw samen met andere functionarissen binnen de meld-, hulp- en klachtstructuren van de HvA. Je hebt rechtstreeks toegang tot het CvB en legt zelfstandig verantwoording af over de uitvoering en de ontwikkeling van de functie. Jouw taken en werkzaamheden Je geeft zelfstandig vorm aan de wijze waarop meldingen worden behandeld, onderzoeken worden ingericht en signalen worden vertaald naar organisatiebrede aanbevelingen. Je hebt de volgende taken en werkzaamheden: Het signaleren van en adviseren over terugkerende patronen, structurele knelpunten en systematische tekortkomingen in regelgeving, processen, organisatie-inrichting of onderlinge verhoudingen binnen de HvA. Adviseren van medewerkers en studenten over het aangedragen signaal, dilemma, probleem, melding of klacht. Fungeren als aanspreekpunt voor meldingen van misstanden conform de klokkenluidersregeling, voor zover passend binnen de onafhankelijke rol van de ombudsfunctionaris. Adequaat door- of terugverwijzen naar de juiste instanties, primair binnen de HvA, maar waar nodig daarbuiten. Bemiddelen en weer in gesprek brengen van partijen binnen daartoe geëigende organisatiestructuren, al dan niet door middel van mediation.. Opstellen van een jaarlijks verslag over werkzaamheden, signalen, patronen en aanbevelingen. Bijdragen aan het jaarverslag sociale veiligheid en welzijn van de HvA. Kortom: je luistert, signaleert, adviseert, bemiddelt, verwijst door, onderzoekt, rapporteert en doet aanbevelingen op verzoek van een medewerker of student of uit eigen beweging over structurele problemen en verbetermogelijkheden binnen de HvA. Je bent in staat zorgvuldig te handelen in situaties waarin zowel medewerkers als studenten betrokken zijn en hebt oog voor mogelijke belangenconflicten of de schijn daarvan. Vanuit de HvA word je gefaciliteerd met ambtelijke ondersteuning. Deze ondersteuning werkt onder jouw verantwoordelijkheid en draagt bij aan bereikbaarheid, procesondersteuning, registratie en continuïteit van de ombudsfunctie. Je bent op de hoogte van ontwikkelingen op het vakgebied van het ombudswerk en bent bereid blijvend te investeren in professionalisering door middel van bijscholing, intervisie en kennisdeling. Om het vertrouwen in de onafhankelijkheid van de functie te waarborgen, vervul je geen andere functie binnen de HvA en heb je geen huidige of recente verantwoordelijkheden gehad binnen de HvA die een onafhankelijke positie kunnen beïnvloeden.","[""Opleidingseisen\r\n\r\n\tUniversitaire master werk- en denkniveau.\r\n\r\n\r\nWerkervaringseisen\r\n\r\n\r\n\tRuime en aantoonbare ervaring in een onafhankelijke adviserende, onderzoekende of bemiddelende rol binnen een complexe bestuurlijke organisatie, bij voorkeur als ombudsfunctionaris in het hoger onderwijs\r\n\tEen afgeronde opleiding in conflictbemiddeling of mediation, of aantoonbaar vergelijkbaar niveau door werkervaring op dit terrein.\r\n\tEen sterke juridische basis; een juridische opleiding is geen vereiste.\r\n\tActuele kennis van sociale veiligheid, meld-, hulp- en klachtstructuren, organisatiecultuur, omgangsvormen en relevante maatschappelijke ontwikkelingen die van invloed kunnen zijn op het functioneren van medewerkers en studenten binnen het hoger onderwijs.\r\n\tBeschikt over het vermogen om signalen uit individuele meldingen te vertalen naar organisatiebrede inzichten, trends en verbetermogelijkheden.\r\n\tJe bent op de hoogte van ontwikkelingen op het vakgebied van het ombudswerk en bent bereid blijvend te investeren in professionalisering door middel van bijscholing, intervisie en kennisdeling.\r\n\tOm het vertrouwen in de onafhankelijkheid van de functie te waarborgen, vervul je geen andere functie binnen de HvA en heb je geen huidige of recente verantwoordelijkheden gehad binnen de HvA die een onafhankelijke positie kunnen be\u00efnvloeden.\r\n\r\n\r\nKerncompetenties\r\n\r\n\r\n\tSterk ontwikkelde sociale vaardigheden, organisatiesensitiviteit en het vermogen complexe verhoudingen te doorgronden.\r\n\tJe bent analytisch, onderzoekend en in staat situaties vanuit verschillende perspectieven te beoordelen.\r\n\tVaardig in het omgaan met belangentegenstellingen en weerstanden.\r\n\tJe kunt met gezag analyseren, adviseren, bemiddelen, onderzoeken en aanbevelen.\r\n\tOnafhankelijk en zelfstandig. Je organiseert zo nodig deskundigheid en steun voor jezelf.\r\n\tJe onderhoudt actief contact met relevante belanghebbenden, functionarissen en gremia binnen de HvA ten behoeve van signalering, afstemming en zichtbaarheid van de ombudsfunctie.\r\n\tUitstekende mondelinge en schriftelijke uitdrukkingsvaardigheid in Nederlands en Engels.\r\n\r\n\r\nU heeft alle eisen begrepen en gaat hiermee akkoord."", ""Ruime en aantoonbare ervaring in een onafhankelijke adviserende, onderzoekende of bemiddelende rol binnen een complexe bestuurlijke organisatie, bij voorkeur als ombudsfunctionaris in het hoger onderwijs\r\nEen afgeronde opleiding in conflictbemiddeling of mediation, of aantoonbaar vergelijkbaar niveau door werkervaring op dit terrein."", ""Een sterke juridische basis; een juridische opleiding is geen vereiste."", ""Actuele kennis van sociale veiligheid, meld-, hulp- en klachtstructuren, organisatiecultuur, omgangsvormen en relevante maatschappelijke ontwikkelingen die van invloed kunnen zijn op het functioneren van medewerkers en studenten binnen het hoger onderwijs."", ""Beschikt over het vermogen om signalen uit individuele meldingen te vertalen naar organisatiebrede inzichten, trends en verbetermogelijkheden."", ""Je bent op de hoogte van ontwikkelingen op het vakgebied van het ombudswerk en bent bereid blijvend te investeren in professionalisering door middel van bijscholing, intervisie en kennisdeling."", ""Om het vertrouwen in de onafhankelijkheid van de functie te waarborgen, vervul je geen andere functie binnen de HvA en heb je geen huidige of recente verantwoordelijkheden gehad binnen de HvA die een onafhankelijke positie kunnen be\u00efnvloeden.""]",[],open,new
senior-applicatiebeheerder-4,Senior Applicatiebeheerder,Belastingdienst,,Gelderland,ICT Informatievoorziening,36 uur per week,01 november 2026,01 januari 2027,"Opdrachtbeschrijving Team LIV is op zoek naar een enthousiaste, flexibele, multitaskende en hands-on VBA-ontwikkelaar met veel ervaring in het (deels) zelfstandig bepalen van ontwikkel- en realisatieaanpak. Naast senior-schap op het gebied van VBA is diepgaande SQL-kennis vereist en ervaring met het opzoeken, structureren en op een veilige manier ter beschikking stellen van data. De gekozen ontwikkelmethodiek dient passend te zijn bij het vraagstuk, waarbij samenwerking met de testengineer in relatie tot Systeem Integratie Test (SIT) en de Functionele Acceptatie Test (FAT) van belang is. Zelfstandig kunnen werken en invulling geven aan de te verrichten werkzaamheden is een must. Achtergrond opdracht LIV is een flexibel team dat voorziet in tijdelijke oplossingen binnen het IV- en proceslandschap van de Belastingdienst. Gezien het belang van de continuïteit van de primaire processen is het snel kunnen bieden van kwalitatief goede en technisch passende IV-oplossingen cruciaal. Het team wordt ingezet om diverse proces- en technische vraagstukken op te lossen. Werkzaamheden Bepalen en uitvoeren van ontwikkel- en realisatieaanpak voor uiteenlopende trajecten. Ontwikkelen en onderhouden van VBA/VBS- en Access-oplossingen. Structureren en veilig beschikbaar stellen van data met gebruik van SQL. Samenwerken met de testengineer met betrekking tot SIT en FAT. Zelfstandig werken in een hectische omgeving met verschillende realisatietrajecten. CV Richtlijnen Taal: Het CV dient volledig in het Nederlands te zijn opgesteld. Verplichte gegevens: Voor- en achternaam, voorletters, postcode en woonplaats. Lengte: Maximaal vijf A4-pagina’s. Structuur (tussen opleidingen en werkgever): Verwijs expliciet naar de gestelde eisen. Competenties: Resultaatgerichtheid. Initiatief. Stressbestendigheid. Didactische vaardigheden en kennisoverdracht. Opdrachtdetails: We ontvangen graag uiterlijk 30 September 2026 vóór 17.00 uur je recente cv en een korte motivatie in Word, inclusief je beschikbaarheid, eventuele geplande vakanties en je all-in uurtarief exclusief btw. We vragen je om je aanbieding via onze website in te dienen, zodat we je persoonsgegevens veilig en zorgvuldig kunnen verwerken conform de geldende privacywetgeving (AVG).","[""Kennis en ervaring met Visual Basic (VBA en VBS) en Access, minimaal 5 jaar."", ""Kennis en ervaring met Microsoft SQL Server, minimaal 5 jaar."", ""Praktijkervaring met adviestrajecten en politiek gevoelige dossiers, minimaal 5 jaar.""]","[""Ervaring met VB-script."", ""Kennis van .NET."", ""Kan advies geven op het gebied van Lifecycle management.""]",open,new
senior-technisch-iam-engineer,Senior Technisch IAM Engineer,Politieacademie,max €118 per uur,Utrecht,ICT Informatievoorziening,36 uur per week,02 november 2026,31 oktober 2028,"Opdeachtomschrijving De Operatie van de Politie en haar ketenpartners vragen om een snellere en autonomere manier van werken. Een manier die aansluit bij de dagelijkse dynamiek van de buitenwereld. En ook ruimte biedt aan innovaties met directe waarde voor de Operatie. Hierin staat data gedreven werken centraal. Waarbij het verschil tussen Bedrijfsvoering en Operatie vervaagt. Binnen het Programma Innovatieve Data Driven IV (IDDI) wordt hieraan invulling gegeven door zowel een technisch platform te bieden als een 'way of working'. De Senior Technisch IAM Engineer (VCF Platform) zal vooral op technisch vlak samen met de Operatie en ketenpartners naar oplossingen zoeken waardoor aan de 'way of working' uiting wordt gegeven Werktijden en -dagen Je bent minimaal 32 uur per week beschikbaar. De verdeling van dagen op kantoor/thuis zijn in overleg met je team waarbij dinsdag en woensdag verplichte kantoordagen zijn. Bovendien kan je ingezet worden voor bereikbaarheidsdiensten. Tijdens deze diensten ben je bereikbaar in geval van verstoringen. Wat ga je doen? Als Senior Technisch IAM Engineer ben je verantwoordelijk voor het ontwerpen, implementeren en beheren van Identity & Access Management-oplossingen binnen een modern platform gebaseerd op VMware Cloud Foundation (VCF). Je werkt aan het veilig en schaalbaar inrichten van identiteiten, authenticatie en autorisatie voor platformdiensten en applicaties met gebruik van Midpoint (of eventueel een vergelijkbare opensource oplossing) In deze rol draag je bij aan zowel het beheer en de doorontwikkeling van de bestaande oplossing als aan de architectuur en implementatie van de toekomstige federatie- en SSO-omgeving. In deze rol zorg je voor een stabiel en toekomstbestendig toegangsmodel voor het platform. Je beheert de huidige interne IAM-oplossing en speelt tegelijkertijd een belangrijke rol in de transitie naar een federatie-architectuur, waarbij de voorkeur uitgaat naar MidPoint. We zoeken nadrukkelijk geen architect, maar een ervaren technische specialist die beschikt over aantoonbare kennis en ervaring met de implementatie en configuratie van IAM-tooling. Je krijgt veel vrijheid en verantwoordelijkheid in je werkzaamheden en er wordt van je verwacht dat je eigenaarschap toont en zelfstandig tot oplossingen komt. Omdat je te maken krijgt met verschillende stakeholders binnen politiek sensitieve omgevingen, is ervaring hiermee een pré. Verantwoordelijkheden Ontwerpen, implementeren en beheren van IAM-architecturen binnen het platform Beheren en door ontwikkelen van de huidige interne authenticatieoplossing. Ontwerpen en van een federatie-oplossing gebaseerd op Midpoint (of eventueel een vergelijkbare opensource oplossing). Implementeren van Single Sign-On (SSO) en identity federatie (SAML, OAuth2, OpenID Connect). Ontwerpen en implementeren van autorisatiemodellen gebaseerd op Role-Based Access Control (RBAC). Integreren van IAM-oplossingen met platformcomponenten, infrastructuur en applicaties. Integratie met directory services (bijv. Active Directory / LDAP). Automatiseren van identity lifecycle processen zoals provisioning en deprovisioning. Adviseren van platformteams over veilige toegangsarchitecturen. Troubleshooten van authenticatie-, autorisatie- en integratievraagstukken. Opzetten Identity Goverance en Administration (IGA) voor o.a. audit-rapportages Resultaat van de rol De Senior IAM Engineer zorgt voor een stabiel en toekomstvast toegangsmodel voor het platform, waarbij de huidige interne oplossing wordt beheerd en tegelijkertijd de transitie naar een federatie-architectuur met bij voorkeur Midpoint wordt gerealiseerd. Over de klant: Een screening is een verplicht onderdeel van de sollicitatieprocedure, de duur van de screening kan variëren. Het afgeven van meerdere geldige referenties is een verplicht onderdeel van de selectieprocedure. In je cv moet duidelijk vermeld staan wie jouw werkgever is, niet alleen de opdrachtgever. De standplaats van elke opdracht kan variëren dus houdt rekening met extra reistijd. Profielen die niet voldoen aan de gestelde wensen en eisen zullen niet in behandeling genomen worden. Wij verzoeken kandidaten het hoogst behaalde diploma duidelijk in het cv te vermelden. Zorg ervoor dat het e-mailadres en het mobiele telefoonnummer van de aangeboden kandidaat duidelijk zichtbaar is in het CV Zonder deze toelichting kunnen wij het CV helaas niet in behandeling nemen. Bij de politie is een fulltime dienstverband standaard 36 uur per week. Te allen tijde zijn uitsluitend de tussen Circle8 en de Politie geldende algemene voorwaarden van toepassing. Eventuele algemene voorwaarden van derden, waaronder die van leveranciers, worden nadrukkelijk uitgesloten en zijn nooit van toepassing Houd er rekening mee dat de screening zich, indien noodzakelijk, mede kan uitstrekken tot uw directe omgeving, zoals familie, vrienden en kennissen","[""Ervaring met scripting of automatisering (bijv. PowerShell, Python of API-integraties)."", ""Ervaring met platform- of cloudomgevingen"", ""Minimaal 5+ jaar ervaring met technische IAM-implementaties."", ""Ervaring met federatiestandaarden:\r\n  - SAML\r\n  - OAuth2\r\n  - OpenID Connect"", ""Aantoonbare kennis van Role-Based Access Control (RBAC) en toegangsmodellen."", ""Ervaring met Identity Federatie en SSO-oplossingen."", ""Ervaring met directory services (bijv. Active Directory / LDAP).""]","[""Ervaring met migraties van maatwerk IAM-oplossingen naar standaard IAM-producten."", ""Ervaring met FIDO2 oplossingen (bijv Yubikey)"", ""Ervaring met containerplatformen of Kubernetes"", ""Kennis van Zero Trust architecturen."", ""Ervaring met platformautomatisering en Infrastructure as Code."", ""Ervaring met Midpoint of vergelijkbare (opensource) oplossingen."", ""Affiniteit met VMware Cloud Foundation en VMware-ecosystemen is een pr\u00e9.""]",open,new
lead-developer-solution-architect,Lead developer / Solution architect,Ministerie van Sociale Zaken en Werkgelegenheid (SZW),,Zuid-Holland,ICT Informatievoorziening,32 uur per week,01 oktober 2026,30 juni 2027,"Opdrachtomschrijving In het kader van het stelsel Bescherming Inkomen bij Beslagleggingen Proof of Concepts, worden er één of meerdere tijdelijke, conceptuele oplossing(en) zodat er inzicht verkregen wordt in: specificaties en startarchitectuur voor een gedragen minimale samenloopcheck een werkwijze voor de ontwikkeling van een voorziening binnen SKD voor- en nadelen van diverse oplossingsopties. Twee situaties zullen worden beproefd: Er zal gestart worden met twee sprints ten behoeve van een recap en uitbreiding van de reeds uitgevoerde PoC dat de oplossing van de minimale samenloop check heeft beproefd. De tweede PoC is een nieuw onderwerp, de situatiecheck waarvoor de resterende sprints zijn ingepland. Samen met SZW en de ketenpartners doorlopen we een kort cyclisch ontwikkeltraject. In dit traject ontwikkelt ICTU in een proefomgeving nieuwe functionaliteiten op basis van usecases, die vervolgens aan de proefapplicatie worden toegevoegd. Het resultaat wordt geëvalueerd door de beoogde gebruikers. Op basis van de feedback, ideeën en resultaten worden onderdelen verwijderd, aangepast of toegevoegd. Op deze manier werken we steeds verder aan de realisatie van een concept, waardoor de vereisten voor de uiteindelijke oplossing duidelijk worden. Met deze aanpak is het ook mogelijk om verschillende oplossingen voor een specifieke vraag te ontwikkelen, bouwen en toetsen. De PoC wordt ontwikkeld in een proefomgeving met fictieve data zonder echte systeem-koppelingen: hiervoor worden stubs gebruikt. Functioneel is het beperkt tot usecases voor de minimale samenloopcheck. De aanpak is agile/scrum-methodiek met een x-aantal sprints van 3 weken. ICTU organiseert de benodigde sessies, inhoudelijke contacten met ketenpartners en het ontwikkelteam. De opdrachtgever stuurt functioneel en zorgt dat de productowner het scrumteam richting geeft. De producten worden opgesteld en getoetst tijdens verschillende werksessies tussen SZW, ketenpartners en ICTU. Aan het eind van het traject ligt er een gedragen set aan functionele en niet functionele requirements en een goed inzicht in de risico’s en randvoorwaarden, waarmee een toekomstige ontwikkel- en beheerpartij snel aan de slag kan. Dit zal gebeuren in de vorm van een: Lessons learned document met succesvolle en niet-succesvolle oplossingen en patronen. Aanzet voor Project Start Architectuur (PSA) en een aanzet voor een Niet-Functionele-Eisen (NFE). De voor deze opdracht ontwikkelde benodigde software wordt aan het eind van de opdracht weggegooid. ICTU zorgt voor de ontwikkelomgeving en ontwikkelcapaciteit, SZW voor de productowner, business analisten, programma-architect en domeinarchitect. Het ICTU projectteam bestaat uit een projectleider, software delivery manager, lead developer/solution architect en een junior/medior developer. Het project is in de tijd begrensd: timebox. De kandidaat wordt ingezet in de rol van Solution Architect en heeft als lead developer een rol als solution architect. De kandidaat heeft in de ‘ontwerp en toetssessies’ met de ketenpartners een belangrijke rol in het ophalen van de inbreng van deze ketenpartners. De kandidaat heeft een brede opdracht. Op basis van de input vanuit de PO en de ketenpartners vertaalt de kandidaat de te toetsen vragen en te ontwerpen functionaliteiten naar een te realiseren conceptoplossing. Vervolgens realiseert de kandidaat deze conceptoplossing ook. De kandidaat kan stubs en testdata snel bouwen of met hulpmiddelen genereren. Kwaliteit van de code en de onderhoudbaarheid van de gerealiseerde conceptoplossing is hier geen onderwerp: de gerealiseerde code wordt na het traject niet meer gebruikt. De activiteiten die horen bij het realiseren van de opdracht zijn: Het opleveren van werkende componenten waarmee de te beantwoorden vragen getoetst kunnen worden Opstellen of aanvullen van de technische documentatie Toetsen van de oplossingen aan de doelarchitectuur van de gehele schuldenketen Vertalen business doelen naar technische opties Ontwerpen van de ‘solution’ Inrichten en onderhouden van de ontwikkelomgeving Het ontwikkelen van functionaliteit Visueel maken van de bevindingen en gerealiseerde componenten Presenteren tussentijdse demo op de programma demo. Het resultaat van de inzet is het tijdig, zelfstandig en conform Agile/Scrum werkwijze autonoom opleveren van werkende concepten in afstemming met de andere leden van het ontwikkelteam. Hiervoor levert de kandidaat per sprint software. Als onderdeel van elke sprint levert de kandidaat een bijgewerkte versie van de documentatie op. Over welke specifieke kennis beschikt de professional De ontwikkelaar beschikt over de volgende specifieke kennis en vaardigheden die niet aanwezig zijn binnen het eigen personeel van de opdrachtgever en binnen ICTU: Ervaring met het ontwikkelen van complexe (enterprise) softwaresystemen Ervaring met informatiebeveiliging en security vraagstukken Ervaring met het ontwikkelen binnen de Java stack.","[""Aantoonbare ervaring met het ontwikkelen van webservices"", ""Aantoonbare ervaring (>10 jaar) met het ontwikkelen van ketenbrede (enterprise) softwaresystemen"", ""Aantoonbare ervaring (>5 jaar) in de rol van lead developer"", ""WO werk- en denkniveau."", ""Aantoonbare ervaring in de rol van solution architect of vergelijkbare rol""]","[""De mate waarin de kandidaat aan de hand van concrete praktijkvoorbeelden aantoont effectief samen te werken met betrokken ketenpartijen en het eigen ontwikkelteam, en teamleden te begeleiden en te versterken in hun bijdrage aan het ontwerp- en ontwikkelproces.Daarbij wordt gelet op het actief ophalen en benutten van domeinkennis, het verbinden van businessbehoeften en technische mogelijkheden, het constructief omgaan met verschillende inzichten en het begeleiden van een junior/medior ontwikkelaar.Toetsing vindt plaats op basis van op beknopte schriftelijke toelichting in het cv.Tijdens het verificatiegesprek wordt de beschreven toelichting verdiept en de eigen bijdrage en gemaakte afwegingen geverifieerd.Aantoonbare ervaring als lead developer / solution architect bij overheids-projecten.Toetsing vindt plaats op basis van op beschreven ervaring in het cv."", ""De mate waarin de kandidaat aantoonbare, relevante ervaring heeft als lead developer/solution architect, of in een vergelijkbare gecombineerde rol, binnen proof-of-concept-, prototyping- en vergelijkbare ontwerptrajecten.Onder vergelijkbare trajecten worden trajecten verstaan waarin businessvragen zijn vertaald naar technische oplossingsrichtingen en werkende concepten, met als doel aannames te toetsen en requirements, architectuurkeuzes en bevindingen te concretiseren. De software dient daarbij als onderzoeksmiddel en niet als beoogd productieproduct.Toetsing vindt plaats op basis van het cv en een schriftelijke toelichting op relevante praktijkcases.Tijdens het verificatiegesprek wordt de beschreven toelichting verdiept en de eigen bijdrage en gemaakte afwegingen geverifieerd."", ""De mate waarin de kandidaat aantoonbare, relevante ervaring heeft met het inrichten, gebruiken en onderhouden van ontwikkel- en testomgevingen met platformen en tooling zoals Kubernetes, Docker, Nexus, GitLab CI, Jenkins en Linux, of functioneel vergelijkbare technologie\u00ebn.De score wordt bepaald op basis van de totale duur van de relevante, aantoonbaar gemaakte ervaring in het cv.Tijdens het verificatiegesprek wordt de beschreven toelichting verdiept en de eigen bijdrage en gemaakte afwegingen geverifieerd.""]",open,new
senior-security-engineer-dreigingscoordinator-3,Senior Security engineer/ Dreigingscoördinator,"Ministerie van Volksgezondheid, Welzijn en Sport (VWS)",,Zuid-Holland,ICT Informatievoorziening,36 uur per week,10 augustus 2026,09 december 2026,"Functieomschrijving: Opdrachtomschrijving Als Senior SOC Engineer ben jij verantwoordelijk voor het versterken van deze basis, het ontwikkelen van detectie- en monitoringsmogelijkheden en het aansluiten van nieuwe projecten en pilots. Je hebt veel invloed op de technische keuzes en de inrichting van het SOC en krijgt de ruimte om, waar passend, innovatieve open source oplossingen te introduceren. Je werkt hierbij nauw samen met de (toekomstige) security collega’s die vanuit de eerste lijn security meldingen en incidenten gaan oppakken, en je zorgt ervoor dat zij straks kunnen werken met duidelijke werkinstructies, playbooks en escalatiepaden. Een belangrijk onderdeel van het SOC dat jij inricht, is het duiden en analyseren van kwetsbaarheden die worden geconstateerd in en rondom de projecten van iRealisatie en iRealisatie als geheel. Je bepaalt hoe signalen uit verschillende bronnen worden verzameld, geprioriteerd en opgevolgd, en je richt hier een werkbaar proces voor in. Naast het bouwen draai je ook zelf mee: je onderzoekt kwetsbaarheden en cybersecurity incidenten, zorgt voor adequate oplossingen en bent medeverantwoordelijk voor de implementatie daarvan. De lessen die je hierbij opdoet, gebruik je direct om het SOC verder aan te scherpen. Je zet een rapportagestructuur op voor beveiligingsincidenten en zorgt er, samen met de collega's van QA en de security liaisons, voor dat kennis over incidenten structureel in de organisatie wordt geborgd. Als dreigingscoördinator richt je bovendien het gehele proces van dreigingsinformatiebeheer in, inclusief het opstellen van plannen en een cyclus voor jaarlijkse evaluatie. Je bepaalt welke bronnen relevant zijn, verzamelt en analyseert actief dreigingsinformatie en vertaalt deze naar heldere rapportages voor het MT en stakeholders. In nauwe samenwerking met interne deskundigen deel je inzichten tijdig om de organisatie continu scherp en alert te houden. Bij urgente situaties neem je direct polshoogte en escaleer je zo nodig snel naar de Lead SPC. Zo bouw je een gestroomlijnde en doeltreffende beveiligingsketen die vanaf dag één meebeweegt met het veranderende dreigingslandschap. Over de klant: Het ministerie van Volksgezondheid, Welzijn en Sport (VWS) heeft als motto Nederland gezond en wel. Ongeveer 5000 ambtenaren van dit ministerie maken het overheidsbeleid op het terrein van de gezondheidszorg, de maatschappelijke zorg en sport. Zorg voor ouderen en jongeren en voor mensen met een lichamelijke of verstandelijke handicap.","[""Je hebt minimaal 5 jaar aantoonbare werkervaring met security engineering werkzaamheden."", ""Je beschikt over WO werk- en denkniveau."", ""Je hebt minimaal 3 jaar werkervaring binnen een Security Operations Center (SOC) of vergelijkbare omgeving.""]","[""Je hebt aantoonbare werkervaring binnen het cybersecuritydomein."", ""Je hebt aantoonbare werkervaring binnen softwareontwikkeltrajecten/-projecten in complexe organisaties."", ""Je bent communicatief sterk en kunt op zowel operationeel als bestuurlijk niveau draagvlak cre\u00ebren."", ""Je hebt aantoonbare werkervaring met informatiebeveiligingsvraagstukken en met het opzetten \u00e9n uitvoeren van security-monitoring (het bepalen van log sources en het ontwikkelen van detectie use cases)."", ""Je hebt aantoonbare ervaring met het van begin tot eind oprichten en inrichten van een Security Operations Center: van ontwerp en toolingselectie tot het operationeel brengen van processen en team."", ""Je hebt aantoonbare ervaring met stakeholdermanagement binnen een politiek gevoelige organisatie en kunt draagvlak cre\u00ebren voor een nieuw op te zetten SOC-dienstverlening."", ""Je hebt aantoonbare ervaring met het inrichten van dreigingsinformatiebeheer, het uitvoeren van dreigingsanalyses en het opstellen van managementrapportages."", ""Je bent een proactieve, analytische professional die effectief samenwerkt met interne en externe stakeholders, zelfstandig prioriteiten stelt in een omgeving waar nog niet alles staat, en adequaat handelt bij acute dreigingen en incidenten."", ""Je toont initiatief, komt zelf met een visie en kunt jouw idee\u00ebn goed afstemmen met en op idee\u00ebn van anderen."", ""Je hebt ervaring met het inrichten, beheren en verbeteren van processen rondom dreigingsinformatie, incident response en beveiligingsco\u00f6rdinatie, inclusief het opstellen van playbooks en werkinstructies."", ""Je bent in staat om je in een dynamische omgeving, waarin nog niet alles staat, informatie snel eigen te maken en zelf prioriteiten te stellen.""]",open,new
senior-security-engineer-dreigingscoordinator-2,Senior security engineer/ dreigingscoördinator,"Ministerie van Volksgezondheid, Welzijn en Sport (VWS)",max €120 per uur,Zuid-Holland,ICT Informatievoorziening,36 uur per week,10 augustus 2026,31 december 2026,"Opdrachtgever Het cluster iRealisatie is dé software ontwikkelafdeling van het ministerie van VWS. iRealisatie is in tijden van crisis opgericht om snel en kwalitatief goed digitale ondersteuningsmiddelen te ontwikkelen die bijdragen aan de bestrijding en beheersing van de COVID-19 pandemie. Inmiddels is iRealisatie onderdeel van de directie informatiebeleid en ontwikkelt in opdracht van beleidsafdelingen en uitvoeringsorganisaties van VWS, maatwerk software en tools die bijdragen aan het versnellen van de digitalisering in de zorg. Denk daarbij aan: * Het verkennen en aantonen van nieuwe oplossingen door het uitvoeren van pilots of POCS (proof of concepts); * Het ontwikkelen en realiseren van nieuwe software en digitale tools op basis van privacy en security by design; * Het moderniseren van bestaande, verouderde, informatiesystemen. * Het inzetten van technisch advies bij digitaliseringsvraagstukken. iRealisatie heeft alle capaciteiten in huis om software te ontwerpen, ontwikkelen én beheren – met een privacy- en security-first aanpak. We bouwen software, webapplicaties en mobiele apps. iRealisatie zal in 2026 en 2027 gefaseerd (en met verschillende landingsplekken voor de huidige projecten) toe werken naar afbouw, en uiteindelijk afhechting, van de organisatie binnen het kerndepartement van VWS. De manier waarop en de termijn van deze afhechting is nog onduidelijk, maar zal – gezien de looptijd van de bestaande projecten nog meerdere jaren in beslag nemen. 2026 is enerzijds gericht zijn op het succesvol voortzetten van de bestaande projecten en het – waar doelmatig – verder professionaliseren van de organisatie. Maar anderzijds is 2026 dus ook gericht op het voorbereiden van overdracht en afbouw. Security iRealisatie ontwikkelt privacy & security by design applicaties voor zorggerelateerde doeleinden, zorgt voor beheer en hosting daarvan en geeft advies. Team Security is de beveiligingsafdeling van iRealisatie. Samen met de projecten werken we aan veilige software. De afdeling bestaat uit pentesters, codereviewers, security liaisons en een SOC team.Binnen iRealisatie wordt het Security Operations Center (SOC) verder uitgebouwd tot een volwassen securitydienst, passend bij de functionaliteit die wij ondersteunen en de toekomst van de producten. De eerste basis is hiervoor al aanwezig met Elastic SIEM, maar er is nog veel ruimte voor verdere ontwikkeling. Voor team security zoeken wij een Senior SOC Engineer. Opdrachtomschrijving Als Senior SOC Engineer ben jij verantwoordelijk voor het versterken van deze basis, het ontwikkelen van detectie- en monitoringsmogelijkheden en het aansluiten van nieuwe projecten en pilots. Je hebt veel invloed op de technische keuzes en de inrichting van het SOC en krijgt de ruimte om, waar passend, innovatieve open source oplossingen te introduceren. Je werkt hierbij nauw samen met de (toekomstige) security collega’s die vanuit de eerste lijn security meldingen en incidenten gaan oppakken, en je zorgt ervoor dat zij straks kunnen werken met duidelijke werkinstructies, playbooks en escalatiepaden. Een belangrijk onderdeel van het SOC dat jij inricht, is het duiden en analyseren van kwetsbaarheden die worden geconstateerd in en rondom de projecten van iRealisatie en iRealisatie als geheel. Je bepaalt hoe signalen uit verschillende bronnen worden verzameld, geprioriteerd en opgevolgd, en je richt hier een werkbaar proces voor in. Naast het bouwen draai je ook zelf mee: je onderzoekt kwetsbaarheden en cybersecurity incidenten, zorgt voor adequate oplossingen en bent medeverantwoordelijk voor de implementatie daarvan. De lessen die je hierbij opdoet, gebruik je direct om het SOC verder aan te scherpen. Je zet een rapportagestructuur op voor beveiligingsincidenten en zorgt er, samen met de collega's van QA en de security liaisons, voor dat kennis over incidenten structureel in de organisatie wordt geborgd. Als dreigingscoördinator richt je bovendien het gehele proces van dreigingsinformatiebeheer in, inclusief het opstellen van plannen en een cyclus voor jaarlijkse evaluatie. Je bepaalt welke bronnen relevant zijn, verzamelt en analyseert actief dreigingsinformatie en vertaalt deze naar heldere rapportages voor het MT en stakeholders. In nauwe samenwerking met interne deskundigen deel je inzichten tijdig om de organisatie continu scherp en alert te houden. Bij urgente situaties neem je direct polshoogte en escaleer je zo nodig snel naar de Lead SPC. Zo bouw je een gestroomlijnde en doeltreffende beveiligingsketen die vanaf dag één meebeweegt met het veranderende dreigingslandschap.","[""Je beschikt over WO werk- en denkniveau."", ""Je hebt minimaal 5 jaar aantoonbare werkervaring met security engineering werkzaamheden."", ""Je hebt minimaal 3 jaar werkervaring binnen een Security Operations Center (SOC) of vergelijkbare omgeving.""]","[""Je hebt aantoonbare werkervaring binnen het cybersecuritydomein."", ""Je bent in staat om je in een dynamische omgeving, waarin nog niet alles staat, informatie snel eigen te maken en zelf prioriteiten te stellen."", ""Je bent communicatief sterk en kunt op zowel operationeel als bestuurlijk niveau draagvlak cre\u00ebren."", ""Mate waarin kandidaat aantoonbare werkervaring binnen het Cybersecurity domein."", ""Mate waarin de kandidaat ervaring heeft met stakeholdermanagement binnen politiek gevoelige organisatie."", ""Mate waarin kandidaat ervaring heeft met dreigingsinformatiebeheer, dreigingsanalyse en het opstellen van managementrapportages."", ""Mate waarin de kandidaat voldoet aan de overige functieprofiel en functiewensen."", ""Je hebt aantoonbare werkervaring binnen softwareontwikkeltrajecten/-projecten in complexe organisaties."", ""Je hebt aantoonbare ervaring met het van begin tot eind oprichten en inrichten van een Security Operations Center: van ontwerp en toolingselectie tot het operationeel brengen van processen en team."", ""Je hebt aantoonbare werkervaring met informatiebeveiligingsvraagstukken en met het opzetten \u00e9n uitvoeren van security-monitoring (het bepalen van log sources en het ontwikkelen van detectie use cases)."", ""Je hebt aantoonbare ervaring met stakeholdermanagement binnen een politiek gevoelige organisatie en kunt draagvlak cre\u00ebren voor een nieuw op te zetten SOC-dienstverlening."", ""Je hebt aantoonbare ervaring met het inrichten van dreigingsinformatiebeheer, het uitvoeren van dreigingsanalyses en het opstellen van managementrapportages."", ""Je toont initiatief, komt zelf met een visie en kunt jouw idee\u00ebn goed afstemmen met en op idee\u00ebn van anderen."", ""Je bent een proactieve, analytische professional die effectief samenwerkt met interne en externe stakeholders, zelfstandig prioriteiten stelt in een omgeving waar nog niet alles staat, en adequaat handelt bij acute dreigingen en incidenten."", ""Mate waarin de kandidaat ervaring heeft met het van begin tot eind oprichten en inrichten van een Security Operations Center: van ontwerp en toolingselectie tot het operationeel brengen van processen en team."", ""Je hebt ervaring met het inrichten, beheren en verbeteren van processen rondom dreigingsinformatie, incident response en beveiligingsco\u00f6rdinatie, inclusief het opstellen van playbooks en werkinstructies."", ""Mate waarin de kandidaat aantoonbare werkervaring met informatiebeveiligingsvraagstukken en met security-monitoring.""]",open,new
business-architect-crm-1,Business architect crm,Het Kadaster,max €150 per uur,Gelderland,ICT Informatievoorziening,40 uur per week,26 oktober 2026,30 april 2027,"Kadaster Het Kadaster registreert en verstrekt gegevens over de ligging van vastgoed in Nederland en de daarmee samenhangende rechten, zoals eigendom en hypotheek. Als zelfstandig bestuursorgaan is dat onze wettelijke taak. Onze gegevens bieden houvast bij het onderzoeken van maatschappelijke vraagstukken, of het nu gaat om de beste route voor een nieuwe snelweg, actuele ontwikkelingen op de woningmarkt of het in beeld brengen van leegstand. Opdracht Het Kadaster zoekt een ervaren Business Architect in de rol van Solution Architect binnen het werkveld Klantinteractie services (KIS). KIS is verantwoordelijk voor de ondersteuning van de klantreis, zoals de klantregistratie en afhandeling/ondersteuning van verschillende klantkanalen. Op dit moment loopt een project die ons huidige  CRM vervangt.  Het huidige CRM is gebaseerd op SAP-CRM en SAP-SD en omvat klantregistratie, klantcontactregistratie, verkoopordermanagement en facturatie. Recent heeft een aanbesteding plaatsgevonden en de gunning is gegeven aan een implementatiepartij die een Salesforce oplossing biedt. Specifiek wordt de Business Architect gevraagd te werken aan openstaande vraagstukken en de vertaalslag naar solution architecturen zoals integratie en aansluiting van kadaster diensten. Belangrijkste technieken, methoden en tools Archimate (BlueDolphin), Novius raamwerk Agile werkwijze Salesforce De belangrijkste taken en verantwoordelijkheden zijn Input leveren voor de roadmaps van waardestromen en ondersteunende diensten Opstellen Solution architectuur Afstemming tussen projecten en stakeholders Continu verbeteren van processen Ontwikkelen van begrijpbare en inpasbare architectuur IT-strategie kunnen overzien en daarmee een belangrijke bijdrage leveren aan de visie en strategie van het Kadaster Competenties Resultaatgericht Helicopterview Adviesvaardigheid Overtuigingskracht Communicatief zowel schriftelijk als mondeling sterk Kwaliteitsgericht Proactief en initiatiefrijk Functieschaal Deze functie is ingedeeld in functieschaal 12. Deze functieschaal is verbonden aan de desbetreffende CAO van de opdrachtgever inzake de inlenersbeloning. CV-eisen Maximaal 6 pagina’s A4, opgesteld in het Nederlands. De motivaties op de eisen en de antwoorden op de gunningscriteria dienen binnen het opgegeven aantal pagina’s te worden opgenomen! Datum verificatiegesprekken De gesprekken bij de opdrachtgever zijn gepland op donderdag 8 oktober 2026. Deze datum staat vast en hier wordt niet van afgeweken . De kandidaten die hiervoor uitgenodigd zijn, ontvangen uiterlijk op dinsdag 6 oktober 2026 bericht. Overige kandidaten ontvangen na de gesprekken bericht over de voortgang van deze inhuuropdracht.","[""4. De kandidaat beheerst de Nederlandse taal vloeiend, in woord en geschrift"", ""8. Minimaal 5 jaar relevante ervaring in het vakgebied architectuur"", ""10. Nederlandse taalniveau (C1 minimaal; C2 geprefereerd)"", ""3. Het CV dient in het Nederlands te zijn opgesteld en mag niet langer zijn dan maximaal 6 pagina\u2019s A4. De motivaties op de eisen en de antwoorden op de gunningscriteria dienen binnen het opgegeven aantal pagina\u2019s te worden opgenomen"", ""5. Academisch werk- en denkniveau op het gebied van informatica verkregen door een afgeronde HBO/WO opleiding"", ""7. Aantoonbare ervaring met ervaring met moderne CRM-applicaties en de implementatie hiervan in een dienstverlenende organisatie"", ""6. Aantoonbare ervaring als Business Architect, Solution Architect of vergelijkbare rol binnen het Klantinteractie-domein"", ""9. Minimaal 5 jaar kennis en ervaring met het opstellen en implementeren van solution- en domein architecturen"", ""12. Minimaal 5 jaar documentatie ervaring, bijvoorbeeld met: Technisch architectuur design, Opstellen Domein en Solution architectuur, Functioneel en technisch ontwerp""]","[""14. Kandidaat heeft een achtergrond als solution architect\r\nA. Beschrijving sluit volledig aan en is onderbouwd met concrete voorbeelden (40 pt)\r\nB. Beschrijving sluit voldoende aan (25 pt)\r\nC. Beschrijving sluit onvoldoende aan en is onvoldoende onderbouwd (10 pt)\r\nD. Beschrijving sluit niet aan (0 pt)"", ""13. Omschrijf de reeds opgedane ervaring met compliance-, continu\u00efteits- en platformtransitie vraagstukken\r\nA. Beschrijving sluit volledig aan en is onderbouwd met concrete voorbeelden (60 pt)\r\nB. Beschrijving sluit voldoende aan (35 pt)\r\nC. Beschrijving sluit onvoldoende aan en is onvoldoende onderbouwd (10 pt)\r\nD. Beschrijving sluit niet aan (0 pt)""]",open,new
2026-0918-wetgevingsjurist,2026-0918 wetgevingsjurist,Gemeente Leiden,max €180 per uur,Zuid-Holland,ICT Informatievoorziening,32 uur per week,01 november 2026,01 november 2028,"De Opdracht De komende jaren staan binnen het domein Wonen van Regio Holland Rijnland een aantal grote veranderingen op stapel. Er lopen drie impactvolle trajecten die allen hun uitwerking moeten krijgen in de huisvestingsverordening van de Regio Holland Rijnland: -de implementatie van de Wet versterking regie volkshuisvesting; -de mogelijke herziening van het woonruimteverdeelsysteem. Deze trajecten raken direct aan de juridische inrichting van het regionale woonbeleid en vragen om zorgvuldige vertaling naar regelgeving en uitvoerbare juridische kaders. Waar mogelijk wordt getracht zoveel mogelijk wijzigingen gezamenlijk door te voeren, maar de doorlooptermijnen verschillen. Dat betekent dat je moet flexibel moet kunnen schakelen en sturen. Omdat wijzigingen in de huisvestingsverordening dienen te verlopen door middel van zienswijze procedures is een foutloze, juridische borging cruciaal. Voor deze complexe opgave zoeken wij een stevige, ervaren wetgevingsjurist die zelfstandig de pen oppakt, proactief adviseert en als autoriteit optreedt in een dynamisch, intergemeentelijk krachtenveld. WAT GA JE DOEN? Als wetgevingsjurist ben je vanaf oktober 2026 de juridische spil in de verschillende trajecten binnen het domein Wonen. Je adviseert over de juridische gevolgen van beleidskeuzes en vertaalt bestuurlijke wensen en projectuitkomsten naar concrete, waterdichte wetgeving. Je werkzaamheden bestaan onder andere uit: • Schrijven van de Huisvestingsverordening: Je bent verantwoordelijk voor het daadwerkelijk concipiëren en formuleren van de nieuwe Huisvestingsverordening Regio Holland Rijnland en de bijbehorende toelichtingen. • Direct schakelen met bestuurders: Je adviseert bestuurders gevraagd en ongevraagd over juridische risico’s, strategie en haalbaarheid. Je bent een volwaardig en stevig sparringpartner op directie- en bestuurlijk niveau. • Voorzitter en trekker kerngroepen: Je neemt een actieve, leidende rol in de regionale ambtelijke kerngroepen met de deelnemende gemeenten. Je bent in staat deze groepenvoor te zitten, belangen te verenigen en de juridische koers te bewaken. • Begeleiden zienswijzeprocedures: Je regisseert en begeleidt de formele zienswijzeprocedures van de verordeningen van A tot Z. • Strategisch juridisch advies: Je signaleert proactief juridische risico's en kansen binnen de projecten en stelt raadsvoorstellen en besluitvormingsstukken op.","[""Eis 1\r\nKandidaat is geen ZZP\u2019er en is dus in loondienst bij Inschrijver"", ""Eis 7\r\nRuime en aantoonbare ervaring als wetgevingsjurist binnen een overheidsorganisatie,\r\nspecifiek met het daadwerkelijk schrijven van verordeningen."", ""Eis 8\r\nEen afgeronde juridische opleiding op wo-niveau (bij voorkeur Staats- en Bestuursrecht)."", ""Eis 2\r\n(Uiterlijke) startdatum op 1 november 2026"", ""Eis 3\r\nMinimaal 4 jaar ervaring als (wetgevings) jurist"", ""Eis 4\r\nMinimaal 3 jaar ervaring binnen een gemeentelijke organisatie"", ""Eis 5\r\nPolitiek-bestuurlijke sensitiviteit en sterke adviesvaardigheden"", ""Eis 6\r\nDiepgaande kennis van huisvestingswetgeving en/of volkshuisvesting.""]",[],open,new
mdto-specialist,Mdto-specialist,ZonMw,,Zuid-Holland,ICT Informatievoorziening,36 uur per week,02 oktober 2026,02 april 2027,"Organisatie ZonMw ZonMw is de Nederlandse organisatie voor gezondheidsonderzoek en zorginnovatie. Wij werken op het snijvlak van onderzoek, beleid en praktijk aan een zo goed mogelijke gezondheid van mensen in Nederland. We stimuleren en financieren onderzoek, ontwikkeling en implementatie. De hoofdopdrachtgevers van ZonMw zijn het ministerie van VWS en de Nederlandse Organisatie voor Wetenschappelijk Onderzoek (NWO). Zie ook onze site www.zonmw.nl . We zijn centraal gelegen in Den Haag, werken in een modern kantoorgebouw en zijn goed bereikbaar met openbaar vervoer. Opdracht ZonMw werkt aan de verdere professionalisering van de informatiehuishouding en de implementatie van eisen uit de Archiefwet, Woo en duurzame toegankelijkheid van informatie. Hiervoor is behoefte aan een specialist die de organisatie ondersteunt bij het ontwerpen en implementeren van een MDTO-conform metadataschema. Doel van de opdracht Het ontwikkelen en opleveren van een toekomstbestendige metadata-inrichting op basis van de standaard MDTO (Metadata voor Duurzame Toegankelijkheid), passend binnen de informatiearchitectuur en de gebruikte systemen zoals Microsoft 365 en een Document Management Systeem (CORSA) zodat ZonMw voldoet aan de geldende wet- en regelgeving. Werkzaamheden De opdrachtnemer voert onder andere de volgende werkzaamheden uit: Opstellen van een organisatiebreed metadataschema op basis van MDTO. Inventariseren van bestaande metadata- en dossierstructuren. Uitvoeren van een fit-gap analyse tussen huidige en gewenste situatie. Adviseren over inrichting van metadata binnen DMS-, zaak- en M365-platformen. Mappen van de metadata naar de geldende MDTO Vertalen van wet- en regelgeving naar praktische metadata-eisen. Opstellen van implementatieadviezen en migratiestrategieën. Afstemming met adviseurs informatiehuishouding, informatiemanagers, architecten, functioneel beheerders en proceseigenaren. Documenteren van ontwerpen, beslissingen en beheerafspraken. De specialist werkt nauw samen met adviseurs documentaire informatiehuishouding, architecten, informatiemanagers, functioneel beheerders en andere stakeholders binnen de afdeling I&A. Op te leveren resultaten, en wanneer deze op te leveren: ·         Organisatiebreed MDTO-conform metadataschema. ·         Metadatawoordenboek inclusief definities, eigenaarschap en beheerafspraken. ·         Fit-gap analyse huidige versus gewenste situatie. ·         MDTO-mappingdocument. ·         Implementatie- en migratieplan voor CORSA en Microsoft 365. ·         Adviesdocument voor governance en beheer van metadata. ·         Besluitdocument met ontwerpkeuzes en uitgangspunten. ·         Kennisoverdracht aan beheerorganisatie. Fasering van de opdracht, en wanneer deze op te leveren: Fase 1: Analyse (geschatte duur: 1-2 maanden) Inventarisatie bestaande metadata, documentstructuren en informatiesystemen. Interviews met stakeholders. Opstellen huidige situatie. Fase 2: Ontwerp (geschatte duur: 2-3 maanden) Ontwikkelen MDTO-conform metadataschema. Uitwerken metadatawoordenboek. Uitvoeren fit-gap analyse. Afstemming met architectuur en informatiebeheer. Fase 3: Implementatieadvies (geschatte duur: 1-2 maanden) Mapping naar CORSA en M365. Opstellen implementatie- en migratiestrategie. Opstellen governance- en beheerafspraken. Fase 4: Oplevering (geschatte duur: 1 maand) Definitieve documentatie. Presentatie aan stakeholders. Kennisoverdracht. Offerte-eisen Maximaal 5 pagina’s cv, excl. motivatiebrief (1 pgn) en excl. voorblad (1 pgn), opgesteld in het Nederlands (minimaal 2 referenties, bestaande uit naam, functie en organisatie) in pdf. *Indien er uitvoeringsvoorwaarde gehanteerd worden verzoeken we je in de offerte aannemelijk te maken en deugdelijk te onderbouwen op welke wijze er invulling gegeven wordt aan de uitvoeringsvoorwaarde. Benodigd aantal professionals 1. Werkdagen De werkdagen worden in overleg bepaald.","[""2. Aantoonbare ervaring met het mappen van metadata naar MDTO Benoem duidelijk in het CV waar deze werkervaring is opgedaan"", ""1. Minimaal 5 jaar aantoonbare werkervaring met metadata\u2011modellering en het opstellen van organisatiebrede metadataschema's, bij voorkeur gebaseerd op MDTO Benoem duidelijk in het CV waar deze werkervaring is opgedaan"", ""3. Aantoonbare werkervaring met de Archiefwet, Woo en duurzame toegankelijkheid Benoem duidelijk in het CV waar deze werkervaring is opgedaan"", ""4. Aantoonbare werkervaring met fit gap analyses tussen bestaande en gewenste metadata inrichting en het vertalen van resultaten naar concrete aanpassingen en implementatieplannen"", ""5. Minimaal 1 jaar aantoonbare werkervaring met de MDTO-standaard en ervaring met implementatie in DMS\u2011, zaak of M365 omgevingen Benoem duidelijk in het CV waar deze werkervaring is opgedaan""]","[""6. Minimaal 8 jaar aantoonbare werkervaring met metadata\u2011modellering en het opstellen van organisatiebrede metadataschema's, bij voorkeur gebaseerd op MDTO Benoem duidelijk in het CV waar deze werkervaring is opgedaan"", ""7. Aantoonbare werkervaring met MDTO binnen Corsa, AIMS of Microsoft 365/Teams"", ""8. Aantoonbare werkervaring met API\u2019s Geef hiervan een duidelijk voorbeeld in het CV""]",open,new
ai-developer-1,Ai developer,Ministerie van Defensie,,Zuid-Holland,ICT Informatievoorziening,40 uur per week,01 november 2026,31 oktober 2027,"Opdrachtbeschrijving Voor een innovatief project zoeken we een AI developer, die aan de slag kan met een multi-agent systeem, waarbij verschillende AI-agents samenwerken om complexe taken uit te voeren. In deze rol ontwerpt en ontwikkelt de developer intelligente agents met ieder een eigen verantwoordelijkheid binnen het systeem. De developer vertaalt processen en taken naar effectieve prompts, kan experimenteren met verschillende (open-source) taalmodellen en optimaliseert hun prestaties door middel van prompt engineering, het aanpassen van parameters en het toevoegen van slimme technieken. Daarnaast, is de developer bereid om mee te denken over architectuur, modelkeuze, juridische- en ethische vraagstukken en is op de hoogte van de laatste trends op het gebied van AI-technologie. Een bijzonder aspect van dit project is de koppeling met een trainings- en simulatieomgeving. De AI-agents zullen een belangrijke rol spelen binnen een interactieve game-ervaring. De agents zullen onder andere scenario's moeten kunnen genereren, NPC's kunnen sturen en situaties kunnen analyseren. Er zal dus ook samengewerkt worden met collega's met andere disciplines voor koppelingen met de game componenten. We zoeken iemand die ervaring heeft met het werken met agents en/of multi-agent systems, graag experimenteert, en energie krijgt van het bouwen van slimme AI-oplossingen die daadwerkelijk in de praktijk worden toegepast. Achtergrond opdracht Nederland veiliger maken en veilig houden. Dat is waar jij een bijdrage aan wilt leveren. Je ziet de mogelijkheden van nieuwe IT-technologie om dit doel te bereiken. Bij het AI-lab van de Marechaussee wordt geëxperimenteerd met state-of-the-art AI technologie. Soms komt hier ook een gamecomponent bij kijken. Het is jouw taak om deze game-component naadloos te laten aansluiten op het AI-component. Door game-componenten te onderzoeken, ontwikkelen en te implementeren zorg jij voor een realistische en consistente game-ervaring. Je let hierbij ook op performance, schaalbaarheid en gebruikerservaring. Je gaat je werkzaamheden uitvoeren binnen de sectie DevOps van de Marechaussee. DevOps valt organisatorisch binnen de Directie Informatie & Technologie van de staf CKMar waar gewerkt wordt aan zowel decentrale IT productie als R&D experimenten op het gebied van AI, robotica en engineering. Binnen R&D experimenteer je met de nieuwste technologieën en werk je aan oplossingen die morgen het verschil maken. De succesvolle experimenten kunnen leiden tot behoeftestellingen, prototypes en/of kennisopbouw. Een korte impressie van DevOps vind je in deze interviews: https://magazines.defensie.nl/kmarmagazine/2024/11/01_devops_2024 Generieke beschrijving competentie gebied en niveau's Interpreteert het applicatieontwerp om een geschikte toepassing te ontwikkelen in overeenstemming met de behoeften van de klant. Past bestaande oplossingen aan door b.v. een toepassing naar een ander besturingssysteem porteren. Codes, debugs, tests en documenten en communiceert productontwikkelingsstadia. Selecteert geschikte technische opties voor ontwikkeling zoals hergebruik, verbetering of herconfiguratie van bestaande componenten. Optimaliseert efficiëntie, kosten en kwaliteit. Valideert resultaten met gebruikersvertegenwoordigers, integreert en geeft opdracht tot de algehele oplossing. Samenvattende opgave en missie Ontwerpen en / of codes om te voldoen aan de specificaties van de oplossing. Zorgt voor het bouwen en implementeren van ICT-applicaties. Draagt bij tot een laag ontwerp. Schrijft code om optimale efficiëntie en functionaliteit en gebruikerservaring te garanderen. Taken • Ontwikkel ingenieur en integreer componenten • Volg richtlijnen voor gebruikerservaringen • Bewust van en bekend met bekende beveiligingskwetsbaarheden, door beveiliging toe te passen door ontwerp • Vormdocumentatie • Verstrek geavanceerde, component technische ondersteuning • Los problemen vóór en na het testen op","[""Kandidaat heeft minimaal 3 jaar ervaring met programmeren in python."", ""Kandidaat heeft minimaal 2 jaar ervaring met het ontwikkelen met Large Language Models en implementeren hiervan."", ""Kandidaat heeft sterke kennis van prompt engineering, agents en Retrieval-Augmented Generation."", ""Kandidaat heeft begrip van AI-veiligheid, hallucinaties en guardrails."", ""Kandidaat kan goed met andere collega's samenwerken en koppelingen maken tussen AI en andere domeinen."", ""Kandidaat heeft minimaal 2 jaar aantoonbare werkervaring met het gekozen eCF profiel of soortelijke functie."", ""De kandidaat kan zelfstandig en gestructureerd te werk gaan en is communicatief vaardig."", ""De kandidaat kan in team verband aan het project werken door gebruik te maken van de juiste tools en werkwijze. Denk aan DevOps werkwijze en versiebeheer met bijvoorbeeld Git.""]","[""Kandidaat heeft bij voorkeur meer dan aangegeven eis aantoonbare werkervaring met de gevraagde functie binnen het eCF profiel."", ""Kandidaat heeft een studierichting in AI of vergelijkbaar op minimaal WO bachelor niveau."", ""Kandidaat heeft ervaring met het opzetten van (complexe) multi-agent systemen is een pr\u00e9."", ""Kandidaat heeft ervaring met het koppelen van AI-technologie en game technologie is een pr\u00e9."", ""Kandidaat heeft bij voorkeur aantoonbare werkervaring met Open Source""]",open,new
inburgeringscoach,Inburgeringscoach,Gemeente Amstelveen,max €83 per uur,Noord-Holland,ICT Informatievoorziening,32 uur per week,19 oktober 2026,31 maart 2027,"Wat ga je doen? Als Inburgeringscoach ben jij de spin in het web voor onze nieuwe inwoners. Jij: Houdt de regie over het hele traject en coacht de inburgeraar van A tot Z met oog voor hun persoonlijke situatie; Regelt de aanmeldingen bij taalscholen en cursussen of trainingen (onder andere MAP en PVT); Helpt bij het vinden van werk of participatie: van cv tot sollicitatie, van netwerk tot werkvloer; Verwijst door naar zorg- en hulpinstanties als dat nodig is; Zorgt voor een goede administratie en rapportage in ons cliëntvolgsysteem (Suites4SD). De functie kan worden uitgebreid met het afnemen van de brede intake en opstellen van het Plan Inburgering en Participatie (PIP); Competenties Positief; Ondernemend; Stressbestendig; Communicatief; Verbinder. In Amstelveen werken we samen, zijn we betrokken en werken we oplossingsgericht. Dit zijn onze kernwaarden en passen bij de manier waarop jij je werkzaamheden uitvoert. Bovenstaande competenties worden tijdens het gesprek beoordeeld door de gemeente. Referentie Het checken van referenties kan onderdeel zijn van de procedure. Bij de gevraagde werkervaring, onder het onderdeel ‘eisen’, is het opgeven van een referentie vereist. Onder een referentie wordt het volgende verstaan: de naam en contactgegevens van een teamleider/leidinggevende van een recente opdrachtgever, die relevant is voor de uitgevraagde opdracht, zoals opgesteld door Gemeente Amstelveen. Interviewplanning De top 3 van kandidaten wordt door de gemeente Amstelveen uitgenodigd voor een sollicitatiegesprek. De gesprekken vinden plaats op donderdag 8 oktober tussen 09.00 uur en 13.00 uur. De gesprekken vinden op locatie plaats. De kandidaat dient op deze datum en tijdsblok beschikbaar te zijn. Toelichting op rooster Startdatum is een vereiste.","[""Opleiding\r\n\r\nOp cv aantoonbaar HBO werk- en denkniveau."", ""Werkervaring\r\n\r\nOp cv minimaal 2 jaar aantoonbare werkervaring met de Wet Inburgering in de rol van inburgeringscoach.\t\t\t\t\t\t\t\tReferentie vereist"", ""Werkervaring\r\n\r\nKandidaat beschikt over aantoonbare communicatieve vaardigheden, zowel mondeling als schriftelijk, blijkend uit het cv.""]","[""Werkervaring\r\nOp cv aantoonbaar 2 jaar werkervaring als inburgeringscoach bij een gemeentelijke organisatie."", ""Werkervaring\r\nOp cv aantoonbaar werkervaring met gemeentelijke regelingen."", ""Systeemkennis \r\nOp cv aantoonbaar ervaring met het systeem Suite.""]",open,new
iam-cyber-security-engineer-1,Iam cyber security engineer,Kamer van Koophandel,max €90 per uur,Utrecht,ICT Informatievoorziening,40 uur per week,01 november 2026,01 mei 2027,"Opdrachtomschrijving KVK is op zoek naar een IAM Cyber Security Engineer. De afdeling Business Security beschermt KVK 24/7 en speelt daarmee een cruciale rol in de continuïteit van onze interne en externe dienstverlening. Binnen het team Business Security – Identity & Access Management (IAM) werk je aan een veilige, moderne digitale werkomgeving waarin automatisering, integratie, productiviteit en samenwerking centraal staan. Als Cybersecurity Engineer – IAM Specialist draag je direct bij aan het ontwerpen, bouwen en beheren van toegangs- en identiteitsoplossingen die de basis vormen van een veilige KVK organisatie. Jij zorgt ervoor dat de juiste personen op het juiste moment toegang hebben tot de juiste middelen — niet meer en niet minder. Wil jij een sleutelrol spelen in het versterken van de digitale weerbaarheid van KVK? Dan is deze functie als Cybersecurity Engineer IAM Specialist precies wat je zoekt! Wat ga je doen? Als Cybersecurity Engineer IAM speel je een sleutelrol in het ontwikkelen, beheren en optimaliseren van de Identity & Access Management oplossingen binnen KVK. Je werkt zowel technisch als functioneel aan de doorontwikkeling, integratie, testing, implementatie, werking, monitoring en ondersteuning van het IAM product binnen Business Security. Je ondersteunt collega’s bij cybersecurity vraagstukken en zorgt dat onze IAM diensten robuust, veilig en toekomstbestendig blijven. Je bent verantwoordelijk voor het implementeren, beheren en continu verbeteren van automatiseringen die onze kroonjuwelen en kritieke systemen beschermen. Je richt je op: •Het verder automatiseren van IAM processen; •Integratie van IAM met verschillende kritieke systemen; •Het inzichtelijk maken van key controls via dashboards; •Het versterken van monitoring en security controls. Moderne IAM concepten zoals Lifecycle Management, Risk/X Based Access Control, Single Sign-On, Machine Identity Management, Privileged Access Management en Secret Management zijn voor jou bekende terreinen. Samen bouwen aan sterke IAM diensten. We zoeken een Security Engineer IAM met ervaring én duidelijke affiniteit met het IAM domein. Samen met de Product Owner vorm je de roadmap en geef je richting aan de verdere professionalisering van het product. Je werkt actief samen met jouw team en stimuleert collega’s om beheerwerkzaamheden te integreren en te automatiseren. Hierdoor creëren jullie als team meer ruimte om waarde toe te voegen en de roadmap sneller te realiseren. Uiteraard zorg je ervoor dat onze IAM omgeving altijd voldoet aan de laatste security standaarden en best practices. Wat vragen wij? Je beschikt over een Agile mindset en een energieke, proactieve houding. Samenwerken gaat je van nature goed af: je zoekt verbinding, denkt mee en komt met passende, onderbouwde oplossingen. Je bent nieuwsgierig, leergierig en voelt je comfortabel in een omgeving waar nieuwe methoden en technieken continu in ontwikkeling zijn.Met jouw IAM kennis en ervaring ben je in staat om identiteits- en toegangsoplossingen te implementeren én te automatiseren binnen een moderne, complexe omgeving. Je kunt risico’s helder uitleggen aan het team en weet technische en beveiligingsaspecten begrijpelijk te maken voor verschillende stakeholders. Kandidaatomschrijving Analytisch vermogen Onderzoekt, herkent en begrijpt de belangrijkste elementen van vraagstukken en hun onderlinge samenhang. Flexibiliteit Past verschillende werkwijzen toe en gedraagt zich anders in verschillende situaties om een doel te bereiken. Communiceren Verwoordt gedachten helder en vlot, brengt mondeling en schriftelijk een boodschap begrijpelijk over aan anderen en weet hierbij hun aandacht vast te houden. Deskundigheid Het ontwikkelen van eigen kennis over het vakgebied en deze kennis effectief benutten voor de eigen functie of organisatie. Ondernemerschap Signaleert kansen in de markt, zowel voor bestaande als nieuwe diensten en/of producten, handelt ernaar en durft daarbij risico’s te nemen. Let op!: Voorafgaand aan de beoordeling van uw aanbieding wordt deze getoetst op volledigheid en geldigheid aan de hand van de in de uitvraag gestelde eisen en de informatie in het CV. Indien gestelde eisen niet aantoonbaar in het cv zijn te herleiden dan zal deze eis in het antwoord van uw aanbieding worden aangepast. Het resultaat daarvan is dat uw aanbieding of lager scoort in de ranking of terzijde wordt gelegd. U ontvangt hierover een gemotiveerd bericht. Goed om te weten: screening is onderdeel van de procedure, waarbij ook een social media check plaatsvindt. Zie https://werkenbij.kvk.nl/pages/nl-nl/algemeen/privacyverklaring voor meer informatie hierover. Interviewplanning Start publicatie tender: 22-09-2026 Sluiting inschrijving tender: 02-10-2026 Cv beoordeling: 02-10-2026 Gesprekken: tussen 07-10-2026 en 14-10-2026 Gunningsbesluit: 14-10-2026 Voorlopige gunning: 14-10-2026 Startdatum: 01-11-2026","[""Opleiding\r\n\r\nAfgeronde opleiding is op het gebied van Informatica/Bedrijfskunde/ICT"", ""Kennis\r\n\r\nKandidaat is in het bezit van certificeringen zoals CSA, SC200"", ""Opleiding\r\n\r\nKandidaat heeft aantoonbaar hbo werk- en denkniveau"", ""Kennis\r\n\r\nKandidaat heeft aantoonbare kennis van Agile, Scrum en ITIL (change- en incidentmanagement)"", ""Ervaring\r\n\r\nKandidaat heeft actuele (in de afgelopen 5 jaar) en aantoonbare ervaring met Java en JavaScript voor het bouwen en implementeren van workflows, adapters en complexe identity providers"", ""Ervaring\r\n\r\nKandidaat heeft actuele (in de afgelopen 5 jaar) en aantoonbare ervaring met REST applicaties"", ""Ervaring\r\n\r\nKandidaat heeft actuele (in de afgelopen 5 jaar) en aantoonbare ervaring met CI/CD pipelines voor automatisering"", ""Kennis\r\n\r\nKandidaat kent Engels en Nederlands in woord en geschrift"", ""Ervaring\r\n\r\nKandidaat heeft actuele (in de afgelopen 7 jaar) en minimaal 5 jaar aantoonbare ervaring met Identity & Access Management en IAM\u2011oplossingen"", ""Ervaring\r\n\r\nKandidaat heeft actuele (in de afgelopen 5 jaar) en aantoonbare ervaring met het implementeren van protocollen en oplossingen zoals Identity Lifecycle Management, Privileged Access Management, Secret/Vault Management, SSO en aanverwante concepten""]","[""Kennis\r\nKandidaat heeft een afgeronde HBO opleiding"", ""Ervaring\r\nKandidaat heeft ... jaar aantoonbare ervaring met werken bij soortgelijke overheidsorganisaties""]",open,new
epic-owneronderwijskundige,Epic owner/onderwijskundige,Stedin Groep,max €110 per uur,Zuid-Holland,ICT Informatievoorziening,32 uur per week,19 oktober 2026,18 oktober 2027,"Epic Owner Functiefit (tijdelijk) De energietransitie vraagt om nieuwe kennis, nieuwe vaardigheden en nieuwe manieren van werken. Tegelijkertijd neemt het belang van vakbekwaamheid, inzetbaarheid en kennisbehoud toe. Om ook in de toekomst veilig, betrouwbaar en efficiënt te kunnen werken, moet duidelijk zijn wat medewerkers nodig hebben om hun functie goed uit te voeren én hoe zij zich verder kunnen ontwikkelen. Binnen Zakelijk Complex (ZC) werken honderden specialisten dagelijks aan de aanleg, het beheer en het onderhoud van onze hoogspanningsinfrastructuur. Dat vraagt om heldere verwachtingen, uniforme functie-eisen en inzicht in welke expertise, competenties, vaardigheden en bevoegdheden nodig zijn om het werk vandaag én morgen succesvol uit te voeren. Daarom zijn we het project Functiefit gestart. Binnen dit project richten we het skillmanagementsysteem AG5 beter en uniformer in. AG5 helpt ons vastleggen welke expertises, gedragscompetenties, opleidingseisen, aanwijzingen en relevante werkinstructies bij functies horen. Daarmee bouwen we aan een steviger fundament voor vakbekwaamheid, inzetbaarheid, loopbaanontwikkeling en toekomstige capabilityontwikkeling binnen ZC. Wat ga je doen? Als Epic Owner Functiefit ben je verantwoordelijk voor de verdere ontwikkeling en implementatie van het project Functiefit binnen Zakelijk Complex. Daarbij is AG5, ons skillmanagementsysteem, een belangrijk middel. Je zorgt ervoor dat per functie op een uniforme manier wordt vastgelegd welke expertises, gedragscompetenties, opleidingseisen, aanwijzingen en periodieke technische handelingen daarbij horen. Je stelt dus geen functies of functie-eisen opnieuw vast, maar helpt de bestaande praktijk eenduidig, bruikbaar en toekomstbestendig vast te leggen. De kern van je opdracht is dus niet alleen het verbeteren van AG5. Je helpt ZC vooral om binnen Functiefit één gezamenlijke taal en werkwijze te ontwikkelen rondom expertises en competenties. Je werkt intensief samen met vakgroephoofden, teamleiders, HR, de Stedin Academie, dataspecialisten en IT. Dit vraagt om iemand die inhoud, systemen en verandering met elkaar kan verbinden. Je houdt je onder andere bezig met: Samen met teamleiders, vakexperts en de Stedin Academie scherp krijgen welke expertises, gedragscompetenties, opleidingseisen, aanwijzingen en relevante werkinstructies bij functies binnen Zakelijk Complex horen; Uniform vastleggen van deze informatie in AG5; Vertalen van ontwikkelingen binnen ZC en de energietransitie naar de capabilities die nu en in de toekomst nodig zijn; Versterken van de samenhang tussen vakbekwaamheid, inzetbaarheid, loopbaanontwikkeling en strategische personeelsplanning; Regie voeren op de inrichting en samenhang van informatie over functies, competenties, expertise, bevoegdheden en vakbekwaamheid binnen AG5 en de verbinding met Workday, Certwell, LMS en andere relevante systemen; Samenwerken met HR, dataspecialisten en IT om koppelingen tussen systemen, stuurinformatie en datakwaliteit verder te ontwikkelen; Zorgen voor betrouwbare managementinformatie, KPI's en dashboards die inzicht geven in vakbekwaamheid, bevoegdheden, inzetbaarheid en capabilityontwikkeling; Begeleiden van teamleiders en vakgroepen bij de implementatie van de nieuwe werkwijze binnen Functiefit en het gebruik van AG5 in de praktijk; Creëren van draagvlak en omgaan met weerstand die ontstaat bij veranderingen; Sturen op voortgang, besluitvorming, afhankelijkheden en succesvolle implementatie van de roadmap. De uitdaging in deze opdracht Functiefit gaat niet over de introductie van een nieuw systeem. AG5 wordt binnen ZC al langere tijd gebruikt. Tegelijkertijd is de inrichting niet overal uniform en niet altijd goed verbonden met de dagelijkse praktijk. Dat maakt deze opdracht complex. Je stapt in een bestaande situatie met historie, verschillende werkwijzen en uiteenlopende belangen. Vakgroepen kunnen hun functies, competenties en expertise op verschillende manieren hebben ingericht. Teamleiders en medewerkers kunnen vragen hebben over wat de nieuwe inrichting betekent voor hun werk, hun ontwikkeling en hun mogelijkheden om door te groeien. De uitdaging zit daarom niet alleen in structuur, data of techniek. De grootste uitdaging is om samen met de organisatie tot één gedragen manier van werken te komen: een werkwijze waarin Functiefit richting geeft en AG5 praktisch bruikbaar is voor teamleiders, vakgroepen en medewerkers. Dat vraagt om inhoudelijke scherpte, onderwijskundige expertise, organisatiesensitiviteit en veranderkracht. Je moet comfortabel zijn met een opdracht waarin nog niet alles vooraf duidelijk is. Je brengt beweging, maar doet dat zorgvuldig. Je maakt keuzes expliciet, houdt oog voor de praktijk en zorgt dat de oplossing niet alleen klopt op papier, maar ook werkt voor leidinggevenden en medewerkers. Dit maakt de functie uniek Je werkt aan een strategische opgave die direct raakt aan vakbekwaamheid, inzetbaarheid en uitvoeringskracht van Zakelijk Complex; Je helpt bouwen aan één uniforme manier van werken rondom functies, competenties, expertise en vakbekwaamheid; Je verbindt onderwijskunde, HR, capabilityontwikkeling, systemen en change; Je werkt met alle vakgroepen binnen ZC en hebt daarmee brede impact; Je maakt zichtbaar wat medewerkers nodig hebben om hun functie goed uit te voeren en hoe zij kunnen doorgroeien; Je werkt intensief samen met vakgroephoofden, teamleiders, HR en de Stedin Academie; Je helpt bepalen welke capabilities ZC vandaag én in de toekomst nodig heeft; Je werkt aan een opdracht met bestuurlijke aandacht en zichtbare impact op de organisatie. Jouw sterke punten Je bent analytisch, verbindend en inhoudelijk scherp. Je kunt complexe vraagstukken terugbrengen tot duidelijke keuzes. Je begrijpt dat vakbekwaamheid niet alleen gaat over opleidingen, maar ook over verwachtingen, functies, competenties, systemen, gedrag en sturing. Je weet mensen mee te nemen zonder de inhoud zwakker te maken. Je kunt goed luisteren, maar durft ook te benoemen waar verschillen, onduidelijkheden of risico’s zitten. Daarnaast ben je: Onderwijskundig sterk; Organisatiesensitief; Veranderkundig vaardig; Communicatief helder; Analytisch en gestructureerd; Resultaatgericht; Stevig genoeg om weerstand te begeleiden; Praktisch genoeg om samen met teams tot werkbare oplossingen te komen; In staat om inhoud, proces, systeeminrichting en gedrag met elkaar te verbinden; Comfortabel in een omgeving met verschillende belangen en afhankelijkheden. Een goed team, daar hoor je bij Je komt terecht in het team Change & Innovatie binnen Zakelijk Complex. Dit team ondersteunt ZC bij veranderopgaven die bijdragen aan een veilige, voorspelbare, wendbare en toekomstbestendige organisatie. Binnen ZC werken specialisten dagelijks aan hoogspanningsstations en -verbindingen die essentieel zijn voor een betrouwbaar elektriciteitsnet. Vanuit Change & Innovatie help jij deze praktijk beter ondersteunen. Als Epic Owner Functiefit werk je nauw samen met vakgroephoofden, teamleiders, HR, de Stedin Academie, dataspecialisten, IT en andere stakeholders binnen Stedin. Je staat er niet alleen voor: je komt terecht in een team van epic owners, waarin je kunt sparren met collega’s en een buddy over de aanpak van je project. Daarnaast is er ondersteuning vanuit het Change Office en de Stedin Academie, onder andere met werkwijzen, standaarden en begeleiding bij de change-aanpak. De opdrachtgever voor deze change is Dedicated Team Kwaliteit FTE. Je standplaats is Delft. Daarnaast werk je regelmatig vanuit Rotterdam, Utrecht of vanuit huis. Klaar om impact te maken? Wil jij bouwen aan de vakbekwaamheid van de toekomst én bijdragen aan de uitvoeringskracht van Stedin? Dan kijken we uit naar jouw sollicitatie. Deze rol is tijdelijk van aard. We zoeken bij voorkeur een kandidaat die zich gedurende 12 maanden voor circa 32 uur per week wil verbinden aan deze strategische veranderopgave. Het is ook mogelijk dat je na het afronden van de Epic Functiefit ingezet kan worden op vergelijkbare Epics binnen het onderwerp leren en ontwikkelen.","[""Kandidaat heeft minimaal WO werk- en denkniveau"", ""Voor deze rol zoeken we iemand die 32 uur beschikbaar is, meer of minder is niet mogelijk"", ""Kandidaat dient de Nederlandse taal machtig te zijn (min niveau C1) in woord en geschrift, tenzij anders aangegeven. Een aanbieding op deze aanvraag is hierbij een akkoordverklaring."", ""Kandidaat heeft minimaal 7 jaar relevante werkervaring als Onderwijskundige (of vergelijkbaar) EN Epic Owner. Bij voorkeur in de technische sector"", ""Kandidaat heeft een afgeronde opleiding in Onderwijskunde, Onderwijswetenschappen, Human Resource Development of een vergelijkbare richting"", ""Het CV is voorzien van referenties (naam, functie en contactgegevens referent) of deze kunnen op aanvraag aangeleverd worden.""]","[""Graag marktconform aanbieden. Max tarief voor deze rol is 110 euro.\r\nTarieven dienen all in te zijn. Losse declaraties zijn niet toegestaan"", ""De kandidaat beschikt over onderstaande competenties. Deze kunnen worden getoetst in een gesprek met de opdrachtgever.\r\n\r\n- Goed kunnen plannen\r\n- Verantwoordelijkheidsgevoel\r\n- Flexibele instelling\r\n- Goede communicatieve vaardigheden\r\n- Resultaatgericht\r\n- Proactief\r\n- Luistervaardig"", ""Is de kandidaat eerder werkzaam geweest binnen Stedin?\r\n\r\nIndien kandidaat eerder werkzaam is geweest binnen Stedin dan dient de reden van vertrek in het CV te staan. Tevens worden intern referenties ingewonnen. Mocht de reden van vertrek en de referentie(s) niet overeenkomen, dan wordt de toelating in het Dynamisch Aankoopsysteem ontnomen."", ""Kandidaat heeft aantoonbaar ervaring met:\r\n- competentiemanagement, capabilityontwikkeling of talentontwikkeling; \r\n- het ontwikkelen of harmoniseren van competentieprofielen, functie-eisen of skillstructuren; \r\n- het vertalen van organisatiebehoeften naar duidelijke verwachtingen voor functies en medewerkers\r\n- stakeholdermanagement op tactisch en strategisch niveau\r\n-  het begeleiden van werksessies, analyses en besluitvormingstrajecten;""]",open,new
adviseur-informatie-veiligheid-ciso,Adviseur informatie veiligheid & ciso,gemeente IJsselstein,max €110 per uur,Utrecht,ICT Informatievoorziening,32 uur per week,12 oktober 2026,12 februari 2027,"Organisatie De gemeente IJsselstein is een stad in het zuidwesten van de provincie Utrecht. De stad telt ruim 33.000 inwoners en heeft een gezellig historisch hart waar de inwoners trots op zijn. De ambtelijke organisatie van de gemeente (GIJS) bestaat uit ruim 250 medewerkers verdeeld over 8 teams. GIJS werkt aan een bloeiend en toekomstbestendig IJsselstein, waar iedereen prettig kan wonen, werken en samenleven. GIJS staat voor betrouwbare dienstverlening, een benaderbare organisatie en heldere communicatie. De ambtenaren werken vanuit drie kernwaarden: vakmanschap, pragmatisch en samenspel. Samen met en voor ‘ons stadje’. Opdracht De werkzaamheden bestaan uit twee onderdelen. Enerzijds vervul je de rol van CISO van GIJS. Vanuit deze rol houd je toezicht op de informatieveiligheid binnen GIJS en rapporteer je hierover aan het management en het bestuur. Anderzijds ben je werkzaam als Adviseur Informatieveiligheid. In deze rol houd je je onder andere bezig met de implementatie van de Cybersecuritywet (NIS2) en adviseer je op het gebied van informatieveiligheid, waaronder BIO2, ISO 27001, risicomanagement, leveranciersmanagement, compliance en audit. Daarnaast richt je je op de coördinatie en het afronden van de implementatie van het ISMS, de uitvoering van het informatieveiligheidsbeleid en de bijbehorende projecten. Ook vervul je de rol van ENSIA-coördinator. De inzet is nodig vanwege de uitval van een collega en bedraagt 30–32 uur per week. De opdracht heeft in eerste instantie een looptijd van minimaal vier maanden. Het vervolg is afhankelijk van de inzetbaarheid van de afwezige collega. Na de eerste vier maanden bestaat de mogelijkheid om de opdracht viermaal met drie maanden te verlengen. Je komt te werken binnen Team Interne Ondersteuning, één van de twee bedrijfsvoeringsteams van GIJS, en maakt deel uit van het cluster Informatie. Binnen dit cluster komen Informatiemanagement, Informatieveiligheid, ICT, Archief en Post samen. Het cluster bestaat uit circa 14 personen, waarbij de adviseurs regie houden over de werkzaamheden binnen het cluster. Competenties Bestuurlijke en organisatiesensitiviteit: kan opereren op verschillende niveaus binnen de organisatie en schakelen met management en bestuur. Adviserend vermogen: vertaalt complexe vraagstukken rondom informatieveiligheid naar heldere, toepasbare adviezen. Analytisch vermogen: kan risico’s, compliancevraagstukken en beveiligingsmaatregelen analyseren en in samenhang beoordelen. Regie- en coördinatievermogen: houdt overzicht, bewaakt voortgang en weet verschillende betrokkenen mee te nemen bij onder meer ISMS, ENSIA en informatieveiligheidsprojecten. Resultaatgerichtheid: werkt gericht toe naar concrete resultaten, waaronder het afronden van de implementatie van het ISMS. Communicatieve vaardigheden: communiceert helder en overtuigend met zowel inhoudelijke specialisten als management en bestuur. Zelfstandigheid en proactiviteit: pakt werkzaamheden zelfstandig op, signaleert knelpunten en neemt initiatief waar nodig. Samenwerkingsgerichtheid: werkt effectief samen binnen het cluster Informatie en met andere onderdelen van de organisatie. Functieschaal Deze functie is ingedeeld in functieschaal 11. Deze functieschaal is verbonden aan de desbetreffende CAO van de opdrachtgever inzake de inlenersbeloning. Offerte-eisen Maximaal 5 pagina’s cv, excl. motivatiebrief (1 pgn) en excl. voorblad (1 pgn), opgesteld in het Nederlands (minimaal 2 referenties, bestaande uit naam, functie en organisatie) in pdf. *Indien er uitvoeringsvoorwaarde gehanteerd worden verzoeken we je in de offerte aannemelijk te maken en deugdelijk te onderbouwen op welke wijze er invulling gegeven wordt aan de uitvoeringsvoorwaarde. Werkdagen De opdracht wordt vervuld op de volgende werkdagen: Ma – Di – Wo – Do – Vr Is hybride werken mogelijk:  ja/nee","[""1. Bring Your Own Device is van toepassing. De kandidaat beschikt gedurende de gehele looptijd van de opdracht over een eigen mobiele telefoon inclusief abonnement voor alle zakelijke contacten en over een eigen laptop en/of iPad voor de uitvoering van de werkzaamheden"", ""2. Aantoonbare werkervaring binnen een gemeentelijke organisatie"", ""3. Aantoonbare werkervaring in de rol van CISO (Chief Information Security Officer"", ""4. Aantoonbare werkervaring als Adviseur Informatieveiligheid"", ""5. Aantoonbare werkervaring als ENSIA-co\u00f6rdinator""]","[""7. Aantoonbare werkervaring als CISO binnen een gemeentelijke organisatie\r\nc. 7 jaar of meer aantoonbare werkervaring (30 pt)\r\nb. 5 tot 7 jaar aantoonbare werkervaring (20 pt)\r\na. Tot 5 jaar aantoonbare werkervaring (0 pt)"", ""8. Aantoonbare werkervaring als Adviseur Informatieveiligheid\r\nc. 7 jaar of meer aantoonbare werkervaring (30 pt)\r\nb. 5 tot 7 jaar aantoonbare werkervaring (20 pt)\r\na. Tot 5 jaar aantoonbare werkervaring (0 pt)"", ""9. Aantoonbare werkervaring als ENSIA-co\u00f6rdinator\r\nc. 4 jaar of meer aantoonbare werkervaring (30 pt)\r\nb. 2 tot 4 jaar aantoonbare werkervaring (20 pt)\r\na. Tot 2 jaar aantoonbare werkervaring (0 pt)""]",open,new
technisch-applicatiebeheerder-m365,Technisch applicatiebeheerder m365,Provincie Gelderland,max €100 per uur,Gelderland,ICT Informatievoorziening,40 uur per week,02 november 2026,30 april 2027,"Omschrijving Opdrachtgever provincie Gelderland Gelderland, de mooiste provincie van Nederland! Elke dag werken we in de grootste provincie van Nederland samen met 2.000 medewerkers om Gelderland mooi, schoon, welvarend en veilig te houden van en voor ons allemaal. We doen dit met veel inzet, motivatie, kennis en kunde en uiteraard samen met allerlei organisaties en partijen. Samen zoeken we telkens naar nieuwe passende oplossingen voor complexe maatschappelijke opgaven zoals bijvoorbeeld energietransitie, woningbouw, mobiliteit, natuur of milieu. Dit maakt ons werk uitdagend, interessant en zinvol. Opdracht De afdeling I&A is de professionele dienstverlener op het gebied van informatiedienstverlening en informatietechnologie. Als I&A voorzien we de provinciale collega’s van de juiste en actuele ICT-voorzieningen, zodat zij zich op hun kerntaken kunnen richten. Ook adviseren wij de provinciale organisatie bij het automatiseren van processen en bij het samenstellen en beheren van data- en/of gegevensverzamelingen. Team Beheer vormt het kloppend hart van de IT-organisatie van de provincie Gelderland. Het team is verantwoordelijk voor het functioneel en technisch beheer én het onderhoud van alle provinciale applicaties en de onderliggende infrastructuur in Azure. Team Beheer bestaat uit 35 betrokken professionals. Samen combineren we technische expertise met een sterke focus op dienstverlening. We denken vooral in oplossingen die het werk van onze collega’s makkelijker en effectiever maken. Microsoft 365 is er hier één van. Voor team I&A Beheer zijn we op zoek naar een technisch applicatiebeheerder M365 die ons team tijdelijk komt versterken (ter overbrugging naar een vaste invulling van de functie). In deze functie sta je in nauw contact met collega’s binnen én buiten I&A. Jij zorgt ervoor dat jouw collega’s hun werk efficiënt kunnen doen door een optimale digitale ondersteuning. Je werkt 36 tot 40 uur per week waarvan minimaal 2 dagen per week op het Provinciehuis te Arnhem en voor de rest is, in overleg, thuiswerken mogelijk. Je bent expert in het technisch beheren van Microsoft 365: Sharepoint en Teams, OneDrive, Viva Engage, Exchange online, Purview, Defender en Entra. Je ondersteunt onze collega’s proactief, je denkt actief mee, monitort nieuwe Microsoft-ontwikkelingen en wijzigingen en adviseert over de impact daarvan op onze organisatie. Ook bied je tweede en derdelijns ondersteuning. In deze functie breng je analytische vaardigheden, oplossingsgerichtheid en samenwerkingskracht samen. Je staat stevig in je schoenen en gaat makkelijk het gesprek aan. Je communiceert helder en stimuleert bewust digitaal gedrag. Je houdt moeiteloos overzicht, kunt prioriteiten stellen en kunt werkzaamheden effectief organiseren. Daarbij werk je graag samen, maar neem je ook zelfstandig initiatief wanneer dat nodig is. Je bent analytisch sterk, je ziet kansen tot verbetering en denkt in oplossingen. Complexe informatie kun je helder overbrengen, zowel aan collega’s uit de vak-inhoud als aan niet-technische gebruikers. Taken en verantwoordelijkheden zijn: Uitvoeren van technische 2de en 3de-lijnswerkzaamheden m.b.t. Microsoft 365 (o.a. adviseren, impact bepalen, technisch complexe zaken inrichten, meldingen afhandelen, issues oplossen); Proactief beheren van de M365-omgeving; Automatiseren en opnieuw beleggen van de Microsoft 365-gerelateerde werkzaamheden; Techniek achter ons intranet vernieuwen en uitvoering geven aan het project Sharepoint Modern sites; Begeleiden en uitvoeren van wijzigingen aan ICT-systemen. Het maken van impactanalyses, vakinhoudelijke kennis inbrengen en bijdragen aan het besluitproces is onderdeel hiervan; Bijdragen aan goed en actueel versiebeheer en configuratiebeheer. Randvoorwaarde De technisch applicatiebeheerder maakt onderdeel uit van het cluster Cloud van team Beheer, neemt deel aan team overleggen van het team I&A/Beheer, levert een inspanning om het werk zo goed mogelijk uit te voeren onder hiërarchische aansturing en met afhankelijkheid van het team. De technisch applicatiebeheerder is ingebed in de lijnorganisatie. Gestanddoeningstermijn Een door leverancier uitgebrachte offerte blijft tenminste 90 kalenderdagen vanaf de datum waarop deze is ontvangen, ongewijzigd en onverminderd van kracht. Procedure De procedure wordt uitgevoerd in twee fasen. In fase 1 worden de offertes beoordeeld op de eisen en de gunningcriteria kwaliteit. Fase 2 is de interviewfase. Interviewfase De interviews vinden plaats op donderdag 15 oktober 2026 en/of vrijdag 16 oktober 2026. Kandidaten die hiervoor uitgenodigd zijn, ontvangen uiterlijk op maandag 12 oktober 2026 bericht. Overige kandidaten ontvangen na de gesprekken bericht over de voortgang van deze inhuuropdracht. Als kandidaat niet beschikbaar is op de aangegeven datum/data, dient kandidaat dat in het kader van de Nota van Inlichtingen of bij het indienen van zijn offerte expliciet aan te geven. Indien kandidaat conform het hiervoor gestelde heeft aangegeven niet aanwezig te kunnen zijn op de datum/data waarop het interview zal plaatsvinden, zal in onderling overleg bepaald worden, wanneer het interview met deze kandidaat wel zal kunnen plaatsvinden. In ieder geval dient het interview op een zodanige datum plaats te vinden, dat de datum waarop de werkzaamheden moeten starten niet moet worden uitgesteld.","[""4. Kandidaat beschikt aantoonbaar over minimaal een HBO werk- en denkniveau op het gebied van IT, opgedaan door een combinatie van een afgeronde HBO opleiding met minimaal 5 jaar recente relevante ervaring in de IT, of een afgeronde MBO opleiding met minimaal 10 jaar recente relevante ervaring in de IT. Benoem de naam van de opleiding, de plaats en het afstudeerjaar. Benoem ook in welke rol en in een concrete beschrijving hoe de gevraagde werkervaring is opgedaan."", ""5. Kandidaat beschikt aantoonbaar over minimaal 5 jaar ervaring (opgedaan in de periode 2018 - heden) in de functie van technisch applicatiebeheerder van Microsoft 365 producten. Benoem en beschrijf concreet (geen abstracte termen) in uw toelichting de opdrachten/projecten waaruit blijkt dat u aan de eis van minimaal 5 jaar ervaring voldoet."", ""6. Kandidaat is aantoonbaar minimaal 5 jaar werkzaam geweest bij of voor een organisatie met 500+ medewerkers. Benoem en beschrijf concreet (geen abstracte termen) in uw toelichting in welke periode u bij of voor welke organisatie werkzaam bent geweest, het aantal medewerkers werkzaam bij deze organisatie en welke functie u heeft ingevuld gedurende deze periode."", ""1. Kandidaat is inzetbaar vanaf 2 november 2026 tot en met 30 april 2027 voor 36 tot 40 uur per week. Minimaal 2 dagen per week werkzaam op het Provinciehuis te Arnhem en in overleg thuiswerken. De inhuuropdracht kan optioneel worden verlengd met 2 maal een periode van 6 maanden. Afhankelijk van de beschikbaarheid van kandidaat, is een gefaseerde start en/of latere startdatum mogelijk, mits kandidaat uiterlijk 16 november 2026 inzetbaar is voor minimaal 36 uur per week. De startdatum is onder voorbehoud van een tijdige afronding van de offerteprocedure. Dit kan ook betekenen dat de startdatum van de opdracht zal moeten worden opgeschoven. Aan de vermelde startdatum in de offerteaanvraag kunnen zodoende geen rechten worden ontleend."", ""2. Je voegt een CV van maximaal 5 pagina's A4 toe. Indien het CV (incl. figuren, tabellen, voorblad en inhoudsopgave) langer is dan het toegestane aantal A4's, wordt deze enkel voor het toegestane aantal A4's beoordeeld, waarna de overige A4's buiten de beoordeling worden gehouden. Het CV is in het Nederlands gesteld en bij voorkeur in PDF-formaat. In het CV dient te allen tijde een vermelding van de functienaam, start- en einddatum (MAAND EN JAAR) van de werkzaamheden en aantal gewerkte uren per week te zijn vermeld. Het CV dient louter ter verificatie van de bij de eisen en gunningscriteria kwaliteit gegeven toelichting. Je dient in het CV apart op alle eisen en gunningscriteria kwaliteit een toelichting (antwoord/beschrijving) te geven waarmee je aantoont dat je, of de aangeboden kandidaat, aan de eis of het gunningscriterium kwaliteit voldoet."", ""7. Kandidaat beschikt aantoonbaar over minimaal 3 jaar ervaring (opgedaan in de periode 2018 - heden) in de functie van technisch specialist cq cloud engineer op het Microsoft Azure platform. Benoem en beschrijf concreet (geen abstracte termen) in uw toelichting de opdrachten/projecten waaruit blijkt dat u aan de eis van minimaal 3 jaar ervaring voldoet.""]","[""10. Kandidaat beschikt aantoonbaar over ervaring met het beheren van applicaties die op gevirtualiseerde omgevingen draaien, aan te tonen met praktijkvoorbeelden.\r\nKandidaat heeft ervaring met het beheren van applicaties die op gevirtualiseerde omgevingen draaien (20 punten) (20 pt)\r\nKandidaat heeft geen ervaring met het beheren van applicaties die op gevirtualiseerde omgevingen draaien (0 punten) (0 pt)"", ""12. Kandidaat heeft aantoonbaar ervaring met ShareGate, PowerShell en MS Graph, aan te tonen met praktijkvoorbeelden.\r\nKandidaat heeft ervaring met ShareGate EN PowerShell EN MS Graph (20 punten) (20 pt)\r\nKandidaat heeft ervaring met ShareGate OF PowerShell OF MS Graph (10 punten) (10 pt)\r\nKandidaat heeft geen ervaring met ShareGate, PowerShell en MS Graph (0 punten) (0 pt)"", ""11. Kandidaat heeft aantoonbaar ervaring met het security domein en kent de ins en outs van security binnen Microsoft 365, aan te tonen met praktijkvoorbeelden.\r\nKandidaat heeft ervaring met het security domein en kent de ins en outs van security binnen Microsoft 365 (20 punten) (20 pt)\r\nKandidaat heeft geen ervaring met het security domein (0 punten) (0 pt)"", ""9. Kandidaat beschikt aantoonbaar over de volgende Microsoft certificaten, aan te tonen met de naam van de opleiding en het jaar waarin het certificaat is behaald. Microsoft 365 Fundamentals (MS-900) Managing Microsoft Teams (MS-700) Microsoft Azure Fundamentals (AZ-900) Microsoft 365 Administrator (MS-102)\r\nKandidaat beschikt over alle vier de Microsoft certificaten (30 punten) (30 pt)\r\nKandidaat beschikt over drie van de vier Microsoft certificaten (20 punten) (20 pt)\r\nKandidaat beschikt over twee van de vier Microsoft certificaten (10 punten) (10 pt)\r\nKandidaat beschikt over \u00e9\u00e9n van de vier Microsoft certificaat (5 punten) (5 pt)\r\nKandidaat beschikt niet over de gevraagde Microsoft certificaten (0 punten) (0 pt)"", ""13. Kandidaat heeft aantoonbaar ervaring met methoden en technieken (ASL2, BiSL en ITIL) voor het beheren van de informatiesystemen, aan te tonen met praktijkvoorbeelden.\r\nKandidaat heeft ervaring met alle drie de methoden en technieken (ASL2, BiSL en ITIL) voor het beheren van de informatiesystemen (10 punten) (10 pt)\r\nKandidaat heeft ervaring met twee van de methoden en technieken (ASL2, BiSL en ITIL) voor het beheren van de informatiesystemen (5 punten) (5 pt)\r\nKandidaat heeft ervaring met \u00e9\u00e9n van de methoden en technieken (ASL2, BiSL en ITIL) of heeft geen ervaring met methoden en technieken (ASL2, BiSL en ITIL) voor het beheren van de informatiesystemen (0 punten) (0 pt)""]",open,new
studentenadviseur-2,Studentenadviseur,MBO Amersfoort,,Utrecht,ICT Informatievoorziening,32 uur per week,29 september 2026,29 december 2026,"Organisatie Bij MBO Amersfoort kunnen mbo-studenten kiezen uit 120 praktijkopleidingen verdeeld over 14 scholen op 10 locaties. Op alle scholen gaan we voor het succes van onze studenten. Leren in de praktijk staat centraal. Daarom werken we samen met het bedrijfsleven, brancheorganisaties en onze eigen onderwijsbedrijven. We vinden het belangrijk dat iedereen, student én medewerker, zich bij MBO Amersfoort thuis en veilig voelt. Opdracht Zorgen dat studenten hun opleiding succesvol doorlopen. Ook de studenten die een extra steuntje in de rug nodig hebben. Dat steuntje, dat ben jij. Als studentenadviseur werk je samen met docenten in de begeleiding van studenten die zijn vastgelopen. Bijvoorbeeld in hun studie, thuis of op sociaal vlak. Jij zoekt samen met de student naar interne of externe oplossingen en voorkomt daarmee onder andere voortijdig schoolverlaten. Dit ga je doen Studenten krijgen basisbegeleiding vanuit het onderwijsteam en van hun studieloopbaanbegeleider (slb). Bij complexere situaties waarbij aanvullende ondersteuning nodig is, word jij ingeschakeld. Samen met de student en docent/slb ga je op zoek naar een passend begeleidingstraject. Je werkt samen met twee directe collega studentadviseurs en de specialisten van de centrale afdeling Studentendienstverlening. Op onze locatie Valutaboulevard zien we een verandering in de begeleidingsbehoefte van onze studenten. De diversiteit van onze studenten is groot. Dit maakt het zowel rijk als complex. Er zijn veel verschillende nationaliteiten en ook studenten die de Nederlandse taal nog niet goed beheersen. De achtergrond, schoolervaring en soms de vluchtervaring varieert. Sommige studenten hebben last van trauma’s en PTSS. Dit vraagt om cultuursensitiviteit van onze collega’s en specifieke expertises. Samengevat zijn dit je taken: Adviseren bij complexe begeleidingsvraagstukken op het gebied van leren, loopbaan en persoonlijk- en sociaal welbevinden; Gesprekken voeren met studenten en docenten/slb over specifieke begeleidingsvragen; Overleg met de student, ouders/verzorgers, docenten en onderwijsmanagers met betrekking tot het begeleidingstraject; Contact onderhouden met o.a. hulpverleners, schoolmaatschappelijk werk, studentenarts, doorstroompunt en leerplichtambtenaren; Actief bijdragen aan het terugdringen van voortijdig schoolverlaten; Deelnemen aan besprekingen vanuit jouw expertise; Administratieve afhandeling, verslaglegging en bewaken van procedures, waaronder verzuimprocedures. Studentadviseur: “Het leuke van mijn werk is de afwisseling. Het ene moment heb ik contact met een student die vastloopt in zijn studie. Het andere moment geef ik een studieloopbaanbegeleider advies over die ene student met ADD. Ik heb contact met veel mensen binnen én buiten MBO Amersfoort. Allemaal met als doel om ervoor te zorgen dat studenten succesvol de opleiding doorlopen. Dat ze uiteindelijk met een diploma op zak de school verlaten.” Dit vragen we van je Je hebt een hart voor studenten en je bent in staat om grenzen te stellen. Je voert professionele gesprekken en schrikt niet terug van complexe vraagstukken. Je hebt snel helder waar de student hulp bij nodig heeft en weet de juiste doorverwijzing binnen en/of buiten MBO Amersfoort in gang te zetten. Competenties Gespreksvaardigheden; Adviesvaardigheden; Het talent om vertrouwen te winnen en een relatie op te bouwen. Niet als trucje, maar omdat je oprecht betrokken bent bij de studenten; Durven gevraagd en ongevraagd advies te geven en niet schromen de dialoog aan te gaan; Kundig in traumasensitief begeleiden, begeleiden van studenten met een migratieachtergrond en interculturele communicatie. Functieschaal Deze functie is ingedeeld in functieschaal 11. Deze functieschaal is (eventueel) verbonden aan de desbetreffende CAO van de opdrachtgever inzake de inlenersbeloning. Benodigd aantal professionals 1 Offerte-eisen Maximaal 5 pagina’s cv, excl. motivatiebrief (1 pgn) en excl. voorblad (1 pgn), opgesteld in het Nederlands (minimaal 2 referenties, bestaande uit naam, functie en organisatie) in pdf. *Indien er een uitvoeringsvoorwaarde wordt gehanteerd verzoeken we je in de offerte aannemelijk te maken en deugdelijk te onderbouwen op welke wijze er invulling gegeven wordt aan de uitvoeringsvoorwaarde, dit valt niet onder bovenstaande bepaling. Werkdagen De opdracht wordt vervuld op de volgende werkdagen: maandag en donderdag, andere dagen in overleg.","[""2. Aantoonbare werkervaring binnen het onderwijs en bij voorkeur het mbo-onderwijs of vergelijkbaar"", ""1. Aantoonbare werkervaring met de doelgroep pubers tot jongvolwassenen"", ""3. Een aantoonbare afgeronden hbo bachelor opleiding""]","[""6. Aantoonbare werkervaring binnen het mbo onderwijs"", ""4. Aantoonbare werkervaring met het begeleiden van pubers tot jongvolwassenen binnen het onderwijs of direct vergelijkbaar"", ""5. Aantoonbare werkervaring als adviseur van studenten en docenten in het onderwijs""]",open,new
senior-mendix-developer-11,Senior Mendix Developer,Rechtspraak,,Utrecht,ICT Informatievoorziening,36 uur per week,01 november 2026,01 mei 2027,"Opdrachtomschrijving De ontwikkelaar is verantwoordelijk voor het ontwikkelen van de functionaliteiten zoals die zijn ontworpen door de Service- en UX/UI designer. Veel samenwerken met andere ontwikkelaars, gebruikers en testers is daarbij vanzelfsprekend om de gebruikerswensen te vertalen naar een werkend product. De ontwikkelaar test en implementeert de user stories op basis van de opgestelde backlog en planning. Vertalen van user stories naar werkende functionaliteiten. Testen en implementeren van functionaliteiten. Schakelen met UX/UI Designer over gebruikerswensen. Beheren van de Product Backlog inclusief prioriteitsbepaling. Vertalen van functionele wensen naar technische ontwikkelwerkzaamheden. Bij IVO Rechtspraak werken we met de laatste technologieën. Java, Splunk, AppDynamics, Archimate, ReadyAPI, noem maar op. Waar mogelijk gebruiken we slimme marktoplossingen. En we pakken projecten altijd agile aan, in SCRUM-teams en met DevOps. Het leuke is dat je dicht op gebruikers zit. Net als op het nieuws. Want jij werkt op de achtergrond mee aan zaken waar ze in de media over praten. Dat doe je samen met je collega’s. In een prima werksfeer, met veel vrijheid én ruimte voor ontwikkeling. Als IT’er bij de Rechtspraak werk je samen met collega’s uit andere vakgebieden en bundel je de krachten met ketenpartners en marktpartijen. Ook werk je mee naar een nieuwe manier van werken in zelfstandige teams die bestaan uit zowel ontwikkelaars als beheerders en de eindgebruiker (BusDevOps). Binnen IVO Rechtspraak is ook het onderdeel Klant en Keten ondergebracht. Klant en Keten is het directe gezicht naar de omgeving en zorgt voor een co-creatie tussen de rechtspraak en IV waarbij de kwaliteit en de samenhang tussen het rechtspraak proces en de informatievoorziening wordt geborgd. Ook het bieden van ondersteuning naar gerechten (en ketenpartijen) bij het uitwerken van processen rond informatievoorziening en bieden van ondersteuning voor de verandering als gevolg van IV oplossingen behoort tot de kerntaken.","[""Communicatief vaardig en duidelijk communiceren met teamleden en gebruikers."", ""Bachelor's (BSc) of Master's (MSc) diploma in de vakgebieden IT en/of bedrijfskunde."", ""Meer dan 3 jaar ervaring met low-code oplossingsarchitectuur en/of -ontwikkeling, bij voorkeur met Mendix.""]","[""Ervaring met Mendix-koppelingen; AI-oplossingen met Mendix; Contentoplossingen met Mendix"", ""Platformontwikkeling; Rechtspraak ervaring"", ""Platform certificering, een professioneel/gevorderd of expert certificaat voor Mendix is gewenst of wordt in de nabije toekomst nagestreefd; Bewezen staat van dienst in het leveren van low-code oplossingen met sterke technische expertise in low-code applicatiearchitectuur, integratie en migratie;""]",open,new
lead-devops-engineer,Lead devops engineer,Belastingdienst,,Gelderland,ICT Informatievoorziening,36 uur per week,12 oktober 2026,30 juni 2027,"Opdrachtomschrijving: Als Lead DevOps Engineer werk je nauw samen binnen een van de platformteams van het Integratie Competence Center (ICC) van de Belastingdienst. Het betreffende platformteam ontwikkelt en beheert de API-Management voor zowel intern gebrukk (AMD) als ook extern gebruik (AMX). Het API-Management platform bestaat uit Apigee van Google waarbij het management-plane op de Google Cloud staat en het data-plane op een openshift platform binnen de Belastingdienst. Op dit moment is de API-Manager voor intern gebruik nagegnoeg gereed en zal nog dit jaar naar productie gebracht worden. Dit betekent dat interne Belastingdienst teams gebruik kunnen gaan maken van de API-Manager en het product dus van de DEV naar de OPS fase over gaat. De API-Manager voor extern gebruik bevind zich nog in de DEV fase waarbij we nog dit jaar een MVP gereed willen hebben. Van de teamlead wordt verwacht dat hij samen met het platform team meewerkt aan de realisatie van de API-Management oplossing, de teamleden coacht waar nodig, overall toezicht houdt of de juiste dingen gebeuren en afstemt met de omgeving (binnen ICC met de architect en buiten ICC met o.a. het openschift-team en het netwerk-team). Achtergrond opdracht: Het plaform team bestaat op dit moment uit een mix van interne en ingehuurde DevOps Engineers. Het is de bedoeling om het komende jaar het team meer toekomst vast te maken door inhuur te vervangen door interne medewerkers. De huidige teamlead Lead DevOps Engineer heeft een andere uitdaging binnen het ICC gevonden waardoor we nu op zoek zijn naar een vervanger. Het is noodzakelijk dat de teamlead kennis en ervaring heeft met het product Apigee van Google alsmede het openshift plaform, maar ook communicatief vaardig is. Daarnaast is kennis en ervaring van de Belastingdienst een grote pre. Gezien het belang van deze functie is de vraag onder verambtelijking uitgezet en mogen ook enkel kandidaten aangeboden worden die hier voor open staan.","[""minimaal 5 jaar kennis/ervaring met opzetten, inrichten, trouble shooting van Apigee en GCP"", ""minimaal HBO werk en denk niveau"", ""minimaal 5 jaar kennis/ervaring met opzetten, inrichten, trouble shooting van Openshift/Kubernetes platform""]","[""kennis en ervaring met Apigee en GCP"", ""kennis en ervaring met KeyCloack"", ""Kennis en ervaring met geautomatiseerd testen"", ""Kennis en ervaring met Jenkins, Jira, Git en Confluence en Agile werken"", ""5 jaar ervaring in Java"", ""Kennis en ervaring rond monitoring en logging van een platform""]",open,new
product-owner-131,Product owner,Belastingdienst,,Gelderland,ICT Informatievoorziening,36 uur per week,12 oktober 2026,31 december 2026,"Opdrachtomschrijving: Als Product Owner voor een van de platformteams van het Integratie Competence Center (ICC) van de Belastingdienst ben je de schakel tussen de klanten, de IT-Architect en het DevOps team. Het ICC levert generieke platformen op het gebied van data integratie voor de gehele Belastingdienst, zoals een Enterprice Service Bus, een Event Streaming Dienst en een API-Management Dienst. Daarnaast leveren we een Service Registry en een Schema Store. Het product is niet de integratie zelf, maar de enabling infrastructuur waarmee andere teams zelf veilig en snel integraties kunnen bouwen (Self-Service Platform). Dit vraagt van de Product Owner dat hij zelf ook veel technische kennis en ervaring moet hebben van de platformen die we leveren. In dit specifieke geval gaat het om het API-Management platform welke bestaat uit Apigee van Google waarbij het management-plane op de Google Cloud staat en het data-plane op een openshift platform binnen de Belastingdienst. De focus van de Product Owner: • Developer Experience (DevEx): De platformen moet zo intuïtief zijn dat developers/klanten op basis van selfservice de diensten van ICC kunnen gebruiken. • Standaardisatie: Prioriteit geven aan het opleveren van diensten volgens standaards, CI/CD en duidelijke tutorials. • Geautomatiseerde Governance: Zorgen dat kaders en richtlijnen (zoals security- en kwaliteitschecks) automatisch in de pipelines zijn ingebouwd (Policy-as-Code). • Evangelisatie & Support: Het promoten van het platformen binnen de organisatie en het onboarden van nieuwe teams via goede documentatie en cosultancy. De Product Owner moet zorgen dat de backlog van het platformteam gevuld is met stories en dat deze in refinement sessies met het platformteam sprint ready worden gemaakt. Door middel van dagstarts zal de status en de voortgang gevolgd worden, tijdens de sprintwissel zal het platformteam het resultaat presenteren en in de sprintplanning zullen de stories voor de komende sprint bepaald worden. Achtergrond opdracht: Op dit moment is de API-Manager voor intern gebruik nagegnoeg gereed en zal nog dit jaar naar productie gebracht worden. Dit betekent dat interne Belastingdienst teams gebruik kunnen gaan maken van de API-Manager en het product dus van de DEV naar de OPS fase over gaat. De API-Manager voor extern gebruik bevind zich nog in de DEV fase waarbij we nog dit jaar een MVP gereed willen hebben. Gezien het feit dat we op het kantelpunt staan van DEV naar OPS wordt een Product Owner gezocht. Het is noodzakelijk dat de Product Owner kennis en ervaring heeft met het product Apigee van Google alsmede het openshift plaform, maar ook communicatief vaardig is. Daarnaast is kennis en ervaring van de Belastingdienst een grote pre. Gezien het belang van deze functie is de vraag onder verambtelijking uitgezet en mogen ook enkel kandidaten aangeboden worden die hier voor open staan. Bestaande DevOps Engineers zullen samen met nieuwe DevOps Engineers een nieuw platfromteam gaan vormen. Van de Product Owner wordt dan ook verwacht om dit team als één team te laten werken. De ESD draait reeds meerdere jaren en naast nieuwe ontwikkelingen bevindt het product zich voor het grootste deel in de OPS fase. Het werk richt zich hier vooral op het draaiende houden van de ESD, klantwensen toevoegen en (nieuwe) gebruikers ondersteunen bij allerhande vragen.","[""PSPO I"", ""minimaal HBO werk en denk niveau"", ""minimaal 2 jaar kennis/ervaring met opzetten, inrichten, trouble shooting van Openshift/Kubernetes platform""]","[""Je hebt hbo/wo-werk- en -denkniveau"", ""Je hebt aantoonbare ervaring en gecertificeerd in SAFe/Agile-methodieken"", ""Je hebt bij voorkeur kennis van Evenstreaming (Kafka) dan wel applicatie integratie voorzieningen"", ""Je beschikt over uitstekende schriftelijke en mondelinge communicatieve vaardigheden"", ""Je hebt minimaal 3 jaar relevante werkervaring als product owner"", ""Je hebt bij voorkeur een informatica achtergrond"", ""Je bent in staat om prioriteiten te stellen onder druk van verschillende klantvragen""]",open,new
sap-crm-consultant-15,Sap crm consultant,Het Kadaster,max €115 per uur,Gelderland,ICT Informatievoorziening,36 uur per week,01 november 2026,31 oktober 2027,"Kadaster Het Kadaster registreert en verstrekt gegevens over de ligging van vastgoed in Nederland en de daarmee samenhangende rechten, zoals eigendom en hypotheek. Als zelfstandig bestuursorgaan is dat onze wettelijke taak. Onze gegevens bieden houvast bij het onderzoeken van maatschappelijke vraagstukken, of het nu gaat om de beste route voor een nieuwe snelweg, actuele ontwikkelingen op de woningmarkt of het in beeld brengen van leegstand. Opdracht Binnen de directie BOI bevindt zich de unit BSU3. Deze unit is o.a. nu nog verantwoordelijk voor de service delivery van alle SAP diensten maar transitie naar nieuwe omgevingen is volop gaande. SAP CRM is bezit in de transitie naar Salesforce. De unit is verdeelt in meerdere scrumteams die elk hun eigen aandachtsgebied hebben. Het team SAP CRM binnen BSU van BOI is op zoek naar een SAP CRM/SD consultant. Het team bestaat momenteel uit 2 Sap CRM consultants, een SAP CRM Abap’er en een tester. Daarbij telt het team een productowner. Het team heeft functionele- en technische kennis van volgende CRM “on premise” expertise gebieden: SAP CRM Activity Management SAP CRM Sales SAP CRM Service (incl. Contractmanagement) SAP CRM Marketing SAP CRM WebClient SAP CRM (Employee) Interaction Center Action Framework Word Integratie (Document template designer) SAP CRM Autorisaties Synchronisatie tussen SAP CRM en SAP ECC (zowel klant als HR integratie) Ervaring met IPC (Pricing en Productconfiguratie) Kennis van interfaces: webservices/proxies en Middleware (Idoc en Bdoc verkeer) SAP CRM7.0 SAP ECC SD: Verkoop, Leverplannen, Leveringen, Facturatie, Stamgegevens en integratie met FI/CO. De SAP CRM consultant vertaalt de wens van de opdrachtgever/gebruiker in een werkbare oplossing. Voor belangrijke ontwerpbeslissingen die de architectuur raken (of daar zelfs van afwijken), stemt hij/zij af met de projectarchitect en SAP Lead Consultant. Hetzelfde geldt voor integratie aspecten, zij het dat de afstemming dan vooral plaatsvindt met een Integratie specialist. Belangrijkste technieken, methoden en tools SAP CRM/SD (on premisse) Jira (scrum) Salesforce De belangrijkste taken en verantwoordelijkheden zijn Ontwikkelen en beheren van CRM/SD functionaliteiten; Monitoring operationele systeem (berichtenverkeer, jobs, actions, shortdumps); Onderhouden mailforms en Word documentsjablonen; Meedraaien in het project VIBE die de overgang van SAP CRM faciliteert naar Salesforce; Deelnemen aan Scrum / DevOps sessies, waarin het team samen met de Product Owner en gebruikers spart over een gedegen oplossing; 2e en 3e lijns support van de gebruikersorganisatie; Toepassen en bijhouden van SAP Kadaster standaarden. Competenties Resultaatgericht Helicopterview Besluitvaardig en vasthoudend; kan zijn/haar eigen pad trekken in complex krachtenveld; In staat om zelfstandig binnen een organisatie te bewegen en omgevingssensitief; Communicatief zowel schriftelijk als mondeling sterk; Klantgericht; Proactief en initiatiefrijk; Teamspeler; Analytisch vermogen.","[""Minimaal 5 jaar ervaring SAP CRM."", ""Kennis van- en minimaal 3 jaar ervaring met Agile omgeving."", ""De kandidaat heeft aantoonbaar succesvol complexe opdrachten afgerond."", ""Aantoonbaar Academisch of HBO werk- en denkniveau."", ""Het CV dient in het Nederlands te zijn opgesteld en mag niet langer zijn dan maximaal 6 pagina\u2019s A4."", ""Gecertificeerd op het gebied van SAP-CRM."", ""Aantoonbare ervaring met succesvol samenwerken in multidisciplinaire (agile) teams en omgevingen.""]","[""U voegt een motivatiebrief toe waarin u toelicht waarom u geschikt bent voor deze opdracht, gezien de vereisten en verantwoordelijkheden zoals beschreven in de opdrachtomschrijving."", ""Kennis van Salesforce"", ""U geeft een beschrijving van aanpak voor de uit te voeren werkzaamheden gezien het specifieke vraagstuk van het Kadaster (zie ook opdrachtomschrijving en verantwoordelijkheden).""]",open,new
domein-architect-werkplek-en-back-up,Domein architect werkplek en back-up,Provincie Noord-Brabant,max €125 per uur,Noord-Brabant,ICT Informatievoorziening,32 uur per week,15 oktober 2026,30 september 2027,"Het leven is goed in het Brabantse land. Bij de provincie Noord-Brabant zetten we ons dagelijks in om te zorgen dat dit ook geldt voor de toekomst. Samen werken we aan een mooier, toekomstbestendig en een duurzaam Brabant. Ga jij voor resultaat, ben je ondernemend, heb je affiniteit met maatschappelijke vraagstukken en bovenal: werk je graag vol trots mee aan een nog beter Brabant? Dan zijn wij op zoek naar jou! Uitdaging Ben jij... .. de Domein architect met focus op Werkplek en Back up die vanuit ons team Cloud en platform het ontwerp, beleid en richtlijnen onze werkplek binnen de Cloud uitwerkt en bewaakt en daarnaast meedenkt en werkt aan de jusite technische keuzes binnen onze Cloud oplossing? De provinciale organisatie is flink in beweging, onder andere door een hernieuwde outsourcing van de ICT dienstverlening waarvan het bewegen naar de Cloud een onderdeel is. De Provincie heeft onderkend dat een Domein Architect binnen de organisatie noodzakelijk is om de gehele beweging werken onder architectuur waaronder het opstellen van de referentie architectuur, onze en requirements en samen met de leverancier komen tot een roadmap en optimale inrichting van onze omgeving. Wij zijn wij nu op zoek naar een domein architect voor onze Cloud werkplek, gebaseerd op Microsoft 365 en Intune en AVD deze architect zal mede de back up omgeving in zijn scope hebben welke gebaseerd is op Commvault Cloud. Werken onder architectuur is een van de key speerpunten waar jij je als architect in thuis voelt. Het opstellen van designs, governance, persona’s, requirements en beleid rondom de werkplek en de cloud zijn voor jou bekende activiteiten Je hebt diepgaande kennis van Microsoft 365, Azure Virtual Desktop, Conditional Access, Azure AD, Intune security richtlijnen rondom de werkplek en een goede kennis van Azure Cloud, PaaS en Saas diensten en big data concepten. Hiernaast heb je kennis van Commvault bij voorkeur Saas oplossing en weet deze verder uit te bouwen en toe te passen. Ook heb je handson ervaring met het opstellen van Designs en toetsen daarvan. Daarnaast ben je bekend met het inrichten van governance rondom Cloud en hoe je de behoeften van de Business kunt vertalen in een werkplek oplossingen. Je doet dit gebruik makend van je ervaring met frameworks zoals Togaf en Archimate. De Domein Architect Werkplek is ook als generalist in staat om organisatiedoelen en –opgaven en opgestelde informatiearchitectuur te vertalen naar technische architectuurprincipes, standaarden en richtlijnen. Daarbij heeft en geeft de architect inzicht in de complexiteit van de provinciale informatievoorziening. Je kent de organisatiestructuren, de werkprocessen, de informatie (stromen), de applicaties en vooral de technische infrastructuur in hun onderlinge samenhang, en kan rekening houden met aspecten zoals informatiebeveiliging en beheer. Daarnaast werk je waar mogelijk mee aan projecten die ook een scope buiten de werkplek en back up kunnen hebben. Wat ga je doen? Als Domein Architect Werkplek werk je binnen de het team Cloud & Platform management samen met de overige domein architecten landscape owners. Dit team is gepositioneerd binnen de ICT regieorganisatie van programma Dienstverlening ICT. Je werk bepaal je samen met de product owner Werkplek die op zijn/haar beurt ook rapporteert aan de teamleider digitale werkplek. Je bent zelfstandig en  voldoende onderlegd om zaken op te starten en benodigde ontwerpen en beleid uit te werken en te prioriteren, Je bewaakt de navolging van het beleid en stuurt daar duidelijk op. Afwijkingen worden formeel besproken en vastgelegd indien toegestaan. Je hanteert daarbij specifieke methodes, technieken en hulpmiddelen. Daardoor ben je in staat om de inzichten vast te leggen en te documenteren conform standaarden. Dit geldt zowel voor de huidige omgeving als voor de gewenste. Je ondersteunt de migratie van huidig naar toekomstig door het toetsen aan en daar waar nodig opstellen van principes en standaarden. Jij bent als architect verantwoordelijk voor: Opstellen en onderhouden PNB Werkplek design, met bijbehorende uitansgpunten, governance en beleidskaders. Afstemmen functionele wensen met omliggende kaders (gebruikers referentiegroep/Office 365 team, I kolom). Reviewen, auditen en toetsen van door leveranciers opgeleverde designs en technische architectuur op voldoen aan gestelde kaders en richtlijnen, juiste invulling van de gevraagde oplossing en in lijn met de ontwikkelwensen  van PNB. Toetsen aan en aanleveren van kaders en richtlijnen waar provincie en dus de leverancier(s) zich aan moeten houden. Zowel technisch als bruggen tussen informatie- en technische informatiearchitectuur. In samenwerking met Cloud architect(-en) leveranciers en Landscape Owners uitwerken en actueel houden van (hoog over) technische architectuurkaders in meer concrete standaarden en richtlijnen, toetsing aan BIO richtlijnen en NIS 2 (audit leveranciers). Mede opstellen van een architectuurroadmap en de implementatie hiervan begeleiden. Bewaken en stimuleren werken onder architectuur met nadruk op Werkplek/Cloud architectuur. Waar nodig ondersteunen informantie-adviseurs of adviseurs technische infrastructuur bij beoordelen voorstellen van leveranciers. Participeren in architectuuroverleg waaronder de Design Authority en indien nodig de Architectuurboard incl. voorbereiding en opvolging. Beoordelen nieuwe of aangepaste wet- en regelgeving en waar nodig aanpassen technische architectuurkaders en –richtlijnen. Mede uitdragen van de doelarchitectuur binnen de organisatie. Kandidaatomschrijving Als onze Domein Architect Werkplek beschik je over: HBO ICT / Informatica / Business information management. Of vergelijkbare ervaring in Jaren. Aantoonbare kennis van gangbare methoden en technieken op het gebied van Cloud en Werkplek architectuur;   A305 (eis). Kennis van M365, Azure Virtual Desktop, Security (BIO/NIS2) Azure en Sentinel.MS500 en MS100/101 (eis). Kennis van Commvault bij voorkeur Saas oplossing. Aantoonbare kennis van architectuurprocessen (bijvoorbeeld DYA, TOGAF); en ervaring met Archimate. Minimaal 3 van de afgelopen 5 jaar aantoonbare werkervaring als Architect Werkplek, op het gebied van Governance, Design en beleid. Minimaal 5 jaar recente (na 2018) aantoonbare ervaring met het interpreteren van de nieuwste IT-trends en hun toepassingen bijvoorbeeld Office 365, Powerplatform, Azure, back up, Saas/PaaS/IaaS oplossingen. Minimaal 5 jaar werkervaring bij de overheid in afgelopen 7 jaar. (eis) Interviewplanning We streven er naar de gesprekken te houden in de 1e week van oktober. Toelichting op rooster Voor 32-36 uur per week. Circa 2 maal per twee weken wordt er op Provinciehuis in ’s-Hertogenbosch gewerkt/overlegd. Mogelijk veranderen de maatregelen t.a.v. werken en overleggen op het Provinciehuis gedurende de inhuurperiode.","[""Opleiding\r\n\r\nDe kandidaat beschikt over de Microsoft-certificeringen MS-305, MS-500 en MS-100/MS-101. Dit blijkt uit het CV. \r\nDit betreft een knock-outcriterium."", ""Werkervaring\r\n\r\nDe kandidaat beschikt over minimaal vijf jaar aantoonbare werkervaring binnen een overheidsorganisatie, opgedaan in de afgelopen zeven jaar. Dit blijkt uit het CV.\r\nDit is een knock-outcriterium.""]","[""Opleiding\r\nKandidaat beschikt over minimaal een afgeronde HBO opleiding op het gebied van ICT / Informatica / Business information management. Dit blijkt uit het CV."", ""Werkervaring\r\nKandidaat beschikt over minimaal 5 jaar aantoonbare werkervaring met opstellen van Project Start Architectuur gebruik makend van TOGAF/DYA. Dit blijkt uit het CV."", ""Werkervaring\r\nKandidaat beschikt over minimaal 5 jaar aantoonbare recente (in de laatste 7 jaar) ervaring met Intune, AVD en IAM als solution architect Dit blijkt uit het CV.""]",open,new
sap-crm-consultant-14,Sap crm consultant,Het Kadaster,max €130 per uur,Gelderland,ICT Informatievoorziening,36 uur per week,01 november 2026,31 oktober 2027,"Kadaster Het Kadaster registreert en verstrekt gegevens over de ligging van vastgoed in Nederland en de daarmee samenhangende rechten, zoals eigendom en hypotheek. Als zelfstandig bestuursorgaan is dat onze wettelijke taak. Onze gegevens bieden houvast bij het onderzoeken van maatschappelijke vraagstukken, of het nu gaat om de beste route voor een nieuwe snelweg, actuele ontwikkelingen op de woningmarkt of het in beeld brengen van leegstand. Opdracht Binnen de directie BOI bevindt zich de unit BSU3. Deze unit is o.a. nu nog verantwoordelijk voor de service delivery van alle SAP diensten maar transitie naar nieuwe omgevingen is volop gaande. SAP CRM is bezit in de transitie naar Salesforce. De unit is verdeelt in meerdere scrumteams die elk hun eigen aandachtsgebied hebben. Het team SAP CRM binnen BSU van BOI is op zoek naar een SAP CRM/SD consultant. Het team bestaat momenteel uit 2 Sap CRM consultants, een SAP CRM Abap’er en een tester. Daarbij telt het team een productowner. Het team heeft functionele- en technische kennis van volgende CRM “on premise” expertise gebieden: SAP CRM Activity Management SAP CRM Sales SAP CRM Service (incl. Contractmanagement) SAP CRM Marketing SAP CRM WebClient SAP CRM (Employee) Interaction Center Action Framework Word Integratie (Document template designer) SAP CRM Autorisaties Synchronisatie tussen SAP CRM en SAP ECC (zowel klant als HR integratie) Ervaring met IPC (Pricing en Productconfiguratie) Kennis van interfaces: webservices/proxies en Middleware (Idoc en Bdoc verkeer) SAP CRM7.0 SAP ECC SD: Verkoop, Leverplannen, Leveringen, Facturatie, Stamgegevens en integratie met FI/CO. De SAP CRM consultant vertaalt de wens van de opdrachtgever/gebruiker in een werkbare oplossing. Voor belangrijke ontwerpbeslissingen die de architectuur raken (of daar zelfs van afwijken), stemt hij/zij af met de projectarchitect en SAP Lead Consultant. Hetzelfde geldt voor integratie aspecten, zij het dat de afstemming dan vooral plaatsvindt met een Integratie specialist. Belangrijkste technieken, methoden en tools SAP CRM/SD (on premisse) Jira (scrum) Salesforce De belangrijkste taken en verantwoordelijkheden zijn Ontwikkelen en beheren van CRM/SD functionaliteiten; Monitoring operationele systeem (berichtenverkeer, jobs, actions, shortdumps); Onderhouden mailforms en Word documentsjablonen; Meedraaien in het project VIBE die de overgang van SAP CRM faciliteert naar Salesforce; Deelnemen aan Scrum / DevOps sessies, waarin het team samen met de Product Owner en gebruikers spart over een gedegen oplossing; 2e en 3e lijns support van de gebruikersorganisatie; Toepassen en bijhouden van SAP Kadaster standaarden. Competenties Resultaatgericht Helicopterview Besluitvaardig en vasthoudend; kan zijn/haar eigen pad trekken in complex krachtenveld; In staat om zelfstandig binnen een organisatie te bewegen en omgevingssensitief; Communicatief zowel schriftelijk als mondeling sterk; Klantgericht; Proactief en initiatiefrijk; Teamspeler; Analytisch vermogen. Datum verificatiegesprekken De gesprekken bij de opdrachtgever zijn gepland op dinsdag 6 oktober 2026. Deze datum staat vast en hier wordt niet van afgeweken . De kandidaten die hiervoor uitgenodigd zijn, ontvangen uiterlijk op vrijdag 2 oktober 2026 bericht. Overige kandidaten ontvangen na de gesprekken bericht over de voortgang van deze inhuuropdracht.","[""4. Aantoonbaar Academisch of HBO werk- en denkniveau"", ""5. Gecertificeerd op het gebied van SAP-CRM"", ""6. Minimaal 5 jaar ervaring SAP CRM"", ""7. Kennis van- en minimaal 3 jaar ervaring met Agile omgeving"", ""9. De kandidaat heeft aantoonbaar succesvol complexe opdrachten afgerond"", ""3. Het CV dient in het Nederlands te zijn opgesteld en mag niet langer zijn dan maximaal 6 pagina\u2019s A4. De motivaties op de eisen en de antwoorden op de gunningscriteria dienen binnen het opgegeven aantal pagina\u2019s te worden opgenomen"", ""8. Aantoonbare ervaring met succesvol samenwerken in multidisciplinaire (agile) teams en omgevingen"", ""11. Door de kandidaat z\u00e9lf geschreven CV en motivatie""]","[""12. Kennis van Salesforce"", ""13. U geeft een beschrijving van aanpak voor de uit te voeren werkzaamheden gezien het specifieke vraagstuk van het Kadaster (zie ook opdrachtomschrijving en verantwoordelijkheden)."", ""14. U voegt een motivatiebrief toe waarin u toelicht waarom u geschikt bent voor deze opdracht, gezien de vereisten en verantwoordelijkheden zoals beschreven in de opdrachtomschrijving.""]",open,new
netwerk-security-engineer-1,Netwerk Security Engineer,Ministerie van Binnenlandse Zaken en Koninkrijksrelaties,,Zuid-Holland,ICT Informatievoorziening,36 uur per week,04 januari 2027,03 juli 2027,"In het kader van de modernisering en versterking van de netwerkinfrastructuur zoeken wij een ervaren Network Security Engineer voor een structurele opdracht. De focus ligt op het optimaliseren en verbeteren van de netwerkbeveiliging en de bijbehorende security policies. Configuratie & Optimalisatie: Optimaliseren van de configuratie binnen een complexe multi-vendor security-omgeving (bijv. Palo Alto, Fortinet, Cisco, Check Point). Policy Management & Audit: Verbeteren van policy management door het auditen en opschonen van complexe firewall-regelsets met geavanceerde tools (bijv. Algosec, Tufin of FireMon) om de attack surface te minimaliseren. Governance & Implementatie: Ontwerpen, schrijven en implementeren van nieuwe Network Security Policies en standaarden die voldoen aan geldende compliance-richtlijnen. De netwerk engineer ontwerpt en configureert het netwerk (LAN en koppelingen met externe WAN-netwerken), selecteert netwerkcomponenten (apparatuur en besturings-, beheer- en netwerkprogrammatuur) en stuurt installatie en beheer aan. De werkzaamheden worden uitgevoerd volgens moderne standaarden van Network Security Engineering met een proactieve, beleidsgestuurde aanpak. Door strategische inzet van geavanceerde policy-managementtools en automatisering wordt een maximaal beveiligde en compliant infrastructuur gerealiseerd die de operationele snelheid van de business ondersteunt. De organisatie is onderdeel van het Ministerie van Binnenlandse Zaken en Koninkrijksrelaties. Wij willen er op wijzen dat thuiswerken in deze functie niet mogelijk is.","[""Minimaal drie jaar ervaring met het schrijven van documentatie."", ""Ruime werkervaring als netwerkconsultant."", ""Relevante, gevorderde security-certificeringen (bijv. CCNP, PCNSE, NSE of vergelijkbaar)."", ""Kennis van security compliance frameworks en het vermogen deze te vertalen naar technische standaarden."", ""Ervaring met geavanceerde policy-managementtools zoals Algosec, Tufin of FireMon."", ""Minimaal drie jaar ervaring met verschillende security-platformen, firewall-architecturen en geautomatiseerde policy-managementtools."", ""Minimaal drie jaar kennis en ervaring met enterprise-architectuurtermen, processen, principes en capabilities.""]","[""HBO werk- en denkniveau."", ""Een specialist in het automatiseren en technisch configureren van complexe firewall-omgevingen via policy-managementtools."", ""Brug vormen tussen wetgeving en techniek door compliance-eisen te vertalen en uit te rollen in robuuste netwerkbeveiligingsstandaarden op verschillende netwerkapparatuur en applicaties.""]",open,new
senior-technisch-ontwerper-it,Senior ​​technisch ontwerper (it)​,Stichting Geonovum,max €140 per uur,Utrecht,ICT Informatievoorziening,16 uur per week,01 november 2026,31 december 2027,"Over Geonovum Het opdrachtenportfolio van Geonovum ontwikkelt en verbreedt zich; steeds meer onderdelen van de Rijksoverheid weten ons te vinden. Wij zijn voor hen een deskundige en onafhankelijke partner en werken gezamenlijk aan de ontwikkeling en het beheer van afspraken, standaarden en architectuur. Onze inhoudelijke specialismen liggen op het gebied van standaardisatie en architectuur van de ruimtelijke informatievoorziening. Onze organisatorische expertise ligt in het verbinden van verschillende partijen en het tot stand brengen van samenwerking, waardoor draagvlak voor collectieve oplossingen ontstaat. Voor het project Basisregistratie Ondergrond, dat Geonovum in opdracht van het Ministerie van BZK uitvoert, zoeken wij een senior technisch ontwerper. De Basisregistratie Ondergrond (BRO) bevat gegevens over geologische en bodemkundige opbouw van de Nederlandse ondergrond. In de komende jaren wordt de BRO stapsgewijs verder doorontwikkeld. Per stap bevat de BRO steeds meer gegevens over de diepe en ondiepe ondergrond. Deze worden geordend op basis van zogeheten ‘registratieobjecten’. In totaal gaat het om ca. 26 registratieobjecten. Deze registratieobjecten zijn verdeeld over zes domeinen: Grondwatermonitoring Grondwatergebruik Mijnbouwwet Bodem- en grondonderzoek Bodemkwaliteit Modellen Geonovum is verantwoordelijk, samen met partners SIKB en TNO voor de standaardisatie van de BRO. Dit gebeurt in een multidisciplinair scrum team bestaande uit Informatiemodelleurs, Technisch ontwerpers, Materie deskundigen, Product owners en Scrum masters. Het standaardisatie team werkt volgens de Agile/SAFE methodiek. De externe professional wordt ingezet binnen het team ZoN DataFundament, onderdeel BRO en draagt vanuit zijn eigen expertise bij aan de uitvoering en realisatie van de opdracht. De technisch ontwerper is verantwoordelijk voor de volgende ontwerp- en implementatieproducten binnen de verschillende BRO-registratieobjecten: Logische modellen (afgeleid van het conceptuele model); Codelijsten en vertaaltabellen; XML Schema's (xsd); Berichtencatalogi voor inname- en uitgiftewebservices; Voorbeeldberichten voor inname- en uitgiftewebservices. Werkzaamheden De werkzaamheden bestaan onder andere uit: Vertalen van functionele en inhoudelijke vraagstukken naar consistente en toepasbare technische ontwerpen; Opstellen, beheren en actualiseren van logische modellen en de bijbehorende technische producten; Genereren en onderhouden van codelijsten, vertaaltabellen, xsd's en berichtencatalogi op basis van het logische model; Afstemmen met informatieanalisten, opdrachtgevers, stakeholders en collega-specialisten over inhoudelijke vraagstukken en oplossingsrichtingen; Signaleren van ontbrekende of inconsistente informatie en ophalen van de benodigde input bij interne en externe stakeholders; Analyseren van gegevens en modelrelaties en onderbouwen van ontwerpkeuzes en adviezen; Opstellen en onderhouden van technische documentatie en zorgen voor een goede overdracht van werkzaamheden; Bijdragen aan de planning, uitvoering en voortgang van werkzaamheden binnen een Scrum-team; Actief bijdragen aan de ontwikkeling van de BRO-modelleerstandaarden en de samenhang tussen informatiemodellen (meta-informatiemodel); Bijhouden van vakinhoudelijke ontwikkelingen en delen van kennis binnen het team en de organisatie. De kandidaat levert producten en adviezen conform de gestelde kwaliteitsnormen, planning en afspraken en draagt bij aan een effectieve samenwerking binnen het scrumteam en met externe stakeholders. Voor deze opdracht zoeken wij een senior technisch ontwerper BRO met aantoonbare kennis van en ervaring met de BRO. De kandidaat is analytisch sterk, kan complexe vraagstukken vertalen naar heldere modellen en werkt gemakkelijk samen met verschillende stakeholders. Hij is in staat zijn kennis en ervaring over te dragen aan collega’s en deze kennis te gebruiken om de standaardisering van (meta)informatiemodellen naar een hoger niveau te tillen. De ideale kandidaat neemt initiatief, werkt zelfstandig en weet tegelijkertijd effectief samen te werken binnen een multidisciplinair Scrum-team. Daarnaast beschikt de kandidaat over uitstekende communicatieve vaardigheden en is hij of zij in staat om inhoudelijke keuzes helder te onderbouwen. Gewenste competenties: Klantgerichtheid Analyseren Samenwerken Plannen en organiseren Zelfontwikkeling","[""Minimaal 4 jaar ervaring in een Agile/SAFE omgeving."", ""Minimaal 4 jaar ervaring met UML en informatiemodellering."", ""Minimaal 4 jaar ervaring met Enterprise Architect."", ""Minimaal 4 jaar kennis en ervaring met XML en XSD."", ""Ervaring met Github. Affiniteit met scripts en geautomatiseerde verwerking van modellen."", ""Minimaal 5 jaar ervaring met Geo-standaarden."", ""Fysiek beschikbaar op woensdag op kantoor Geonovum."", ""Opdracht Omschrijving\r\nInschrijver heeft kennis genomen van de opdracht omschrijving zoals beschreven in hoofdstuk 3 en begrijpt de aanvraag en gezochte inhuur voor bereiken van het resultaat en bezit competenties op gewenst niveau."", ""Kandidaat is beschikbaar voor Verificatie-/Matchgesprek op 05/06 oktober 2026."", ""Eisen\r\n1. Minimaal een technische afgeronde WO opleiding;\r\n2. Minimaal 4 jaar ervaring met het werken in een Agile/SAFE omgeving;\r\n3. Minimaal 4 jaar ervaring met UML en informatiemodellering;\r\n4. Minimaal 4 jaar ervaring met Enterprise Architect;\r\n5. Minimaal 4 jaar kennis en ervaring van XML en XSD;\r\n6. Ervaring met Github;\r\n7. Affiniteit met scripts en geautomatiseerde verwerking van modellen;\r\n8. Minimaal 5 jaar ervaring met Geo-standaarden;\r\n9. Fysiek beschikbaar op de woensdag (standaard team dag BRO standaardisatie) op kantoor Geonovum;\r\n10. Verklaring omtrent Gedrag (bij gunning opdracht);\r\n11. Maximaal uurtarief voor de initi\u00eble periode van \u20ac 140,- per uur exclusief btw en inclusief alle bijkomende kosten.""]","[""Ervaring met MIM en NEN 3610.\r\n\r\nBeschrijf duidelijk de mate van ervaring/omvang en motiveer/beschrijf dit zo goed mogelijk. Een concrete verwijzing naar onderdelen van het cv kunnen dit ondersteunen. Een oppervlakkige verwijzing naar het cv volstaat niet. De inschrijvingen worden ten opzichte van elkaar gewogen en gewaardeerd, de aanvullende motivatie/beschrijving bij de wensen is hierbij leidend."", ""Startdatum opdracht\r\nGeonovum verwacht op 1 november 2026 te starten en dat de kandidaat vanaf die datum voor het gewenste gemiddelde aantal uren per week beschikbaar zal zijn. Geef hieronder aan per wanneer kandidaat beschikbaar is.\r\n\r\n- Kandidaat is per 1 november 2026 beschikbaar.\r\n- Kandidaat is eerder dan 1 november 2026 beschikbaar. beschikbaar in overleg.\r\n- Kandidaat is vanaf week 46 pas beschikbaar in overleg\r\n- Kandidaat is vanaf week 47 pas beschikbaar in overleg\r\n- Kandidaat is vanaf week 48 pas beschikbaar in overleg\r\n- Kandidaat is vanaf week 49 pas beschikbaar in overleg"", ""Ervaring met informatieproducten en gegevensstandaarden binnen de Overheid.\r\n\r\nBeschrijf duidelijk de mate van ervaring/omvang en motiveer/beschrijf dit zo goed mogelijk. Een concrete verwijzing naar onderdelen van het cv kunnen dit ondersteunen. Een oppervlakkige verwijzing naar het cv volstaat niet. De inschrijvingen worden ten opzichte van elkaar gewogen en gewaardeerd, de aanvullende motivatie/beschrijving bij de wensen is hierbij leidend."", ""Beschikbaar vanaf 1 november 2026.\r\n\r\nBeschrijf duidelijk de mate van ervaring/omvang en motiveer/beschrijf dit zo goed mogelijk. Een concrete verwijzing naar onderdelen van het cv kunnen dit ondersteunen. Een oppervlakkige verwijzing naar het cv volstaat niet. De inschrijvingen worden ten opzichte van elkaar gewogen en gewaardeerd, de aanvullende motivatie/beschrijving bij de wensen is hierbij leidend."", ""Inzicht en ervaring in versiebeheer en release-/publicatieprocessen (met RESPEC).\r\n\r\nBeschrijf duidelijk de mate van ervaring/omvang en motiveer/beschrijf dit zo goed mogelijk. Een concrete verwijzing naar onderdelen van het cv kunnen dit ondersteunen. Een oppervlakkige verwijzing naar het cv volstaat niet. De inschrijvingen worden ten opzichte van elkaar gewogen en gewaardeerd, de aanvullende motivatie/beschrijving bij de wensen is hierbij leidend."", ""Kennis van de BRO, de BRO domeinen en de BRO registratieobjecten.\r\n\r\nBeschrijf duidelijk de mate van ervaring/omvang en motiveer/beschrijf dit zo goed mogelijk. Een concrete verwijzing naar onderdelen van het cv kunnen dit ondersteunen. Een oppervlakkige verwijzing naar het cv volstaat niet. De inschrijvingen worden ten opzichte van elkaar gewogen en gewaardeerd, de aanvullende motivatie/beschrijving bij de wensen is hierbij leidend."", ""Ervaring met het werken in een keten van gebruikers, software ontwikkelaars, informatieanalisten en -modelleurs en met domein deskundigen.\r\n\r\nBeschrijf duidelijk de mate van ervaring/omvang en motiveer/beschrijf dit zo goed mogelijk. Een concrete verwijzing naar onderdelen van het cv kunnen dit ondersteunen. Een oppervlakkige verwijzing naar het cv volstaat niet. De inschrijvingen worden ten opzichte van elkaar gewogen en gewaardeerd, de aanvullende motivatie/beschrijving bij de wensen is hierbij leidend."", ""Ervaring met Imvertor.\r\n\r\nBeschrijf duidelijk de mate van ervaring/omvang en motiveer/beschrijf dit zo goed mogelijk. Een concrete verwijzing naar onderdelen van het cv kunnen dit ondersteunen. Een oppervlakkige verwijzing naar het cv volstaat niet. De inschrijvingen worden ten opzichte van elkaar gewogen en gewaardeerd, de aanvullende motivatie/beschrijving bij de wensen is hierbij leidend.""]",open,new
functioneel-beheerder-financien-8,Functioneel beheerder financien,Gemeente Lochem,max €85 per uur,Gelderland,ICT Informatievoorziening,36 uur per week,01 oktober 2026,01 januari 2027,"Organisatie Graag werken wij samen met onze inwoners aan een duurzame gemeente waar het prettig wonen, werken, recreëren en leven is. We spelen in op vragen en ideeën uit de Lochemse samenleving. En we geven ruimte aan vernieuwende ideeën. We hebben een informele organisatiecultuur. Met 300 medewerkers, werken we elke dag samen met én voor onze inwoners, het bestuur en onze medewerkers. De mens staat daarbij centraal. We pakken allemaal onze rol, zijn flexibel waar het kan en verantwoordelijk waar het moet. We inspireren elkaar en zorgen samen voor een fijne leefomgeving in onze mooie gemeente Lochem! Onze 5 kernwaarden beschrijven wie we zijn en waar we voor staan! Mensgericht: we geven aandacht aan inwoners en collega’s. Gezamenlijk eigenaarschap: we werken samen aan de gemeente Lochem. Verbinding: we ontmoeten en maken echt contact. Vitaliteit: we zorgen met elkaar dat we vitaal ons werk kunnen doen. Slagvaardigheid: we maken het zo duidelijk en simpel mogelijk voor onze inwoners. We ontwikkelen de organisatie, zodat we het werk waarvoor we aan de lat staan, goed kunnen uitvoeren. Dat is nodig, want de opgaves zijn steeds complexer en dat legt druk op de organisatie. Denk aan woningbouw, de asielopgave en armoedebestrijding. We geven aandacht aan onze medewerkers, zodat iedereen zijn werk goed en vitaal kan doen. Onze organisatie bestaat uit 4 domeinen, met daarin 18 verschillende teams. Deze teams werken samen aan de taken waar we als gemeente voor staan. De lijnen zijn kort en verantwoordelijkheden liggen laag in de organisatie. Opdracht Bij Team Financiën zorgen we ervoor dat collega's kunnen vertrouwen op de juiste financiële informatie op het juiste moment. Achter die informatie staan slimme systemen, goed ingerichte processen en mensen die continu kijken hoe het beter kan. Daarom zoeken we een enthousiaste Functioneel Beheerder die energie krijgt van het verbeteren van applicaties, het ondersteunen van gebruikers en het automatiseren van processen. Iemand die graag de brug slaat tussen mensen, processen en techniek en die ons  team tijdelijk komt versterken. Het doel van de opdracht is tweeledig: Continuïteit en kwaliteit borgen in het functioneel beheer van de applicaties Centric Financiën 4.0 (Key2Financiën), Cognos en Pepperflow; In de praktijk ervaren welk profiel – qua vaardigheden, competenties en kennis – het beste past bij het team, als basis voor eventuele toekomstige structurele invulling. De opdracht biedt ruimte om te onderzoeken hoe zwaar financiële proceskennis moet wegen ten opzichte van functioneel‑beheerexpertise. Kennis van financiële processen is hierbij mooi meegenomen.  Ervaring met financiële processen is een pré, maar zeker geen vereiste. Affiniteit met systemen, een analytische blik en een leergierige houding vinden we minstens zo belangrijk. Ook wanneer je nog aan het begin van je carrière staat en jezelf via een traineeship verder wil ontwikkelen tot Functioneel beheerder, nodigen we je uit om te reageren. Werkzaamheden Tijdens jouw opdracht zorg je ervoor dat onze financiële informatie en systemen goed werken én steeds verder verbeteren. Je bent een belangrijke schakel tussen de techniek, de financiële administratie en de collega’s die dagelijks met de applicaties werken. Je bent verantwoordelijk voor de volgende taken: Het functioneel beheer van de applicaties Centric Financiën 4.0 (Key2Financiën), Cognos en Pepperflow; Je bent het aanspreekpunt voor gebruikers bij vragen, incidenten en wijzigingsverzoeken; Je analyseert gebruikerswensen en vertaalt deze naar functionele oplossingen en inrichting, waarbij automatisering voorop staat; Begeleidt en test updates, releases en nieuwe functionaliteiten; Bewaakt de kwaliteit van de inrichting, processen en gegevens; Draagt bij aan het verbeteren en optimaliseren van financiële werkprocessen en bent in staat om hierover te adviseren; Werkt samen met collega’s binnen Team Financiën, Web & IT en leveranciers; Documenteert afspraken, werkwijzen en instructies waar nodig. Resultaat van de opdracht Aan het einde van de inhuurperiode heeft Team Financiën: Verbeteringen gerealiseerd in het dagelijks gebruik en beheer van Key2Financiën, met nadruk op het automatiseren van processen; Goed zicht op het gewenste functieprofiel voor functioneel beheer Key2Financiën; Inzicht in de benodigde balans tussen functioneel beheer en financiële expertise; Duidelijker beeld van benodigde competenties en samenwerking binnen het team. Competenties Je bent communicatief vaardig en benaderbaar; Je beschikt over daadkracht en kunt makkelijk schakelen tussen tactisch en operationeel niveau. Op tactisch niveau ben je in staat om te adviseren; Je bent analytisch sterk en in staat processen en systemen te doorgronden en de samenhang te zien; Je bent resultaatgericht en neemt concrete doelen als uitgangspunt. Je houdt hieraan vast tot het doel is bereikt; Je bent analytisch en oplossingsgericht; Je bent zelfstandig, maar zoekt actief de samenwerking op met de mensen in het team en de stakeholders; Je bent in staat om structuur aan te brengen in een dynamische omgeving.","[""1. Aantoonbare werkervaring met informatievoorziening \u00e9n informatiemanagement. Licht dit duidelijk toe aan de hand van minimaal \u00e9\u00e9n concreet voorbeeld en/of referentieproject"", ""2. Aantoonbare werkervaring met analyseren \u00e9n automatiseren van bedrijfskritische processen. Licht dit duidelijk toe aan de hand van minimaal \u00e9\u00e9n concreet voorbeeld en/of referentieproject"", ""3. Aantoonbare werkervaring met werken met gebruikers, key users \u00e9n stakeholders. Licht dit duidelijk toe aan de hand van minimaal \u00e9\u00e9n concreet voorbeeld en/of referentieproject"", ""4. Aantoonbare afgeronde opleiding op minimaal hbo-bachelor niveau"", ""5. Aantoonbaar beschikbaar voor gemiddeld 32 of 36 uur per week waarvan 3 dagen fysiek op kantoor gedurende de gehele opdracht inclusief eventuele verlengingen. Benoem dit duidelijk in de offerte""]","[""6. Aantoonbare werkervaring in de rol van functioneel beheerder van bedrijfskrisitsche applicaties. Licht dit duidelijk toe aan de hand van minimaal \u00e9\u00e9n concreet voorbeeld en/of referentieproject"", ""7. Aantoonbare werkervaring met automatiseren van bedrijfskritische processen bij een gemeentelijke en/of semi-overheidsorganisatie. Licht dit duidelijk toe aan de hand van minimaal \u00e9\u00e9n concreet voorbeeld en/of referentieproject"", ""8. Aantoonbare werkervaring met complexe informatiemanagementvraagstukken.Licht dit duidelijk toe aan de hand van minimaal \u00e9\u00e9n concreet voorbeeld en/of referentieproject""]",open,new
regiopionier-npvr-zuidoost-fryslan,Regiopionier npvr zuidoost-fryslân,Gemeente Opsterland,,Friesland,ICT Informatievoorziening,32 uur per week,02 november 2026,30 april 2027,"Aanleiding Zuidoost-Fryslân is één van de elf regio’s binnen het Nationaal Programma Vitale Regio’s (NPVR). Binnen dit programma werken het Rijk, de gemeenten Heerenveen, Ooststellingwerf, Weststellingwerf, Opsterland en Smallingerland, Provincie Fryslân, Wetterskip Fryslân en maatschappelijke partners samen aan een vitale, leefbare en toekomstbestendige regio. Samen met overheden, ondernemers, maatschappelijke organisaties, kennisinstellingen en jongeren is het Regioplan Zuidoost-Fryslân 2045 opgesteld. Het Regioplan beschrijft een gezamenlijke langetermijnvisie voor de regio en geeft richting aan acht samenhangende vraagstukken op het gebied van wonen, landschap, gezondheid, voorzieningen, mobiliteit, samenleving, onderwijs en economie. Het Regioplan Zuidoost-Fryslân 2045 vormt het inhoudelijke en strategische vertrekpunt van deze opdracht. De volgende stap is het maken van inhoudelijke keuzes. Welke vraagstukken vragen als eerste om een gezamenlijke regionale aanpak, welke bestaande programma’s en initiatieven kunnen daarin worden verbonden en waar is aanvullende inzet nodig? Vanuit deze inhoudelijke koers wordt bepaald wat nodig is om de samenwerking te organiseren, te financieren en bestuurlijk te verankeren. Om dit verder uit te werken, zoeken we een Regiopionier. Jouw opdracht De Regiopionier brengt de stap van visie naar uitvoering op gang. De inhoudelijke vraagstukken uit het Regioplan zijn daarbij leidend. Samen met overheden, ondernemers, maatschappelijke organisaties en kennisinstellingen bepaal je welke vraagstukken we de komende jaren gezamenlijk willen oppakken. Je verbindt bestaande programma’s en initiatieven, maakt keuzes voor de eerste uitvoeringsagenda en brengt in beeld wat nodig is om deze keuzes daadwerkelijk uit te voeren. Pas wanneer duidelijk is wat we gezamenlijk willen oppakken, werk je uit hoe we de samenwerking organiseren en financieren. De inhoud van de uitvoeringsagenda bepaalt dus welke organisatievorm en governance nodig zijn. Jouw competenties Wat vragen we van de Regiopionier? Je kunt een brede langetermijnvisie vertalen naar duidelijke prioriteiten en uitvoerbare stappen. Je overziet bestaande programma’s en initiatieven en ziet waar verbinding of aanvullende inzet nodig is. Je kunt een proces organiseren waarin verschillende partijen samen keuzes maken en verantwoordelijkheid nemen. Je bent bestuurlijk sensitief en kunt goed schakelen tussen Rijk, regio, overheden en maatschappelijke partners. Je hebt ervaring met het inrichten van regionale samenwerkingen en weet wat daarvoor organisatorisch en financieel nodig is. Je brengt structuur aan, maar houdt daarbij steeds de inhoudelijke opgaven voor ogen. Je krijgt zaken voor elkaar en bent in staat daadwerkelijk een voorstel op papier te zetten. Waar ga je mee aan de slag Je brengt per vraagstuk in beeld wat al gebeurt, waar samenhang ontbreekt en waar we door samen te werken meer kunnen bereiken. Je verbindt bestaande programma’s, initiatieven en netwerken in de regio en met het Rijk. Je adviseert over de inhoudelijke prioriteiten voor de periode 2027–2030 en vertaalt deze naar een eerste uitvoeringsagenda. Je maakt duidelijk welke partners, capaciteit en middelen nodig zijn om deze agenda uit te voeren. Op basis van de inhoudelijke keuzes werk je uit welke organisatievorm, governance en structurele financiering nodig zijn. Je stelt besluitrijpe voorstellen op voor het Regiobestuur en de deelnemende organisaties. Je werkt hierbij samen met strategen, directeuren en het Regiobestuur van de deelnemende overheden. Zo nodig werk je daarnaast samen met een bureau dat ondersteuning biedt bij de inhoudelijke analyse, het procesontwerp en de uitwerking van uitvoerings- en organisatiemodellen. Wat lever je op Een gedragen inhoudelijke prioritering voor de periode 2027–2030, gebaseerd op de acht samenhangende vraagstukken uit het Regioplan. Een eerste uitvoeringsagenda waarin duidelijk is welke resultaten worden nagestreefd, welke bestaande programma’s en initiatieven worden verbonden, welke aanvullende inzet nodig is en welke partners verantwoordelijkheid nemen. Een onderbouwd voorstel voor de samenwerking, organisatie en governance die nodig zijn om deze uitvoeringsagenda te realiseren. Een voorstel voor structurele financiering van de gezamenlijke uitvoering en de daarvoor benodigde ondersteunende capaciteit. De opdracht is geslaagd wanneer overheden en partners het eens zijn over wat we de eerste jaren gezamenlijk gaan oppakken en wie daarin welke verantwoordelijkheid neemt. Op basis van deze inhoudelijke keuzes ligt er een voorstel voor de manier waarop we de samenwerking organiseren en financieren. De kandidaat is inzetbaar vanaf 1 november 2026 tot en met 30 april 2027 voor 24-32 uur per week. De inhuuropdracht kan optioneel worden verlengd. De startdatum is onder voorbehoud van een tijdige afronding van de Offerteprocedure. Dit kan ook betekenen dat de startdatum van de opdracht zal moeten worden opgeschoven. Aan de vermelde startdatum in de Offerteaanvraag kunnen zodoende geen rechten worden ontleend.","[""De kandidaat is inzetbaar vanaf 1 november 2026 tot en met 30 april 2027 voor 24-32 uur per week. De inhuuropdracht kan optioneel worden verlengd. De startdatum is onder voorbehoud van een tijdige afronding van de Offerteprocedure. Dit kan ook betekenen dat de startdatum van de opdracht zal moeten worden opgeschoven. Aan de vermelde startdatum in de Offerteaanvraag kunnen zodoende geen rechten worden ontleend."", ""U voegt een cv van maximaal 5 pagina's A4 toe.""]","[""Je hebt ervaring met complexe regionale en interbestuurlijke samenwerkingsprogramma's, waarin publieke en private partijen met verschillende belangen samenwerken"", ""Je hebt ervaring met het zelfstandig opstellen van concrete voorstellen voor de organisatie en financiering van publiek-private samenwerking."", ""Je hebt ervaring met het verbinden en in beweging krijgen van partijen binnen complexe netwerksamenwerkingen."", ""Je hebt ervaring met programmatisch werken en het opstellen van uitvoeringsagenda's, waarbij je gezamenlijke ambities weet te vertalen naar concrete acties en resultaten.""]",open,new
systeembeheerder-68,Systeembeheerder,Stedin Groep,max €100 per uur,Zuid-Holland,ICT Informatievoorziening,40 uur per week,01 november 2026,31 oktober 2027,"Opdrachtomschrijving We hebben momenteel ondersteuning nodig met het implementeren van de ISMS maatregelen, opschonen van het Active Directory voor IAM, security policies doorvoeren en het optimaliseren van de patches op kritieke infrastructuur. het is tijdelijke ondersteuning die nodig is om een inhaalslag te maken in de technical debt, geen permanente rol. Als Systeembeheerder binnen OT Platformen werk je aan de digitale infrastructuur achter het energienet. Je draagt direct bij aan een stabiel, veilig en toekomstbestendig OT-landschap dat essentieel is voor de betrouwbaarheid van onze dienstverlening. Voor een tijdelijke opdracht zijn wij op zoek naar een ervaren systeembeheerder die ons ondersteunt bij het versterken van de technische basis van onze platformen. Je werkt aan verbeteringen op het gebied van security, beheerbaarheid, compliance en monitoring. Werk om trots op te zijn Binnen het OT Platformen team staan de komende periode verschillende verbeterinitiatieven centraal. We zoeken een praktische en ervaren systeembeheerder die zelfstandig werkzaamheden kan oppakken en samen met collega's de kwaliteit van onze omgeving verder verhoogt. Je houdt je onder andere bezig met: Het opschonen, standaardiseren en optimaliseren van Active Directory. Het implementeren van ISMS-maatregelen en security verbeteringen. Het oplossen en opvolgen van auditbevindingen. Het verwerken van bevindingen uit penetratietesten. Het inrichten en verbeteren van monitoring voor het OT-domein ten behoeve van het Cyber Defense Center (CDC). Het verbeteren van beheerprocessen en systeemconfiguraties. Het automatiseren van terugkerende werkzaamheden. Je werkt daarbij nauw samen met platform engineers, architecten, securityspecialisten en beheerders. Een dag als Systeembeheerder Je start de dag met een korte afstemming met het team. Vervolgens analyseer je een aantal auditbevindingen en vertaal je deze naar concrete verbeteracties binnen onze Windows- en Linux-omgevingen. Later op de dag werk je aan het opschonen van Active Directory, bijvoorbeeld door verouderde groepen, accounts en rechtenstructuren te rationaliseren. Samen met security collega's bepaal je welke maatregelen nodig zijn om de omgeving beter beheersbaar en veiliger te maken. Op een andere dag richt je monitoring in voor nieuwe OT-platformen zodat gebeurtenissen tijdig zichtbaar worden voor het Cyber Defense Center. Ook onderzoek je mogelijkheden om beheerwerkzaamheden verder te automatiseren met behulp van Ansible. Geen dag is hetzelfde, maar het gemeenschappelijke doel blijft gelijk: het verhogen van de veiligheid, stabiliteit en beheerbaarheid van onze OT-infrastructuur. Vol energie vooruit met OT Platformen Je maakt onderdeel uit van OT Platformen binnen OTI&T. Het team bestaat uit specialisten op het gebied van platformen, infrastructuur, security, beheer en dienstverlening. We beheren een bedrijfskritische OT-omgeving die een belangrijke rol speelt in de ondersteuning van het energienet. Binnen het team heerst een open cultuur waarin samenwerking, kennisdeling en eigenaarschap centraal staan. Met deze kwaliteiten groei jij hier verder Je bent een pragmatische systeembeheerder die zelfstandig kan werken en verbeteringen daadwerkelijk realiseert. Je voelt je thuis in complexe infrastructuren en hebt affiniteit met security en automatisering.","[""Kandidaat dient de Nederlandse taal machtig te zijn (min niveau C1) in woord en geschrift, tenzij anders aangegeven. Een aanbieding op deze aanvraag is hierbij een akkoordverklaring."", ""Het CV is voorzien van referenties (naam, functie en contactgegevens referent) of deze kunnen op aanvraag aangeleverd worden."", ""Kandidaat heeft minimaal een aantoonbare afgeronde HBO opleiding"", ""Kandidaat heeft minimaal 5 jaar aantoonbare werkervaring als Systeem/Platformbeheerder""]","[""De kandidaat beschikt over onderstaande competenties. Deze kunnen worden getoetst in een gesprek met de opdrachtgever.\r\n\r\n- Goed kunnen plannen\r\n- Verantwoordelijkheidsgevoel\r\n- Flexibele instelling\r\n- Goede communicatieve vaardigheden\r\n- Resultaatgericht\r\n- Proactief\r\n- Luistervaardig"", ""Is de kandidaat eerder werkzaam geweest binnen Stedin?\r\n\r\nIndien kandidaat eerder werkzaam is geweest binnen Stedin dan dient de reden van vertrek in het CV te staan. Tevens worden intern referenties ingewonnen. Mocht de reden van vertrek en de referentie(s) niet overeenkomen, dan wordt de toelating in het Dynamisch Aankoopsysteem ontnomen."", ""Kandidaat heeft ervaring met:"", ""Kandidaat heeft ervaring met:"", ""Volgende gegevens aanleveren: \n- Summiere beschrijving van jezelf \n- Geboortedatum\n- Adresgegevens: postcode, huisnummer, straatnaam""]",open,new
gis-specialist-34,Gis specialist,Gemeente Zuidplas,max €110 per uur,Zeeland,ICT Informatievoorziening,36 uur per week,01 november 2026,01 november 2027,"GIS Specialist voor een nieuw dorp. Aantal uur: 32-36 uur per week Duur van de opdracht: vanaf 1 november 2026, Ben jij op een energieke wijze in staat de ontwikkeling van Cortelande samen met anderen naar een optimaal en duurzaam eindresultaat te leiden door optimale dataverwerking, beheer en weergave? Kun je daarnaast vanuit het GIS-team van de gemeente ook van waarde zijn voor andere opgaven binnen de gemeente Zuidplas? Wordt dan GIS specialist Cortelande en BOR bij Gemeente Zuidplas! Zuidplas: de gemeente die je laat groeien! Zuidplas is een fusiegemeente die bestaat uit Moerkapelle, Moordrecht, Nieuwerkerk aan den IJssel, Zevenhuizen en inmiddels ook Cortelande. We bestaan pas 16 jaar, en net als een echte tiener groeien we hard. Dat biedt kansen: in je dagelijks werk én voor je carrière. Door onze centrale ligging tussen Rotterdam en Gouda kun je jezelf ook aan grootstedelijke vraagstukken wagen. De regio Midden-Holland waarin we ons bevinden, is eigenlijk een soort Nederland in het klein. Met een interessant speelveld, zowel politiek als geografisch. Naast alle andere gebiedsontwikkelingen werkt de gemeente onder eigen regie aan de ontwikkeling van het Middengebied in de Zuidplaspolder, waarmee het inwonersaantal in de komende jaren aanzienlijk zal uitbreiden. Het nieuwste dorp van Nederland Sinds de jaren ’70 is er in Nederland geen nieuw dorp van deze omvang meer gebouwd. Daar brengt Zuidplas verandering in. Eén van de belangrijkste ruimtelijke opgave van de gemeente is de ontwikkeling van het Middengebied met daarin de realisatie van Cortelande, het nieuwste dorp van Zuidplas. In Cortelande komen 8.000 woningen, twee bedrijventerreinen, commerciële- en maatschappelijke voorzieningen en is ruimte voor ontspanning en recreatie. Bovendien wordt het dorp klimaatbestendig en 100% energieneutraal ontwikkeld met veel aandacht voor water en bodem. Een grote opgave voor de gemeente Zuidplas, die het Middengebied onder eigen regie zal ontwikkelen. Op 19 mei 2021 heeft de gemeenteraad van Zuidplas ingestemd met het Masterplan Middengebied . Hiermee zijn de ambities voor de ontwikkeling van 8.000 woningen, twee nieuwe bedrijventerreinen, commerciële- en maatschappelijke voorzieningen en een recreatie- en energielandschap vastgelegd. Deze ambities zijn vervolgens verder uitgewerkt in een Nota van Uitganspunten waarvan de eerste versie in oktober 2023 is vastgesteld en een herijkte versie op 14 januari 2026. Op 14 mei 2024 is het bestemmingsplan voor het woongebied vastgesteld door de gemeenteraad van Zuidplas. Voor eind 2026 wordt het bestemmingsplan behandeld bij de Raad van State en de uitvoeringsfase van het project is nu echt aanstaande. Momenteel bevindt de opgave Middengebied zich in de voorbereidingsfase. In deze fase zal de gemeente onder andere starten met de civieltechnische voorbereidingen en werken we aan de verwerving van gronden in het plangebied. Naar verwachting wordt er in 2027 gestart met het civiele werk en in 2028 met de bouw. De organisatie Zuidplas groeit de komende jaren flink in inwoneraantal en daarmee ook in het aantal collega’s in de organisatie. We staan voor uitdagende opgaven en passen onze werkwijze aan de vragen vanuit de samenleving aan. Om aan te sluiten op die ontwikkelingen is op interactieve manier een concernplan Zuidplas Groeit! en veranderplan gemaakt, inclusief een nieuwe organisatievisie voor Zuidplas. De organisatieontwikkeling heeft als stip op de horizon de hoofdopgaven: Opgavegericht, Zelf organiserend, Slagvaardig en Wendbaar en is nog in volle gang. Je komt te werken binnen de aantrekkelijke en innovatieve groeigemeente Zuidplas en gaat aan de slag bij het cluster Beheer Openbare Ruimte (BOR) en voor de Opgave Middengebied. Hier is veel ruimte om mee te bouwen aan de organisatie zelf door ruimte voor eigen initiatief en ideeën op het gebied van projectmatig creëren, door te werken met nieuwe technieken en moderne opdrachtgever-opdrachtnemer aanpak. Je opdrachtgever is voor een groot deel de Opgavemanager Middengebied, die integraal verantwoordelijk is voor de ontwikkeling van het Middengebied in breedste zin, en de clustermanager van afdeling BOR van de gemeente Zuidplas. Wat ga je doen als GIS Specialist? Je werkt straks voor 2 interne opdrachtgevers, namelijk Opgave Middengebied Zuidplaspolder en afdeling Beheer Openbare Ruimte. Bij beide genoemde onderdelen van de gemeente Zuidplas ga je aan de slag met de beschikbare en te genereren data en uiteenlopende vormen van analyse, weergave en informatievoorziening. Binnen de Opgave Middengebied Zuidplaspolder ga je werken met de verschillende projectleiders en adviseurs. Daarin ga je aan de slag om de beschikbare informatie te verzamelen en stroomlijnen zodat deze op een eenvoudige wijze te benaderen is en blijft gedurende de ontwikkeling van het dorp en de perioden erna. Daarnaast adviseer je de projectleiders en andere betrokkenen over de verschillende assets en de mogelijke conflicten tussen onderdelen van de ontwikkeling. In hoofdlijn wordt je gevoed door uiteenlopende basis-, onderzoeks- technische- en ontwerpinformatie en gevraagd om die te verwerken, verbanden te leggen en het projectteam te ondersteunen met weergaven. In hoofdlijn zul je 12-16u per week aan de slag zijn voor algemene vragen en uitwerking en ongeveer 8 u per week met planeconomische vraagstukken, beiden voor de ontwikkeling van het nieuwe dorp Cortelande. De inzet voor de opgave Middengebied Zuidplaspolder wordt hiermee geschat op ca. 20 uur per week. Binnen het cluster Beheer Openbare Ruimte van de gemeente Zuidplas werk je samen met andere adviseurs, projectleiders, andere dataengineers en beheerders. Je inzet van 16 uur per week wordt voornamelijk ingezet om de nieuwste ontwikkelingen op het gebied van databeheer. Je bent dan de vertaler van de ontwikkeling richting het beheer van de gemeente. Je bent de adviseur van de asset beheerder. De inhoudelijke uitwerkingspunten bevatten onder andere: Je werkt onder andere met software als Arcgis, GIS, Geoweb en FME. Beheren, actualiseren en analyseren van geografische en ruimtelijke datasets. Uitvoeren van ruimtelijke analyses en vertalen van resultaten naar bruikbare inzichten en adviezen. Ontwikkelen, beheren en optimaliseren van digitale kaarten, dashboards, storymaps en andere geo-informatieproducten. Adviseren van projectleiders en collega's over de mogelijkheden en toepassing van geo-informatie en GIS. Vertalen van organisatie- en klantvragen naar praktische GIS-oplossingen. Ondersteunen van projecten met geografische data, ruimtelijke analyses en visualisaties. Waarborgen en verbeteren van de kwaliteit, consistentie en betrouwbaarheid van geo-informatie en GIS-producten. Beheren van de GIS-platformen, databronnen en informatiestructuren incl het optimaliseren van de GIS-processen, databeheer en informatiestromen. Functioneel beheren van GIS-applicaties en ondersteunen van gebruikers Samenwerken met interne en externe stakeholders op het gebied van geo-informatie, data en informatiemanagement. Bijdragen aan datagedreven werken door geo-informatie toegankelijk en bruikbaar te maken voor de organisatie. Advisering en ondersteuning voor het opstellen van de kostenramingen en grondexploitatie van de gebiedsontwikkelingsopgave. Onderdeel uitmaken van het projectteam van de opgave ontwikkeling Middengebied. 2-10; sluit de aanvraag 5-10; beoordeling 15-10; eerste gesprekken 22-10; tweede ronde gesprekken Geen ZZP! Zuidplas heeft een BYOD!","[""Kennis van basisregistraties en geo-standaarden, zoals BAG, BGT, BRK en bij voorkeur IMBOR."", ""In staat om complexe vraagstukken te vertalen naar praktische en bruikbare GIS-oplossingen."", ""Ervaring met het verwerken, analyseren en visualiseren van geo-data en ruimtelijke informatie."", ""Ervaring met GIS-applicaties, bij voorkeur het ESRI-platform (ArcGIS Pro, ArcGIS Portal en aanverwante applicaties)."", ""Kennis van geo-concepten zoals co\u00f6rdinatenstelsels, projecties, geometrie\u00ebn en datamodellen."", ""Affiniteit met data-analyse, datakwaliteit en informatiemanagement."", ""Sterk analytisch vermogen en een probleemoplossende instelling."", ""Goede communicatieve- en adviesvaardigheden."", ""Goede beheersing van de Nederlandse taal in woord en geschrift."", ""Klant- en servicegericht."", ""Teamspeler die kennis deelt en collega's ondersteunt."", ""Je hebt van nature een ondernemende instelling en weet van doorpakken."", ""Feedback geven en ontvangen zie jij als een positieve manier om met elkaar te groeien."", ""Je bent van de gevraagde inzet minimaal 3 dagen per week fysiek aanwezig in het gemeentehuis of minimaal bij afspraken op de dagen maandag, woensdag en/of donderdag."", ""Kennis van geografische informatiesystemen, geo-datasets en ruimtelijke analyses."", ""HBO werk- en denkniveau, bij voorkeur in de richting Geo-informatie, Geo-ICT, Geografie, Geomatics of een vergelijkbare opleiding."", ""Je kan zelfstandig werken, je hebt een breed blikveld, je bent dienstverlenend, communicatief vaardig en je hebt een omgevingsbewuste instelling."", ""Minimaal 2 tot 5 jaar relevante werkervaring binnen het geo- of GIS-domein."", ""Ervaring met samenwerken binnen multidisciplinaire projecten en teams."", ""Leergierig en ge\u00efnteresseerd in nieuwe ontwikkelingen binnen het geo-vakgebied."", ""Flexibel en in staat om belangen van verschillende stakeholders mee te wegen.""]","[""Vertalen van organisatie- en klantvragen naar praktische GIS-oplossingen."", ""Functioneel beheren van GIS-applicaties en ondersteunen van gebruikers."", ""Samenwerken met interne en externe stakeholders op het gebied van geo-informatie, data en informatiemanagement."", ""Werken met software als Arcgis, GIS, Geoweb en FME."", ""Ontwikkelen, beheren en optimaliseren van digitale kaarten, dashboards, storymaps en andere geo-informatieproducten."", ""Adviseren van projectleiders en collega's over de mogelijkheden en toepassing van geo-informatie en GIS."", ""Ondersteunen van projecten met geografische data, ruimtelijke analyses en visualisaties."", ""Advisering en ondersteuning voor het opstellen van de kostenramingen en grondexploitatie van de gebiedsontwikkelingsopgave."", ""Onderdeel uitmaken van het projectteam van de opgave ontwikkeling Middengebied."", ""Beheren, actualiseren en analyseren van geografische en ruimtelijke datasets."", ""Uitvoeren van ruimtelijke analyses en vertalen van resultaten naar bruikbare inzichten en adviezen."", ""Waarborgen en verbeteren van de kwaliteit, consistentie en betrouwbaarheid van geo-informatie en GIS-producten."", ""Beheren van de GIS-platformen, databronnen en informatiestructuren incl het optimaliseren van de GIS-processen, databeheer en informatiestromen."", ""Bijdragen aan datagedreven werken door geo-informatie toegankelijk en bruikbaar te maken voor de organisatie.""]",open,new
senior-devops-engineer-43,Senior devops engineer,VNG,max €113 per uur,Zuid-Holland,ICT Informatievoorziening,36 uur per week,12 oktober 2026,31 december 2027,"Opdrachtomschrijving We zijn op zoek naar een ervaren Senior DevOps Engineer die graag werkt aan innovatieve technische oplossingen voor overheden en andere organisaties. Je hebt kennis van en ervaring met de publieke sector en weet complexe technische vraagstukken te vertalen naar praktische en toekomstbestendige oplossingen. Als Senior DevOps Engineer bouw, automatiseer, beheer en verbeter je het technische platform Haven+. Je beheert verschillende Haven- en Haven+-platformen en bent verantwoordelijk voor het dagelijks functioneren, de stabiliteit en de doorontwikkeling van deze stack. Een belangrijk onderdeel van je werk is het verder inrichten en toepassen van deployment pipelines volgens GitOps-principes. Daarbij draag je bij aan de ontwikkeling van Haven+ naar een modulair en flexibel platform, waarbij functionaliteiten als losse componenten kunnen worden aangeboden en volledig volgens GitOps worden beheerd. Zo zorg je ervoor dat Haven+ in de praktijk breed toepasbaar is voor verschillende typen organisaties (overheden en niet overheden). Je bent een belangrijke technische uitvoerder en sparringpartner van de Technisch Product Owner. Je zorgt ervoor dat het Haven+-platform stabiel, veilig, schaalbaar en toekomstbestendig blijft en denkt actief mee over technische verbeteringen en nieuwe mogelijkheden. We zoeken iemand met een hands-on mentaliteit en daadkracht, die niet alleen graag nadenkt over oplossingen, maar ze ook daadwerkelijk realiseert. Je bent communicatief sterk, werkt graag samen en kunt technische onderwerpen helder uitleggen aan verschillende stakeholders. Meer weten over waar we nu staan met Haven+? Bekijk de mijlpalen en ontwikkeling van Haven+. Werkzaamheden en verantwoordelijkheden Als Senior DevOps Engineer ben je de drijvende technische kracht achter het behalen van de doelstellingen van het programma Common Ground. Je bent verantwoordelijk voor de architectuur, onderbouwing, inrichting, doorontwikkeling en het onderhoud van de volledige lifecycle van de Haven+-componenten en de verschillende clusters waarop deze worden gebruikt. Je houdt de technische doelstellingen scherp voor ogen en zorgt voor de juiste randvoorwaarden om het programma optimaal te laten functioneren. Je hebt een sterke drive om continu te verbeteren en weet deze drive ook binnen de organisatie over te brengen. Met jouw proactieve houding en sterke analytische vermogen zie je kansen en weet je deze te vertalen naar concrete oplossingen. Je werkt nauw samen met de drie andere collega’s binnen het Haventeam en met verschillende overheden. Daarbij deel je actief kennis en ervaring en draag je bij aan een gezamenlijke verdere ontwikkeling van Haven+. Je weet de visie van Haven+ te vertalen naar concrete technische implementaties en zorgt ervoor dat deze in de praktijk goed toepasbaar zijn. Daarnaast draag je bij aan het accrediteren van leveranciers volgens de Haven+-standaard. Daarmee lever je een belangrijke bijdrage aan de kwaliteit, betrouwbaarheid en verdere professionalisering van het Haven+-ecosysteem. Resultaat van de opdracht Met jouw werk draag je direct bij aan onze digitale ambities en aan moderne, toekomstbestendige dienstverlening voor de overheid en gemeenten. Jouw technische expertise zorgt ervoor dat het programma Common Ground technisch optimaal kan functioneren en dat we effectief samenwerken aan één gezamenlijk doel: Common Ground realiseren voor de BV Nederland, zodat gemeenten waardevolle oplossingen kunnen bieden voor de maatschappelijke opgaven waar zij voor staan. Met een klein en gedreven team dragen we bovendien bij aan de ontwikkeling van een soevereine cloud voor de Nederlandse overheid.","[""De kandidaat is op de\u00a0in de profieltekst\u00a0genoemde datum en tijdstip beschikbaar voor een matchgesprek."", ""De kandidaat beschikt over minimaal HBO-werk en denkniveau, aantoonbaar via een\r\nafgeronde HBO opleiding of relevante functies."", ""Minimaal 5 jaar aantoonbare ervaring als DevOps engineer of SRE."", ""De kandidaat heeft aantoonbare ervaring met Kubernetes in \u00e9\u00e9n of meerdere\r\nprojecten."", ""De kandidaat heeft aantoonbare ervaring met GitOps\u2011principes, met gebruik van Flux of\r\nArgoCD aantoonbaar via projecten in het CV."", ""De kandidaat heeft aantoonbare ervaring met databases PostgreSQL in \u00e9\u00e9n of\r\nmeerdere projecten."", ""De kandidaat heeft aantoonbare ervaring met monitoring en logging met LGTM in \u00e9\u00e9n\r\nof meerdere projecten.""]","[""Geef aan of de kandidaat aantoonbare ervaring heeft met monitoring\u2011 en logging\u2011stacks.\r\n\r\nGeef voorbeelden hierin in het cv.\r\n\r\nAantoonbaar in cv.\r\n\r\n- Nee\r\n- Ja"", ""Kunt u aangeven waar uw antwoord op vraag 3.1 terug te vinden is in het CV?"", ""Kunt u aangeven waar uw antwoord op\u00a0vraag 3.5 terug te vinden is in het CV?"", ""Kunt u aangeven waar uw antwoord op\u00a0vraag 3.7 terug te vinden is in het CV?"", ""Geef aan of de kandidaat aantoonbare ervaring heeft met Haven+.\r\n\r\nAantoonbaar in cv.\r\n\r\n- Nee\r\n- Ja"", ""Geef aan of de kandidaat in bezit is van \u00e9\u00e9n of meerdere Kubernetes\u2011certificeringen.\r\n\r\nAantoonbaar in CV.\r\n\u00a0\r\n\r\n- Geen certificering\r\n- CKAD\r\n- CKA\r\n- Beide certificeringen"", ""Kunt u aangeven waar uw antwoord op\u00a0vraag 3.3\u00a0terug te vinden is in het CV?"", ""Geef aan of de kandidaat een cloud\u2011security certificering bezit, zoals CKSA of een vergelijkbare certificering.\r\n\r\nAantoonbaar in cv.\r\n\r\n- Geen certificering\r\n- 1 of meerdere certificeringen"", ""Geef aan of de kandidaat aantoonbare ervaring heeft met service meshes zoals Istio, Linkerd, of Cilium.\r\n\r\nAantoonbaar in cv.\r\n\r\n- Nee\r\n- Ja""]",open,new
senior-project-manager-it,Senior project manager (it),Stichting Geonovum,max €135 per uur,Utrecht,ICT Informatievoorziening,32 uur per week,01 november 2026,31 december 2027,"Opdrachtomschrijving Geonovum voert in opdracht van het Ministerie van Binnenlandse Zaken en Koninkrijksrelaties het programma Implementatieondersteuning en Kennisborging uit. Het programma heeft als doel het werken met data bij de bron te stimuleren en de technische interoperabiliteit tussen informatiesystemen te verbeteren. Daarbij richten we ons op randvoorwaarden voor betrouwbare en efficiënte data-uitwisseling. Dit ondersteunt bredere publieke waarden zoals transparantie, controleerbaarheid en verantwoording en draagt uiteindelijk bij aan betere dienstverlening aan burgers en bedrijven. Toepassing van het principe data bij de bron maakt het bovendien eenvoudiger om inzicht te geven in het gebruik van gegevens door de overheid, correcties bij de bron door te voeren en onnodige kopieën van data binnen de overheid te beperken. Binnen dit programma voert Geonovum verschillende activiteiten uit. Voor deze opdracht zijn met name relevant: de doorontwikkeling en het beheer van developer.overheid.nl; het versterken en verder ontwikkelen van de community rond het Kennisplatform API’s; het bieden van implementatieondersteuning en advies aan verschillende overheidsorganisaties; het bevorderen van de adoptie en toepassing van standaarden, onder meer in opdracht van Forum Standaardisatie. De project manager is verantwoordelijk voor de samenhang, aansturing en voortgang van de projecten binnen het programma en stemt hierover af met opdrachtgevers en andere betrokken stakeholders. De werkzaamheden omvatten onder meer: projectmanagement, waaronder coördinatie, communicatie, financiën, voortgangsbewaking en verantwoording; aansturing en coördinatie van de projecten binnen Implementatieondersteuning en Kennisborging; zorgdragen voor de overheidsbrede positionering en adoptie van het principe Data bij de Bron; het om beheer krijgen van developer.overheid.nl; verbinden van betrokken overheidsorganisaties, programma’s en andere stakeholders; organiseren en faciliteren van bijeenkomsten en kennissessies; regie voeren op de totstandkoming en toepassing van rijks- en overheidsbrede standaarden, specificaties, best practices en afspraken; verbinden van belangen en activiteiten van individuele organisaties met bredere rijks- en overheidsbrede doelstellingen. Daarnaast wordt de project manager ingezet voor activiteiten van het programma DSFL (Dataspace Fysieke Leefomgeving), in opdracht van het beleidsterrein VRO. Daarbij ligt de nadruk op de regie en coördinatie van publiek-private testbeds binnen DSFL, waaronder het uitwerken van usecases, het verbinden en betrekken van publieke en private partijen, het organiseren en begeleiden van de uitvoering en het vertalen van de opgedane inzichten naar lessen en aanbevelingen voor de verdere ontwikkeling van DSFL. Wij zoeken een ervaren project manager die: projecten aanstuurt en zorgt voor samenhang, planning, voortgang en resultaat; sterk is in regie, coördinatie en stakeholdermanagement; publieke en private partijen en verschillende belangen weet te verbinden; verantwoordelijk is voor communicatie, financiën, voortgangsbewaking en verantwoording; bijeenkomsten en kennissessies kan organiseren en faciliteren; regie kan voeren op de ontwikkeling, toepassing en adoptie van standaarden en afspraken; flexibel inzetbaar is op diverse projecten en programma’s binnen Geonovum.","[""Opdracht Omschrijving\r\nInschrijver heeft kennis genomen van de opdracht omschrijving zoals beschreven in hoofdstuk 3 en begrijpt de aanvraag en gezochte inhuur voor bereiken van het resultaat en bezit competenties op gewenst niveau."", ""Kandidaat is beschikbaar voor Verificatie-/Matchgesprek op 5/6 oktober 2026."", ""Eisen\r\n\r\n\r\n\tMinimaal 5 jaar aantoonbare ervaring als ICT project manager;\r\n\tMinimaal 4 jaar kennis en ervaring m.b.t. adoptie en positionering van (kennis)producten (aantoonbaar via relevante werkervaring);\r\n\tMinimaal 4 jaar aantoonbare ervaring binnen de (Rijks)overheid;\r\n\tGoede communicatieve vaardigheden (mondeling en schriftelijk, zowel op bestuurlijk als op medewerkers niveau) en organisatiesensitiviteit (aantoonbaar via publieke rapporten en/of referentie)\r\n\tMinimaal 1 jaar ervaring met API-technologie;\r\n\tAantoonbare kennis en ervaring van Dataspace Fysieke Leefomgeving (DSFL);\r\n\tVerklaring omtrent Gedrag (bij gunning opdracht);\r\n\tMaximaal uurtarief voor de initi\u00eble periode van \u20ac 135,- per uur exclusief btw en inclusief alle bijkomende kosten.""]","[""Aantoonbare Kennis en ervaring op gebied van het organiseren van totstandkoming en adoptie van (ICT) standaarden binnen de overheid.\r\n\r\nBeschrijf duidelijk de mate van ervaring/omvang en motiveer/beschrijf dit zo goed mogelijk. Een concrete verwijzing naar onderdelen van het cv kunnen dit ondersteunen. Een oppervlakkige verwijzing naar het cv volstaat niet. De inschrijvingen worden ten opzichte van elkaar gewogen en gewaardeerd, de aanvullende motivatie/beschrijving bij de wensen is hierbij leidend."", ""Ervaring met publiek-private testbeds.\r\n\r\nBeschrijf duidelijk de mate van ervaring/omvang en motiveer/beschrijf dit zo goed mogelijk. Een concrete verwijzing naar onderdelen van het cv kunnen dit ondersteunen. Een oppervlakkige verwijzing naar het cv volstaat niet. De inschrijvingen worden ten opzichte van elkaar gewogen en gewaardeerd, de aanvullende motivatie/beschrijving bij de wensen is hierbij leidend."", ""Relevant netwerk binnen de e-overheid bij projecten als Federatief Datastelsel, IBDS, Digilab en organisaties als VNG-realisatie, Kadaster, het Ministerie van BZK en het beleidsterrein VRO .\r\n\r\nBeschrijf duidelijk de mate van ervaring/omvang en motiveer/beschrijf dit zo goed mogelijk. Een concrete verwijzing naar onderdelen van het cv kunnen dit ondersteunen. Een oppervlakkige verwijzing naar het cv volstaat niet. De inschrijvingen worden ten opzichte van elkaar gewogen en gewaardeerd, de aanvullende motivatie/beschrijving bij de wensen is hierbij leidend."", ""Aantoonbare kennis en ervaring met het programmatisch organiseren en begeleiden van innovatie- en testomgevingen rond federatieve gegevensuitwisseling en interoperabiliteit, waarbij meerdere organisaties en stakeholders worden verbonden.\r\n\r\nBeschrijf duidelijk de mate van ervaring/omvang en motiveer/beschrijf dit zo goed mogelijk. Een concrete verwijzing naar onderdelen van het cv kunnen dit ondersteunen. Een oppervlakkige verwijzing naar het cv volstaat niet. De inschrijvingen worden ten opzichte van elkaar gewogen en gewaardeerd, de aanvullende motivatie/beschrijving bij de wensen is hierbij leidend."", ""Startdatum opdracht\r\nGeonovum verwacht op 1 november 2026 te starten en dat de kandidaat vanaf die datum voor het gewenste gemiddelde aantal uren per week beschikbaar zal zijn. Geef hieronder aan per wanneer kandidaat beschikbaar is.\r\n\u00a0\r\n\r\n- Kandidaat is per 1 november 2026 beschikbaar.\r\n- Kandidaat is eerder dan 1 november 2026 beschikbaar in overleg.\r\n- Kandidaat is vanaf week 46 pas beschikbaar in overleg\r\n- Kandidaat is vanaf week 47 pas beschikbaar in overleg\r\n- Kandidaat is vanaf week 48 pas beschikbaar in overleg\r\n- Kandidaat is vanaf week 49 pas beschikbaar in overleg""]",open,new
specialist-detection-engineering-2,Specialist detection engineering,Ministerie van Defensie,,Utrecht,ICT Informatievoorziening,32 uur per week,01 december 2026,30 november 2027,"Opdrachtomschrijving Er dienen diverse doelstellingen bereikt te worden met deze specialistische opdracht. Het gaat met nadruk om het ontwikkelen van specifieke doelen die niet de traditionele detection engineering activiteiten betreffen. Het opzetten van continue en automatisch testen van nieuwe en bestaande SIEM detectie regels vanuit functioneel oogpunt (detectielogica). Hierbij dient de kandidaat een leidende rol te hebben in dit project. Hierbij is kennisoverdracht en het team hierin ondersteunen een belangrijk onderdeel. De vaardigheid om met het DevOps team te kunnen samenwerken en afstemmen op technisch vlak is vereist. Gedegen ervaring met automatisch functioneel testen van SIEM detectieregels is vereist. Verder door ontwikkelen en borgen van automatische exceptie review voor SIEM detectie regels. Dit is nauw gerelateerd aan life cycle management van detectie regels. Hierbij is kennisoverdracht en het team hierin ondersteunen een belangrijk onderdeel. De vaardigheid om met het DevOps team te kunnen samenwerken en afstemmen op technisch vlak is vereist. Dit punt gaat dus niet om nieuwe exceptie verzoeken evalueren en eventueel doorvoeren. Zeer pro-actief ondersteunen bij het bedenken, maken en bijhouden van SIEM detectie regels. Hierbij is gedegen praktische ervaring vanut eigen red teaming ervaring zeer gewenst. De focus van de kandidaat dient hierbij te liggen op verbetering van detectie van geavanceerde dreigingen. Hiertoe is ook aantoonbare ervaring met detection engineering vereist. Wederom is kennisoverdracht naar het team en analisten van belang, en lichten aan andere detection engineers en analisten is vereist. Ondersteunen bij het verder (automatisch) integreren van threat intel in detectie regels, hierbij ook sterk lettende op de houdbaarheid van de intel. Aantoonbare en relevante (ruime) werkervaring hiermee is vereist. Opdrachtnemer dient in staat te zijn zelfstandig technisch en procedureel te kunnen werken met de CTI specialisten van de afdeling. Dit heeft een duidelijke koppeling met punt 3. Bijdragen aan het inwerken van nieuwe collega's dmv instructie geven, lesgeven en vergelijkbare vormen komt hierbij kijken. Aantoonbare ervaring hierin is gewenst. Voor bovenstaande geldt dat de opdrachtnemer aantoonbaar ruime ervaring heeft op technisch cybersecurity gebied. Specifiek op het gebied van log analyse, detection engineering, MITRE ATT&CK, red teaming, purple teaming, gitlab automatisering en scripting (python). Naast deze vaardigheden wordt een gedegen kijk op cybersecurity risico's zeer op waarde geschat. Achtergrond opdracht De opdracht wordt uitgevoerd bij het team Detection Engineering van het Defensie Cyber Security Centrum. De primaire taak is het ontwikkelen, maken en bijhouden van endpoint en SIEM detectie regels. Om dit alles in de toekomst beheersbaar te houden is een volgende stap in automatisering en (continue) testen vereist. Deze automatisering is niet alleen technisch ingestoken maar een kritische blik op de huidige manier van werken en dat omzetten in daadwerkelijke ondersteuning bij het effectiever maken van de werkzaamheden is eveneens vereist. De verwachting is dat de opdrachtnemer zich gedraagt als een onderdeel van het team en zal door DCSC ook zo gepositioneerd worden. Opdrachtnemer dient zich te kunnen inleven en (deels) aanpassen aan team/afdeling processen en procedures. Onderdeel hiervan is het kunnen toelichten van denkwijzes en technische aspecten van het werk. Generieke beschrijving competentie gebied en niveau's Duidelijke creatieve oplossingen voor het leveren van nieuwe concepten, ideeÃ«n, producten of diensten. Zet een nieuw en open denken in om de exploitatie van technologische vooruitgang te overwegen om te voldoen aan de behoeften van het bedrijf / de samenleving of onderzoeksrichting. Samenvattende opgave en missie Garandeert de implementatie van het informatiebeveiligingsbeleid van de organisatie door het veilige en juiste gebruik van ICT-middelen. Definieert, stelt en implementeert noodzakelijke informatiebeveiligingstechnieken en -praktijken in overeenstemming met normen en procedures voor informatiebeveiliging. Draagt bij aan beveiligingspraktijken, bewustzijn en naleving door advies, ondersteuning, informatie en training. Taken Evalueer informatiebeveiligingsrisico's, bedreigingen en consequenties en neem passende maatregelen Zorg voor training en voorlichting over informatiebeveiliging Technische validatie van beveiligingshulpmiddelen bieden, geschikte hulpmiddelen implementeren, configureren en beheren Bijdragen aan de definitie van en actief bevorderen van normen en procedures voor informatiebeveiliging in de IT- en ITgebruikersgemeenschappen Identificeer en herstel beveiligingskwetsbaarheden Monitor beveiligingsontwikkelingen om de blijvende efficiëntie en effectiviteit van informatiebeveiligingsprocessen en -controles te waarborgen Evalueer proactief nieuwe bedreigingen en neem potentiële informatiebeveiligingsincidenten tegen Implementeert beveiligingstechnieken op alle of een deel van een applicatie, proces, netwerk of systeem binnen het verantwoordelijkheidsdomein Hybride werken: Ja Frequentie aantal dagen thuiswerken: 2 dagen Consignatiediensten: Nee","[""Kandidaat beschikt over (relevante) ervaring in/met een SOC, gepositioneerd in omgevingen met gerubriceerde informatie, grote hoeveelheden logdata en zeer divers IT landschap."", ""Kandidaat beschikt over (relevante) ervaring in/met het MagMa framework, theoretisch en/of praktisch."", ""Kandidaat beschikt over (relevante) ervaring in/met Siriusblue, theoretisch en/of praktisch."", ""Kandidaat beschikt over aantoonbare ervaring van minimaal een jaar met het automatiseren van detectieregel testing."", ""Kandidaat beschikt over aantoonbare ervaring van minimaal drie jaar met offensieve security (bezit van OSCP-certificaat of vergelijkbaar is onderdeel hiervan)."", ""Kandidaat heeft minimaal 4 jaar aantoonbare werkervaring met het gekozen eCF profiel soortelijke functie.""]","[""Kandidaat heeft ervaring met instructie/les geven (een grote pr\u00e9). Dit dient o.a. ter scholing van enkele junior detectie engineers en collega's van de afdeling.""]",open,new
legal-knowledge-engineer-1,Legal knowledge engineer,Omgevingsdienst Noordzeekanaalgebied,max €110 per uur,Noord-Holland,ICT Informatievoorziening,36 uur per week,15 september 2026,31 december 2026,"Legal Knowledge Engineer (Wet- en Regelanalyse) Wil jij bouwen aan de toekomst van wetgeving, data en AI? Ben jij een analytische professional met affiniteit voor wet- en regelgeving én digitalisering? Kom werken bij de Omgevingsdienst Noordzeekanaalgebied en help mee aan de ontwikkeling van een centrale kennisbasis waarmee wetgeving niet alleen door mensen, maar ook door AI-systemen kan worden geïnterpreteerd en toegepast. Dit ga je doen Als Legal Knowledge Engineer speel je een sleutelrol in de verdere ontwikkeling van AI-oplossingen binnen de Omgevingsdienst. Je analyseert wet- en regelgeving en vertaalt complexe juridische teksten naar gestructureerde gegevensmodellen die kunnen worden gebruikt voor AI-toepassingen, beslisondersteuning en toekomstige automatiseringen. Je brengt voorwaarden, definities, verplichtingen en uitzonderingen in kaart en legt deze vast in een centrale kennisbasis. Daarbij modelleer je beslisregels en kennisstructuren en identificeer je relaties tussen artikelen, definities en voorschriften. Het doel is om wetgeving machine-leesbaar, herbruikbaar en eenvoudig onderhoudbaar te maken. Daarnaast werk je nauw samen met juristen, vergunningverleners, toezichthouders en ontwikkelaars om interpretaties af te stemmen en ervoor te zorgen dat juridische kennis correct wordt vertaald naar digitale toepassingen. Je werkzaamheden bestaan onder andere uit: •    Analyseren van wet- en regelgeving binnen het fysieke domein; •    Vertalen van juridische teksten naar gestructureerde gegevensmodellen; •    Vastleggen van voorwaarden, uitzonderingen, definities en verplichtingen in een database; •    Modelleren van beslisregels, beslisbomen en kennisstructuren; •    Identificeren van relaties tussen wetartikelen, definities en voorschriften; •    Opzetten van datasets voor AI-toepassingen en kennisgedreven automatisering; •    Afstemmen van juridische interpretaties met inhoudelijke experts; •    Bijdragen aan de ontwikkeling van een centrale kennisbasis voor wet- en regelgeving. Hier ga je werken De Omgevingsdienst Noordzeekanaalgebied (OD NZKG) werkt aan een veilige, gezonde en duurzame leefomgeving in een regio waar industrie, infrastructuur, woningbouw en natuur samenkomen. Binnen het AI-team ontwikkelen we innovatieve oplossingen die vergunningverlening, toezicht en handhaving ondersteunen met behulp van data en kunstmatige intelligentie. Om deze toepassingen verder uit te bouwen, werken we aan een centrale kennisbasis waarin wet- en regelgeving op een gestructureerde en herbruikbare manier wordt vastgelegd. Je komt terecht in een multidisciplinair team waarin juridische expertise, data en technologie samenkomen. Hier krijg je de kans om mee te bouwen aan innovatieve oplossingen die de uitvoering van publieke taken slimmer en efficiënter maken. Dit ben jij Je bent een analytische en nauwkeurige professional die complexe regelgeving snel weet te doorgronden en te vertalen naar logische en gestructureerde gegevensmodellen. Je legt gemakkelijk verbanden tussen verschillende wettelijke kaders en vindt het interessant om juridische kennis toepasbaar te maken voor digitale systemen. Je bent daarnaast: •    Analytisch sterk en in staat complexe wetgeving terug te brengen tot heldere structuren; •    Nauwkeurig en zorgvuldig, met oog voor detail; •    Nieuwsgierig en innovatief, je ziet kansen om juridische kennis slimmer toegankelijk te maken; •    Samenwerkingsgericht, je werkt prettig samen met juristen, inhoudelijke experts en ontwikkelaars; •    Communicatief vaardig, je kunt complexe juridische vraagstukken helder uitleggen. Kennis van de Omgevingswet en aanverwante regelgeving is een pré. Ook ervaring binnen een overheidsorganisatie of uitvoeringsorganisatie is een plus Verder - Deze functie is niet geschikt voor zelfstandigen, doorleen zelfstandigen niet toegestaan. - Het aantal uren is 24 tm 36 uur per week.","[""Affiniteit met kennismodellen, beslisbomen en regelmodellen"", ""Affiniteit met datamodellering en databases"", ""Ervaring met het structureren en modelleren van informatie"", ""Begrip van de mogelijkheden van AI en kennisgedreven automatisering."", ""Aantoonbare ervaring met het analyseren van wet- en regelgeving"", ""Ervaring met het interpreteren van complexe juridische teksten"", ""Hbo- of wo-werk- en denkniveau""]","[""Kennis van de Omgevingswet en aanverwante regelgeving"", ""Ervaring binnen een overheidsorganisatie of uitvoeringsorganisatie""]",open,new
solution-architect-asset-management,Solution architect asset management,Gemeente Amsterdam,max €134 per uur,Noord-Holland,ICT Informatievoorziening,36 uur per week,01 december 2026,01 december 2027,"Opdrachtomschrijving In het kader van de aansluiting van werkwijzen en processen op IT is er een groeiende behoefte aan een integrale en kaderstellende architectuur voor Asset Management binnen het Fysieke domein. Naar aanleiding van de roadmaps die binnen de verschillende Asset Teams binnen V&OR zijn samengesteld en het ombouwen van het Programma Regie op IV naar een staande organisatie Proces en Informatie Management voor Asset Management (PIM-AM) is er een zeer sterke behoefte om binnen architectuur te gaan werken. Dat gaat helpen om verbetering te brengen in : ·         afwegingskader/besluitvorming rond vervangingsopgaven; ·         datakwaliteit en daarmee effectiever werkproces; ·         aansluiting van IT-behoeften op de werkwijze; ·         impact bepaling van IT-wijzigingen op werkprocessen; ·         duidelijkheid bij werknemers over reikwijdte van hun rol. Werkzaamheden - Afstemmen met en doorgronden van de belanghebbenden in de beheerketen; - Doorgronden en (door)ontwikkelen van de Architectuur Assetmanagement over de hele levenscyclus: van planvorming (nieuwbouw, herinrichting, vervanging) en definitie (OTL/objectdefinitie en projectregistratie), via programmeren, naar beheer (GISIB, tDMS) en uitfasering; - Onderzoeken en verankeren van bestaande en toekomstige standaarden (o.a. IMBOR, NEN, IMGeo, BIM/ISO 19650), in afstemming met de data-adviseur van PIM-AM; - Beschrijven van de relatie tussen werkprocessen, informatiestromen en het applicatie- en datalandschap, in samenwerking met de business-/informatieanalist; - Voorbereiden van en adviseren over besluitvorming, en presenteren richting PIM-AM, clusterarchitectuur en de asset-teams; - Vastleggen van de architectuur in de (cluster)architectuur-repository en bewaken van de conformiteit van solution- en projectarchitecturen aan de domeinarchitectuur; - Bewaken van de voortgang van het eigen architectuurwerk; de architect adviseert en toetst, maar voert niet uit en is niet verantwoordelijk voor de operatie. Gemeentelijke organisatie De gemeentelijke organisatie bestaat uit 5 clusters, een bestuurs- en concernstaf, 7 stadsdelen en 1 stadsgebied. De stadsdelen besturen samen met de gemeenteraad, burgemeester en wethouders de stad Amsterdam. De 5 clusters zijn: Ruimte en Economie, Sociaal, Stadbeheer, Bedrijfsvoering, Digitalisering, Innovatie en Informatie. De clusters hebben expertise op een specifiek terrein, zoals sport, jeugd of parkeren. Zij werken beleid uit tot stadsbrede kaders waarbinnen de stadsdelen het uitvoerende werk kunnen doen. Ook bieden zij directe ondersteuning aan bewoners die dit nodig hebben, bijvoorbeeld op het gebied van participatie of werk. De stadsdelen houden zich onder andere bezig met de inrichting van straten en pleinen, groen en parken en welzijnswerk in de buurt. Ze zorgen ervoor dat wat ze doen, past bij de behoeften in hun stadsdeel en bij het beleid voor de hele stad. Meer informatie over de gemeentelijke organisatie is te vinden op: https://www.amsterdam.nl/. De directie Digitale Strategie en Informatie (DSI) draagt zorg voor een integrale, samenhangende digitale strategie van de gemeente. De directie is het ‘kaderstellend en richtinggevend orgaan’ van het cluster Dienstverlening, Innovatie en Informatie (DII). Werken onder architectuur, informatiebeveiliging, gegevensbescherming (privacy) en informatiebeheer zijn de belangrijkste elementen binnen de samenhangende digitale strategie van de gemeente. De directie is richtinggevend vanuit de strategie en geeft praktische kaders mee aan de rest van de organisatie en daarbuiten. Hierbij zoeken we de samenwerking op met zowel interne als externe stakeholders, en waar nodig de lobby richting het Rijk en de EU. Om vertrouwen (van BOB) in digitalisering te hebben en te behouden, gaan we als gemeente zorgvuldig om met data en technologie. Daarover zijn we ook open, en maken steeds meer informatie voor iedereen toegankelijk om de gewenste transparantie te bieden aan de Amsterdammers, zoals die vereist is in de Wet Open Overheid (Woo). Bijvoorbeeld welke algoritmen we gebruiken, en vooral ook waarom we dat doen. Transparantie over ons handelen is essentieel voor vertrouwen van de Amsterdammer in de overheid.","[""Referentie\r\n\r\nU dient minimaal 1 relevante referentie op te geven van de aangeboden kandidaat.\r\n\r\n\r\nVul in:\r\n\u2022\u00a0 \u00a0 Organisatie\r\n\u2022\u00a0 \u00a0 Naam contactpersoon\r\n\u2022\u00a0 \u00a0 Telefoonnummer contactpersoon.\r\n\r\nNa afstemming met kandidaat en na het gesprek kan de opdrachtgever besluiten om in contact te treden met de referentie.\u00a0\r\nOm de objectiviteit van de referentie te waarborgen, mag de organisatie die een offerte indient zichzelf of een medewerker niet als referent opgeven.\r\n\r\n\r\nLet op! De referent dient op de hoogte te zijn."", ""Eis - Draaideurconstructie\r\nIs de aangeboden kandidaat in de afgelopen 2 jaar in loondienst geweest bij de gemeente Amsterdam?\r\n\r\nLet op antwoordmogelijkheden:\r\nNee, kandidaat is in de afgelopen 2 jaar niet in loondienst geweest bij de gemeente Amsterdam.\r\nJa, kandidaat is in de afgelopen 2 jaar wel in loondienst geweest bij de gemeente Amsterdam. (KO)"", ""Eis - CV toevoegen\r\nU voegt het cv toe van de kandidaat. Het cv is opgesteld in het Nederlands en is maximaal 5 A4 groot.\r\nAls een cv meer dan 5 A4 omvat worden alleen de eerste 5 A4 meegenomen in de beoordeling.\r\nHet cv dient enkel en alleen ter verificatie van de bij de eisen en wensen gegeven antwoorden.\r\nAls het cv niet overeenkomt met de door u gegeven antwoorden kan de gemeente Amsterdam besluiten uw offerte terzijde te leggen."", ""Eis - Werk- en denkniveau\r\nDe aangeboden kandidaat beschikt minimaal over een WO werk- en denkniveau.\r\n\r\nDit dient duidelijk te blijken uit het cv."", ""Eis - Toevoegen motivatie\r\nGeef in maximaal 1 A4 aan waarom uw kandidaat de meest geschikte is voor deze opdracht.\r\n\r\nUw motivatie zal worden besproken tijdens het interview, indien de kandidaat hiervoor wordt uitgenodigd."", ""Eis - Werkervaring\r\nDe aangeboden kandidaat heeft\u00a0aantoonbare\u00a0kennis en ervaring van geo-informatie en geometrische/ruimtelijke datakwaliteit.\r\n\r\nDit dient duidelijk te blijken uit het cv."", ""Eis - Werkervaring\r\nDe aangeboden kandidaat heeft minimaal 4 jaar aantoonbare ervaring in het fysieke domein/beheer openbare ruimte gedurende de afgelopen 6 jaar opgedaan.\r\n\r\nDit dient duidelijk te blijken uit het cv."", ""Eis - Verificatie kennis\r\nVerificatie van de kennis van de kandidaat."", ""Eis - Verificatie Ervaring\r\nVerificatie van de ervaring van de kandidaat."", ""Eis - Werkervaring\r\nDe aangeboden kandidaat heeft minimaal 5 jaar aantoonbare ervaring als ICT-domein- en/of solution-architect, waarvan minimaal 3 jaar in het fysieke domein (beheer van de openbare ruimte, infrastructuur, civiel of vergelijkbaar).\r\n\r\nDit dient duidelijk te blijken uit het cv."", ""Referentie\r\n\r\nU dient minimaal 1 relevante referentie op te geven van de aangeboden kandidaat.\r\n\r\n\r\nVul in:\r\n\u2022\u00a0 \u00a0 Organisatie\r\n\u2022\u00a0 \u00a0 Naam contactpersoon\r\n\u2022\u00a0 \u00a0 Telefoonnummer contactpersoon.\r\n\r\nNa afstemming met kandidaat en na het gesprek kan de opdrachtgever besluiten om in contact te treden met de referentie.\u00a0\r\nOm de objectiviteit van de referentie te waarborgen, mag de organisatie die een offerte indient zichzelf of een medewerker niet als referent opgeven.\r\n\r\n\r\nLet op! De referent dient op de hoogte te zijn.""]","[""Wens - Werkervaring\r\nDe aangeboden kandidaat heeft\u00a0aantoonbare kennis van de relevante standaarden in het fysieke domein, waaronder:\r\nIMBOR;\r\nNEN, waaronder NEN 2767 voor conditiemeting;\r\nIMGeo/BGT;\r\nBIM/ISO 19650;\r\nAffiniteit met een Object Type Library (OTL).\r\n\r\nDaarnaast heeft de kandidaat aantoonbare kennis van\u00a0datamodellering en Linked Data.\r\n\r\n\r\nDit dient duidelijk te blijken uit het cv."", ""Wens - Werkervaring\r\nDe aangeboden kandidaat heeft in de afgelopen 5 jaar minimaal 3 jaar aantoonbare werkervaring binnen een overheidsorganisatie opgedaan.\r\n\r\nDit dient duidelijk te blijken uit het cv."", ""Wens - Werkervaring\r\nDe aangeboden kandidaat heeft\u00a0aantoonbare kennis van geo-informatie en geometrische/ruimtelijke datakwaliteit.\r\nDaarnaast heeft de kandidaat aantoonbare kennis van:\r\ngeo-architectuur;\r\nruimtelijke datakwaliteit;\r\nGIS-/asset-beheersystemen, zoals GISIB;\r\nde positie van een\u00a0centraal objectenregister in het applicatielandschap.\r\n\r\nDaarnaast heeft de kandidaat aantoonbare kennis van\u00a0datamodellering en Linked Data.\r\n\r\nDit dient duidelijk te blijken uit het cv."", ""Wens - Werkervaring\r\nDe aangeboden kandidaat heeft aantoonbare ervaring met domein- en solution-architectuur, EA-frameworks (bijv. ArchiMate/TOGAF) en vastlegging in een architectuur-repository.\r\n\r\nDit dient duidelijk te blijken uit het cv."", ""Wens - Werkervaring\r\nDe aangeboden kandidaat heeft aantoonbare ervaring om een vastgestelde domeinarchitectuur te operationaliseren en de conformiteit van onderliggende oplossingen te toetsen.\r\n\r\nDit dient duidelijk te blijken uit het cv."", ""Toetsing van de competentie:\r\nOmgevingsbewustzijn:\u00a0Laat blijken goed ge\u00efnformeerd te zijn over vakinhoudelijke, organisatorische, maatschappelijke, politieke ontwikkelingen of andere omgevingsfactoren en weet deze effectief te benutten voor de eigen functie of organisatie."", ""Toetsing van de competentie:\r\nSamenwerken:\u00a0Levert een constructieve bijdrage aan een gezamenlijk resultaat, in het bijzonder aan de sfeer en de relaties binnen de groep of het team."", ""Toetsing van de competentie:\r\nRelatiebeheer:\u00a0Bouwt persoonlijke relaties op met klanten en andere contactpersonen, onderhoudt en benut ze."", ""Toetsing van de competentie:\r\nOrganisatiesensitiviteit:\u00a0Zich bewust tonen van de effecten van keuzes, besluiten en/of activiteiten op de gehele organisatie en onderdelen daarvan."", ""Toetsing van de competentie:\r\nResultaatgerichtheid:\u00a0Concrete doelen als uitgangspunt nemen voor het eigen gedrag en hieraan vasthouden totdat het doel bereikt is."", ""Toetsing van de competentie:\r\nOvertuigingskracht:\u00a0Oefent, op basis van persoonlijk overwicht, invloed uit op mensen en situaties, gericht op acceptatie en het overwinnen van weerstanden. Communiceert idee\u00ebn duidelijk en stellig."", ""Wens - Werkervaring\r\nDe aangeboden kandidaat heeft\u00a0aantoonbare, inhoudelijke kennis van assetmanagement over de hele levenscyclus, waaronder:\r\nplanvorming/definitie;\r\nprogrammeren;\r\nbeheer;\r\nuitfasering.\r\n\r\nDaarnaast heeft de kandidaat aantoonbare kennis van de\u00a0assetmanagementketen\u00a0en de\u00a0rol van informatievoorziening daarin.\r\n\r\nBekendheid met de\u00a0assetmanagement-standaarden (ISO 55000-reeks)\u00a0en met\u00a0conditiegestuurd en risicogestuurd beheer\u00a0is gewenst.\r\n\r\nDit dient duidelijk te blijken uit het cv."", ""Informatie Kandidaat\r\nWij willen de onderstaande gegevens van de door u aangeboden kandidaat\u00a0ontvangen. De gegevens worden onder andere gebruikt voor het uitnodigen van de kandidaat voor een interview en het aanvragen van de VOG indien hij/zij de functie krijgt. Let op! Het verstrekken van onjuiste en/of onvolledige informatie leidt tot vertraging. Gebruik de volledige naam van de kandidaat zoals deze in het paspoort of op de identiteitskaart staat vermeld.\u00a0\u00a0\r\n\r\nMiddels de tab 'Offerte' dient u de naam van de inschrijving te wijzigen, die bovenin wordt weergegeven. Wijzig deze naar:\u00a0Naam organisatie + naam kandidaat, zodat duidelijk is welke kandidaat het betreft. Dit kan worden gewijzigd aan de hand van het potlood icoon.\r\n\r\nIndienen extra inschrijvingen\r\nGemeente Amsterdam stelt u voor deze aanvraag in staat om maximaal 1\u00a0kandidaat aan te bieden.\r\nOm een extra offerte aan te maken klikt u op het tabblad 'Offerte'\u00a0en vervolgens rechtsonder op 'Extra offerte'.\r\n\r\nAttentie: u dient iedere inschrijving apart in te dienen. Indienen doet u door middel van de button 'Indienen'. Ter controle vraagt het systeem om uw wachtwoord.\r\n\r\nHeeft u hier vragen over dan kunt u contact opnemen met de Servicedesk van Mercell.\r\n\r\nKlik op 'Invullen' en vul aan:\r\nNaam kandidaat:\r\nTelefoonnummer kandidaat:\r\n(priv\u00e9) e-mailadres van de kandidaat:"", ""Wens - Werkervaring\r\nDe aangeboden kandidaat\u00a0herkent en onderschrijft\u00a0de volgende leidende principes:\r\n\u2018single-entry, multi-use\u2019 (SSOT);\r\n\u2018organiseren v\u00f3\u00f3r automatiseren\u2019;\r\ndata in eigendom en beheer van de gemeente.\r\n\r\nDit dient duidelijk te blijken uit het cv.""]",open,new
bewonersbegeleider-8,Bewonersbegeleider,gemeente Eemsdelta,max €90 per uur,Groningen,ICT Informatievoorziening,24 uur per week,01 november 2026,31 oktober 2029,"Over de gemeente Eemsdelta Als gemeente Eemsdelta zijn wij een aantrekkelijke gemeente voor inwoners, bedrijven, bezoekers én medewerkers. In onze gemeente vind je de Waddenkust, weidse cultuurlandschappen en karakteristieke dorpen met middeleeuwse kerkjes. Maar ook dynamische havens en innovatieve bedrijvigheid. Het is een gemeente waar we nuchter zijn, naar elkaar omkijken en samen de handen uit de mouwen steken met onze vertrouwde kwaliteiten! Ook in Eemsdelta zien we dat de samenleving in een hoog tempo verandert. Mede door de digitalisering organiseren inwoners zich gemakkelijker en sneller, maar ook de opgaven die op ons afkomen vragen om een andere manier van werken én we kunnen het niet langer alleen. We willen vooral een gemeente zijn (en blijven) die dichtbij de inwoners, ondernemers en partners staat. We willen weten wat er leeft, wat er nodig is en hoe we ervoor kunnen zorgen dat ons gebied zich ontwikkelt en dat de leefbaarheid groot is. Eemsdelta dichtbij! Algemene informatie Als gevolg van de aardbevingen door de gaswinning staat de gemeente Eemsdelta voor een omvangrijke versterkingsopgave. Het programma Aardbevingen de Baas dat hiervoor is opgezet, is een programma met impact, waar diverse opgaven een rol spelen. Het programma houdt zich vanuit de gemeentelijke rol o.a. bezig met (nieuw)bouw en versterking, schade door gaswinning en de sociaal-maatschappelijke gevolgen, maar ook met het Nationaal Programma Groningen. In dit kader is het programma opgedeeld in meerdere programmalijnen en projecten die elk hun eigen kenmerken, opgaven en dynamiek kennen. Opdrachtomschrijving Voor een project binnen het programma Aardbevingen de Baas zijn wij op zoek naar een bewonersbegeleider. Binnen deze functie werk je in een projectgroep onder leiding van de projectleider. In jouw rol ben je het eerste aanspreekpunt voor de particuliere woningeigenaren binnen het project. Je speelt een belangrijke rol in de samenwerking en contacten met de inwoners. Je hebt een groot empathisch vermogen en je kunt inleven in de situatie van de woningeigenaren. Als bewonersbegeleider voer je één op één gesprekken met de woningeigenaren. Je plant huisbezoeken en voert gesprekken over het project, wat dit betekent voor de woningeigenaar en wat men kan verwachten in het proces. Hierin ben jij het vaste gezicht en aanspreekpunt. Je begeleidt de woningeigenaar in het gehele traject van de versterking tot en met de verhuisbeweging. Denk hierbij aan het ophalen van woonwensen, vragen en keuzes rondom nieuwbouw, subsidieaanvraag, begeleiding van het proces, etc. Interviewplanning De gesprekken staan gepland op 15-10-2026. Toelichting op rooster De opdracht wordt uitgezet voor gemiddeld 24 uur per week.","[""HBO opleiding\r\n\r\nAfgeronde HBO opleiding"", ""Minimaal 3 jaar relevante werkervaring in soortgelijke functie\r\n\r\nOp CV aantoonbaar minimaal 3 jaar relevante werkervaring in soortgelijke functie""]","[""Goede gespreksvaardigheden\r\nOp CV en/of motivatiebrief blijkende aantoonbare goede gespreksvaardigheden, goede mondelinge en schriftelijke communicatieve vaardigheden."", ""Werkervaring (minimaal 3 jaar)\r\nOp CV aantoonbaar minimaal 3 jaar relevante werkervaring in soortgelijke functie."", ""Motivatiebrief\r\n\r\n\t\t\t\t\t\tBij deze opdracht wordt om een motivatiebrief gevraagd. Deze weegt mee in de uiteindelijke beoordeling.\r\n\t\t\t\t\t\tDeze motivatiebrief wordt beoordeeld volgens de hieronder aangegeven criteria.\r\n\t\t\t\t\t\tU geeft in uw motivatiebrief aan waarom u geschikt bent voor deze opdracht. U geeft concreet aan welke ervaring u heeft als bewonersbegeleider binnen een politiek gestuurde organisatie""]",open,new
specialist-ontwikkelaar-infrastructuur-4,Specialist Ontwikkelaar Infrastructuur,Dienst Uitvoering Onderwijs (DUO),,Groningen,ICT Informatievoorziening,36 uur per week,17 augustus 2026,16 augustus 2027,"Opdrachtomschrijving Je wordt onderdeel van het IaaS-team Compute, Storage & Recovery (CSR). Het team is verantwoordelijk voor het leveren van een robuuste infrastructuur voor zowel DUO als OCW. Je werkt aan het beheren, onderhouden en ontwikkelen van de infrastructuur met focus op VMware, vSphere en VCF. Je speelt een rol in de migratie naar VCF binnen DUO en vertegenwoordigt samen met een collega het team in het ODC-N VCF-traject. Daarnaast werk je mee aan het ontwerp voor de nieuwe VCF-omgeving en vervangingsopgaven voor ESXi-hosts. Technische context Huidige omgeving: vSphere 8 met SAN op basis van IBM SVC en IBM Flashsystem (met Cisco MDS). Vervanging van ESXi-hosts (diverse generaties) en inzet van vSAN voor specifieke workloads. Opzetten van een basisconfiguratie voor VCF en afstemming met ODC-N voor landing. Achtergrond opdracht De meeste mensen kennen ons van de studiefinanciering. Maar wist je ook dat DUO in Noord-Nederland dé topspeler is als het gaat om ICT? Wij ontwikkelen en beheren honderden applicaties voor miljoenen gebruikers, en daar zitten geavanceerde en complexe infrastructuren achter. Deze infrastrucuur wordt niet alleen door de DUO geconsumeerd, sinds 2019 bieden wij deze ook aan voor het ministerie van Onderwijs, Cultuur en Wetenschap (OCW). Je komt te werken bij het IaaS team ""Compute, Storage & Recovery"" (CSR). Wij zorgen dat de onderliggende infrastructuur 24/7 op-en-top functioneert, zodat onze collega's zich kunnen richten op het leveren van applicaties en diensten. Het team bestaat uit drie onderdelen: Compute, Storage en Recovery. Over de klant: De Dienst Uitvoering Onderwijs (DUO) voor studenten en scholieren verstrekt studiefinanciering, erkent diploma's en organiseert examens. Voor verdere informatie zie www.duo.nl","[""HBO werk- en denkniveau."", ""Aantoonbare ervaring met VMware VCF-migratietrajecten (minimaal 2 jaar)."", ""Overige vereiste kennisgebied: VMware VCF."", ""Aantoonbare ervaring met op Fiber Channel gebaseerde enterprise storage-oplossingen in combinatie met VMware vSphere (minimaal 5 jaar)."", ""Aantoonbare ervaring in omgevingen gebaseerd op VMware vSphere met minimaal 2000 VM's in combinatie met vSAN (minimaal 5 jaar).""]","[""Associate- of hogere certificeringen in VMware vSphere, VMware vSAN, SAN Storage & FC-netwerken, Backup & Restore (Commvault) zijn een pre."", ""Kennis van VMware vSphere."", ""Kennis van Commvault."", ""Ervaring met het secure opleveren en onderhouden van infrastructuursystemen."", ""Kennis en ervaring met Scrum en/of Kanban."", ""Kennis van VMware VCF."", ""Kennis van Linux en Windows."", ""Kennis van VMware vSAN."", ""Kennis en ervaring in het migreren van VM's op (FC-)SAN naar VMware vSAN."", ""Kennis en ervaring in een complexe omgeving vergelijkbaar met de bij DUO aanwezige ICT-infrastructuur, informatiesystemen en hun samenhang."", ""Kennis van IBM SAN-oplossingen.""]",open,new
